key,value,definition
lamp:tilt,-90,key:ca	=	*
light:tilt,-90,llum: inclinació	=	*
elevation,-3,llum: inclinació	=	*
layer,-3,capa -3
level,-3,nivell -3
layer,-2,capa -2
level,-2,nivell -2
layer,-1,capa	=	*
oneway,-1,d'una sola mà	=	*
osmarender:nameDirection,-1,osmarender:nomDirecció	=	*
class:bicycle,-1,classe:bicicleta -1
cycleway:left:oneway,-1,via_ciclable:esquerra:sentit únic -1
level,-1,nivell -1
layer,0,capa	=	*
depth,0,capacitat: deshabilitat	=	*
frequency,0,direcció	=	*
capacity:disabled,0,edifici:min_level	=	*
building:min_level,0,edifici:nivells:subterrani	=	*
building:flats,0,elevació	=	*
gtfs_location_type,0,freqüència	=	*
isced:level,0,gtfs_ubicació_tipus	=	*
metcouncil:sun_trips,0,isced:nivell	=	*
order,0,metcouncil:sun_trips	=	*
population,0,ordenar	=	*
rednap:grupo,0,població	=	*
direction,0,profunditat	=	*
roof:levels,0,rednap:grup	=	*
addr:floor,0,adreça:pis 0
addr:housenumber,0,adreça:número de casa 0
building:levels,0,edifici:nivells 0
building:levels:underground,0,edifici:nivells:subterrani 0
ele,0,ele 0
height,0,alçada 0
it:fvg:ctrn:revision,0,it:fvg:ctrn:revisió 0
level,0,nivell 0
level:ref,0,nivell:referència 0
massgis:DCAM_ID,0,massgis:DCAM_ID 0
massgis:EOEAINVOLV,0,massgis:EOEAINVOLV 0
massgis:FY_FUNDING,0,massgis:FY_FUNDING 0
massgis:OS_DEED_BO,0,massgis:OS_DEED_BO 0
massgis:OS_DEED_PA,0,massgis:OS_DEED_PA 0
massgis:PALIS_ID,0,massgis:PALIS_ID 0
mtb:scale,0,mtb:escala 0
mtb:scale:imba,0,mtb:escala:imba 0
mtb:scale:uphill,0,mtb:escala:pujada 0
highway:category:pl,1,acoblaments	=	*
layer,1,capa	=	*
capacity:disabled,1,capacitat	=	*
circuits,1,capacitat: deshabilitat	=	*
capacity,1,caps	=	*
isced:level,1,carretera:categoria:pl	=	*
lanes:backward,1,carrils	=	*
lanes:both_ways,1,carrils: al revés	=	*
lanes:psv,1,carrils: endavant	=	*
level:ref,1,carrils: psv	=	*
lanes:forward,1,carrils:tots dos_senders	=	*
class:bicycle:mtb,1,circuits	=	*
couplings,1,classe:bicicleta:mtb	=	*
step_count,1,comptador_de_passos	=	*
teryt:rm,1,costats	=	*
oneway,1,d'una sola mà	=	*
building:levels:underground,1,edifici:base_alçada	=	*
building:ruian:type,1,edifici:min_level	=	*
building:min_level,1,edifici:nivells:subterrani	=	*
building:foundation_height,1,edifici:pisos	=	*
building:units,1,edifici:ruian:tipus	=	*
cables,1,edifici:unitats	=	*
tracks,1,empremtes	=	*
ref:drain_zone,1,ferrocarril: track_ref	=	*
railway:track_ref,1,ferrocarril:etc.	=	*
lamp:count,1,flames_de_lampada	=	*
lamp_flames,1,isced:nivell	=	*
traces,1,lavabos:num_chambers	=	*
public_transport:version,1,línies_de_passatgers	=	*
lanes,1,llum: compte	=	*
light:count,1,llum: compte	=	*
passenger_lines,1,llum: compte	=	*
maxspeed,1,màxima velocitat	=	*
admin_level,1,nivell d'administrador	=	*
levels,1,nivell: referència	=	*
osmarender:nameDirection,1,osmarender:nomDirecció	=	*
heritage,1,patrimoni	=	*
roof:height,1,ref:drenatge_zona	=	*
roof:levels,1,sostre: alçada	=	*
addr:block_number,1,sostre:nivells	=	*
sides,1,sostre:nivells	=	*
toilets:num_chambers,1,teryt:rm	=	*
railway:etcs,1,transport_públic:versió	=	*
addr:conscriptionnumber,1,adreça:número de servei militar obligatori 1
addr:neighbourhood,1,adreça: barri 1
addr:streetnumber,1,adreça:carrer number 1
addr:unit,1,adreça:unit 1
building:levels,1,edifici:nivells 1
class:bicycle,1,classe:bicicleta 1
devices,1,dispositius 1
diameter_crown,1,diàmetre_corona 1
door:wings,1,porta: ales 1
hoops,1,cèrcols 1
KSJ2:DFC,1,KSJ2:DFC 1
KSJ2:PRC,1,KSJ2:PRC 1
lanes:bus,1,carrils: bus 1
level,1,nivell 1
local_ref,1,ref_local 1
mtb:scale,1,mtb:escala 1
mtb:scale:imba,1,mtb:escala:imba 1
mtb:scale:uphill,1,mtb:escala:pujada 1
name,1,nom 1
phases,1,phases	1
ref,1,referència 1
seats,1,seients 1
socket:chademo,1,socket:chademo 1
socket:type2,1,socket:tipus2 1
socket:type2_combo,1,socket:tipus2_combo 1
width,1,width	1
heritage,2,acoblaments	=	*
circuits,2,capacitat: deshabilitat	=	*
hoops,2,carretera:categoria:pl	=	*
lanes:backward,2,carrils	=	*
lanes:forward,2,carrils: al revés	=	*
level:ref,2,carrils: endavant	=	*
isced:level,2,cèrcols	=	*
construction:railway:etcs,2,circuits	=	*
protect_class,2,classe de protecció	=	*
couplings,2,construcció:ferrocarril:etc.	=	*
socket:type2,2,costats	=	*
building:min_level,2,edifici:nivells:subterrani	=	*
building:levels:underground,2,edifici:pisos	=	*
capacity:disabled,2,edifici:ruian:tipus	=	*
roof:height,2,ferrocarril: track_ref	=	*
railway:track_ref,2,ferrocarril:etc.	=	*
highway:category:pl,2,herència	=	*
lanes,2,isced:nivell	=	*
public_transport:version,2,línies_de_passatgers	=	*
local_ref,2,llum: compte	=	*
NHD:RESOLUTION,2,local_ref	=	*
passenger_lines,2,NHD:RESOLUCIÓ	=	*
light:count,2,nivell: referència	=	*
sides,2,seients	=	*
roof:levels,2,sostre: alçada	=	*
seats,2,sostre:nivells	=	*
railway:etcs,2,transport_públic:versió	=	*
admin_level,2,admin_level 2
cables,2,cables 2
class:bicycle,2,classe:bicicleta 2
diameter_crown,2,diàmetre_corona 2
layer,2,capa 2
level,2,nivell 2
maxheight,2,alçada_màxima 2
mtb:scale,2,mtb:escala 2
mtb:scale:imba,2,mtb:escala:imba 2
mtb:scale:uphill,2,mtb:escala:pujada 2
railway:ctcs,2,ferrocarril:ctcs	2
tracks,2,vies 2
yh:WIDTH_RANK,2,yh:WIDTH_RANK	2
expected_rwn_route_relations,3,acoblaments	=	*
couplings,3,caps	=	*
lanes,3,carretera:categoria:pl	=	*
lanes:backward,3,carrils	=	*
lanes:forward,3,carrils: al revés	=	*
par,3,carrils: endavant	=	*
protect_class,3,classe de protecció	=	*
surface:grade,3,comptador_de_passos	=	*
cables,3,edifici:ruian:tipus	=	*
roof:height,3,etapes	=	*
highway:category:pl,3,herència	=	*
isced:level,3,isced:nivell	=	*
passenger_lines,3,línies_de_passatgers	=	*
phases,3,línies_de_passatgers	=	*
heritage,3,relacions_de_ruta_rwn_esperades	=	*
stars,3,seients	=	*
seats,3,sostre: alçada	=	*
building:levels:underground,3,edifici:nivells:subterrani 3
capacity:disabled,3,Capacitat: discapacitat 3
diameter_crown,3,diàmetre_corona 3
expected_lwn_route_relations,3,esperades_lwn_route_relations 3
expected_rcn_route_relations,3,esperades_rcn_route_relations 3
layer,3,capa 3
level,3,nivell 3
massgis:POLY_CODE,3,massgis:POLY_CODE 3
min_age,3,edat_mínima 3
min_height,3,alçada_mínima 3
mtb:scale,3,mtb:escala 3
mtb:scale:imba,3,mtb:escala:imba 3
mtb:scale:uphill,3,mtb:escala:pujada 3
railway:ctcs,3,ferrocarril:ctcs	3
railway:track_class,3,ferrocarril:classe_via 3
railway:track_ref,3,ferrocarril:ref_via 3
yh:WIDTH_RANK,3,yh:WIDTH_RANK	3
capital,4,capital	=	*
lanes:backward,4,carrils	=	*
lanes:forward,4,carrils: al revés	=	*
mtb:scale:uphill,4,carrils: endavant	=	*
fire_hydrant:pressure,4,edifici:pisos	=	*
lanes,4,flames_de_lampada	=	*
lamp_flames,4,herència	=	*
heritage,4,hidrant_d'incendi:pressió	=	*
isced:level,4,isced:nivell	=	*
passenger_lines,4,línies_de_passatgers	=	*
protect_class,4,línies_de_passatgers	=	*
par,4,mtb:escala:costa amunt	=	*
roof:height,4,protegir_classe	=	*
stars,4,seients	=	*
seats,4,sostre: alçada	=	*
cables,4,cables 4
diameter_crown,4,diàmetre_corona 4
generator:solar:modules,4,generador:solar:mòduls 4
level,4,nivell 4
maxheight,4,alçada_màxima 4
mtb:scale,4,mtb:escala 4
railway:track_class,4,ferrocarril:classe_via 4
railway:track_ref,4,ferrocarril:ref_via 4
yh:WIDTH_RANK,4,yh:WIDTH_RANK	4
capital,5,capital	=	*
par,5,carrils	=	*
protect_class,5,classe de protecció	=	*
fire_hydrant:pressure,5,edifici:ruian:tipus	=	*
lanes,5,hidrant_d'incendi:pressió	=	*
isced:level,5,isced:nivell	=	*
heritage,5,patrimoni	=	*
roof:height,5,sostre: alçada	=	*
seats,5,sostre: alçada	=	*
diameter_crown,5,diàmetre_corona 5
level,5,nivell 5
maxheight,5,alçada_màxima 5
maxweight,5,pes màxim 5
mtb:scale:uphill,5,mtb:escala:pujada 5
railway:track_class,5,ferrocarril:classe_via 5
STIF:zone,5,STIF: zona 5
yh:WIDTH_RANK,5,yh:WIDTH_RANK	5
capital,6,capital	=	*
generator:solar:modules,6,caps	=	*
seats,6,carrils	=	*
protect_class,6,classe de protecció	=	*
cables,6,edifici:ruian:tipus	=	*
lanes,6,generador:solar:modules	=	*
isced:level,6,isced:nivell	=	*
heritage,6,patrimoni	=	*
source:geometry:version,6,seients	=	*
diameter_crown,6,diàmetre_corona 6
maxweight,6,pes màxim 6
lanes,7,edifici:ruian:tipus	=	*
heritage,7,patrimoni	=	*
diameter_crown,7,diàmetre_corona 7
generator:solar:modules,8,capital	=	*
capital,8,edifici:ruian:tipus	=	*
heritage,8,generador:solar:modules	=	*
diameter_crown,8,diàmetre_corona 8
metre_load,8,càrrega_metres 8
addr:streetnumber,9,adreça: número de conscripció	=	*
addr:conscriptionnumber,9,comptador_de_passos	=	*
heritage,9,patrimoni	=	*
diameter_crown,9,diàmetre_corona 9
maxaxleload,10,generador:solar:modules	=	*
accuracy,10,nivell_administrador	=	*
generator:solar:modules,10,nivell_administrador	=	*
heritage,10,patrimoni	=	*
accuracy:meters,10,precisió	=	*
addr:streetnumber,10,adreça:carrer number 10
diameter_crown,10,diàmetre_corona 10
maxweight,10,pes màxim 10
protect_class,11,classe de protecció	=	*
source:zoomlevel,11,nivell_administrador	=	*
diameter_crown,11,diàmetre_corona 11
max_age,11,edat_màxima 11
generator:solar:modules,12,edifici:ruian:tipus	=	*
diameter_crown,12,diàmetre_corona 12
maxweight,12,pes màxim 12
source:zoomlevel,12,font:zoomlevel 12
protect_class,13,classe de protecció	=	*
diameter_crown,13,diàmetre_corona 13
source:zoomlevel,13,font:zoomlevel 13
massgis:WETCODE,14,edifici:ruian:tipus	=	*
diameter_crown,14,diàmetre_corona 14
generator:solar:modules,14,generador:solar:mòduls 14
source:zoomlevel,14,font:zoomlevel 14
diameter_crown,15,diàmetre_corona 15
source:zoomlevel,15,font:zoomlevel 15
generator:solar:modules,16,edifici:ruian:tipus	=	*
source:zoomlevel,16,font: zoomlevel 16
source:zoomlevel,17,font: zoomlevel 17
protect_class,19,classe de protecció	=	*
maxweight,20,pes màxim 20
protect_class,21,classe de protecció	=	*
accuracy:meters,21,edifici:ruian:tipus	=	*
accuracy:meters,22,precisió: metres	=	*
ngbe:huso,30,precisió: metres	=	*
maxspeed:advisory,30,velocitat_màxima:advertència 30
maxspeed:backward,30,velocitat_màxima:retrocés 30
maxspeed:forward,30,velocitat_màxima:avançar 30
maxspeed:backward,40,velocitat_màxima:retrocés 40
maxspeed:forward,40,velocitat_màxima:avançar 40
maxspeed:backward,50,freqüència	=	*
maxspeed:forward,50,maxspeed:cap enrere	=	*
frequency,50,ngbe: fus	=	*
maxspeed,50,velocitat_màxima 50
maxspeed:hgv,50,velocitat_màxima:camió_carretera 50
minspeed,50,velocitat_mínima 50
proposed:frequency,50,proposat:frequency	50
gnis:state_id,55,velocitat màxima: endavant	=	*
frequency,60,gnis:estat_id	=	*
maxspeed:backward,60,velocitat_màxima:retrocés 60
maxspeed:forward,60,velocitat_màxima:avançar 60
minspeed,60,velocitat_mínima 60
maxweight,64,pes màxim 64
maxspeed:backward,70,freqüència	=	*
maxspeed:bus,70,maxspeed:cap enrere	=	*
maxspeed:forward,70,velocitat màxima: autobús	=	*
maxspeed:trailer,70,velocitat màxima: endavant	=	*
maxspeed:hgv,70,velocitat_màxima:camió_carretera 70
maxweight,74,pes màxim 74
maxspeed:bus,80,hidrant_d'incendi:diàmetre	=	*
maxspeed:hgv,80,velocitat màxima: autobús	=	*
maxspeed:trailer,80,velocitat màxima: hgv	=	*
fire_hydrant:diameter,80,velocitat màxima: remolc	=	*
maxspeed:backward,80,velocitat_màxima:retrocés 80
maxspeed:forward,80,velocitat_màxima:avançar 80
maxspeed:backward,90,direcció	=	*
maxspeed:forward,90,maxspeed:cap enrere	=	*
direction,90,velocitat màxima: remolc	=	*
maxspeed:backward,100,hidrant_d'incendi:diàmetre	=	*
maxspeed:forward,100,maxspeed:cap enrere	=	*
fire_hydrant:diameter,100,velocitat màxima: endavant	=	*
addr:postcode,100,adreça:codi postal 100
direction,100,direcció 100
maxspeed:bus,100,velocitat_màxima:autobús 100
emergency_telephone_code,112,CLC: codi	=	*
CLC:code,112,CLC:codi 112
direction,120,direcció 120
fire_hydrant:diameter,125,codi_telèfon_emergència	=	*
emergency:phone,144,emergències: telèfon 144
direction,145,direcció 145
fire_hydrant:diameter,150,diàmetre	=	*
diameter,150,hidrant_d'incendi:diàmetre	=	*
direction,150,direcció 150
direction,160,direcció 160
direction,165,direcció 165
direction,170,direcció 170
direction,175,direcció 175
direction,180,hidrant_d'incendi:diàmetre	=	*
direction,185,direcció 185
direction,190,direcció 190
fire_hydrant:diameter,200,direcció	=	*
direction,200,direcció 200
it:pv:pavia:EDIFC_USO,201,it:pv:pavia:EDIFC_USO 201
direction,210,direcció 210
direction,215,direcció 215
voltage,230,tensió 230
direction,250,direcció 250
MCC,268,MCC 268
direction,270,hidrant_d'incendi:diàmetre	=	*
diameter,300,diàmetre 300
fire_hydrant:diameter,300,hidrant d'incendi: diàmetre 300
it:pv:pavia:UN_VOL_POR,301,direcció	=	*
clc:code,312,it:pv:pavia:UN_VOL_POR	=	*
clc:code,313,clc:codi	=	*
voltage:secondary,400,clc:codi	=	*
NHD:FType,460,voltatge: secundari	=	*
gauge,1000,NHD: Tipus F	=	*
gauge,1067,mesurar	=	*
raba:id,1100,rava: identificació	=	*
lbcs:function:code,1101,mesurar	=	*
raba:id,1160,rava: identificació	=	*
raba:id,1180,rava: identificació	=	*
raba:id,1190,rava: identificació	=	*
raba:id,1211,rava: identificació	=	*
raba:id,1212,rava: identificació	=	*
raba:id,1222,raba:id	1222
raba:id,1300,rava: identificació	=	*
raba:id,1410,rava: identificació	=	*
gauge,1435,lbcs:funció:codi	=	*
raba:id,1500,rava: identificació	=	*
gauge,1520,mesurar	=	*
gauge,1524,mesurar	=	*
gauge,1600,mesurar	=	*
gauge,1668,mesurar	=	*
gauge,1676,mesurar	=	*
raba:id,1800,raba:id	1800
start_date,1800,data d'inici 1800
GeoBaseNHN:VALDATE,1990,mesurar	=	*
raba:id,2000,dcgis: codi de característica	=	*
dcgis:featurecode,2000,GeoBaseNHN:VALDAT	=	*
clc:year,2006,CVX:any	=	*
CLC:year,2006,CLC:any 2006
population:date,2006,habitants:data	2006
population:date,2009,clc: any	=	*
population:date,2010,població: data	=	*
source:geometry:date,2010,font:geometria:data 2010
survey:date,2013,població: data	=	*
population:pupils:date,2015,habitants:pupils:data	2015
population:date,2017,enquesta: data	=	*
population:date,2019,població: data	=	*
survey:date,2020,enquesta: data 2020
source_dat,2021,source_dat 2021
survey:date,2022,enquesta:data 2022
start_date,2023,data d'inici	=	*
survey:date,2023,enquesta:data 2023
start_date,2024,data d'inici 2024
start_date,2025,data d'inici 2025
addr:street:sym_ul,10898,adreça:carrer:sym_ul 10898
voltage:primary,11000,tensió:primari 11000
massgis:SOURCE_SCA,12000,massgis:SOURCE_SCA 12000
proposed:voltage,15000,proposat:voltage	15000
voltage:primary,15000,voltatge
voltage:primary,20000,població: data	=	*
addr:street:sym_ul,21970,adreça:carrer:sym_ul 21970
voltage:primary,22000,adreça:carrer:sym_ul	=	*
construction:voltage,25000,construcció: voltatge 25000
proposed:voltage,25000,proposat:voltage	25000
mml:class,32611,mml:classe 32611
gnis:fcode,33600,gnis:fcode 33600
NHD:FCode,33600,NHD: FCCodi 33600
mml:class,34100,mml:classe 34100
source:addr:date,1995-01-01,voltatge: primari	=	*
mml:class,35300,mml:classe 35300
mml:class,35412,mml:classe 35412
mml:class,36200,mml:classe 36200
mml:class,36311,mml:classe 36311
mml:class,36312,mml:classe 36312
nhd-shp:fdate,2002-01-10,font:direcció:data	=	*
population:date,2004-12-17,nhd-shp:fdate	=	*
source:geometry:date,2005-11-15,font:geometria:data 2005-11-15
nhd:fcode,39001,població: data	=	*
nhd:fcode,39004,nhd: codi f	=	*
nhd:fdate,2008-02-28,nhd: codi f	=	*
teryt:stan_na,2009-01-01,nhd:data	=	*
population:date,2010-10-14,teryt:stan_na	=	*
LINZ:source_version,2012-06-06,població: data	=	*
LINZ2OSM:source_version,2015-02-02,LINZ:versió_font	=	*
LINZ2OSM:source_version,2015-04-13,LINZ2OSM:versió_font	=	*
mml:class,42131,mml:classe 42131
mml:class,42161,mml:classe 42161
mml:class,42211,mml:classe 42211
mml:class,42231,mml:classe 42231
mml:class,42261,LINZ2OSM:versió_font	=	*
source:addr:version,2016-04-01,mml:classe	=	*
at_bev:addr_date,2016-10-02,at_bev:adreça_data 2016-10-02
population:date,2020-05-01,habitants:data	2020-05-01
heritage:since,2020-09-26,patrimoni: des del 26-09-2020
source:addr:date,2021-01-01,font:direcció:versió	=	*
check_date,2021-07-01,font:direcció:data	=	*
check_date,2023-04-26,data_de_comprovació 26-04-2023
population:date,2023-08-31,habitants:data	2023-08-31
check_date,2025-04-24,data_de_comprovació 24-04-2025
fcode,45800,codi f	=	*
source:date,2025-08-20,font:data 2025-08-20
nhd-shp:fcode,46003,il·luminat	=	*
nhd:fcode,46003,nhd-shp:fcode	=	*
nhd:fcode,46006,nhd: codi f	=	*
nhd:fcode,46007,nhd: codi f	=	*
nhd:fcode,55800,nhd: codi f	=	*
ngbe:codigo,80214,nhd: codi f	=	*
addr:TW:dataset,120044,adreça:TW:dataset 120044
addr:TW:dataset,137998,ngbe: codi	=	*
addr:city:simc,918123,adreça:ciutat:simc 918123
canvec:CODE,1760011,canvec:CODI	=	*
nycdoitt:bin,3000000,canvec:CODI	=	*
nycdoitt:bin,4000000,nycdoitt:bin	=	*
surrey:date,19850801,nycdoitt:bin	=	*
dcgis:captureyear,19990331,surrei: data	=	*
source:geometry:date,20160608161352,font:geometria:data 20160608161352
operator:ref:FR:SIRET,21130055300016,dcgis: any de captura	=	*
level,-1;0,nivell -1;0
addr:city,'s-Gravenhage,adreça:ciutat 's-Gravenhage
sanitary_dump_station,*,abocador sanitari	=	*
addr:place,*,adreça: barri	=	*
addr:city,*,adreça: bloc	=	*
addr:subdistrict,*,adreça: carrer	=	*
addr:unit,*,adreça: ciutat	=	*
addr:postcode:source,*,adreça: codi postal	=	*
addr:province,*,adreça: codi postal: font	=	*
addr:neighbourhood,*,adreça: número de casa	=	*
addr:province:en,*,adreça: província	=	*
addr:state,*,adreça: regió	=	*
addr:country,*,adreça:ciutat	=	*
addr:postcode,*,adreça:lloc	=	*
addr:hamlet,*,adreça:pis	=	*
addr:region,*,adreça:província:ca	=	*
addr:subdistrict:en,*,adreça:subdistricte	=	*
addr:town,*,adreça:suburbi	=	*
maxheight,*,Alçada màxima	=	*
maxwidth,*,amplada màxima	=	*
width,*,ample	=	*
ref,*,àrbitre	=	*
fixme,*,arreglar-me	=	*
drink:coffee,*,beure cafè	=	*
drink:wine,*,beure vi	=	*
shop,*,botiga	=	*
cadet,*,cadet	=	*
waterway,*,camí aquàtic	=	*
layer,*,capa	=	*
construction,*,capacitat	=	*
cyclability,*,ciclabilitat	=	*
trailhead,*,començament del sender	=	*
comment,*,comentari	=	*
created_by,*,construcció	=	*
grit_bin,*,contenidor de sorra	=	*
description,*,creat per	=	*
oneway,*,d'una sola mà	=	*
smoking,*,de fumar	=	*
diameter_crown,*,descripció	=	*
addr:suburb,*,dir:subdistricte:ca	=	*
at_bev:addr_date,*,direcció: unitat	=	*
capacity,*,edifici:nivells	=	*
building:levels,*,edifici:pisos	=	*
is_in,*,és a	=	*
is_in:country_code,*,es_en:codi_país	=	*
estuary,*,estuari	=	*
nuclear_explosion:country,*,explosió nuclear: país	=	*
railway,*,ferrocarril	=	*
bakehouse,*,fleca	=	*
source,*,font	=	*
source:addr,*,font: direcció	=	*
source:geometry,*,font: geometria	=	*
source:date,*,font:data	=	*
source:population,*,font:població	=	*
source:position,*,font:posició	=	*
source:user,*,font:usuari	=	*
baking_oven,*,forn de cocció	=	*
wood,*,fusta	=	*
geocodigo,*,geocodi	=	*
fire_hydrant:description,*,hidrant d'incendi:descripció	=	*
fire_hydrant:diameter,*,hidrant_d'incendi:diàmetre	=	*
fire_hydrant:type:zh,*,hidrant_d'incendi:tipus:zh	=	*
historic,*,històric	=	*
opening_hours,*,horari d'obertura	=	*
network,*,la xarxa	=	*
foldable_pie_slice,*,llesca de pastís plegable	=	*
vending_machine,*,màquina expenedora	=	*
brand:ja,*,marca	=	*
brand:wikidata,*,marca a wikidata
seamark:rock:water_level,*,marca:roca:nivell d'aigua	=	*
brand,*,marca= *
motorcycle:type,*,motocicleta: tipus	=	*
motorcycle:clothes,*,motocicleta:roba	=	*
naptan:Status,*,naftan:Estat	=	*
ncat,*,ncat	=	*
level,*,nivell	=	*
addr:street,*,"node d’adreça: nom del carrer , avinguda , rambla , passeig , bulevard , passatge , carreró = *"
name,*,nom	=	*
name:prefix:be,*,nom: prefix: ser	=	*
name:etymology:wikidata,*,nom:etimologia:wikidata	=	*
name:ja,*,nom:ja	=	*
name:prefix:ru,*,nom:prefix:ru	=	*
note,*,Nota	=	*
note:ja,*,nota: sí	=	*
office:realtor,*,oficina: agent immobiliari	=	*
operator,*,operador	=	*
operator:ja,*,operador: ja	=	*
operator:wikipedia,*,operador: wikipedia	=	*
organ,*,Òrgan	=	*
maxweight,*,pes màxim	=	*
pole:role,*,pol: paper	=	*
mountain_pass,*,Port de muntanya	=	*
name:prefix,*,prefix del nom	=	*
drink:beer,*,prendre cervesa	=	*
ref:gsi,*,referència:gsi	=	*
dog_washing,*,rentat de gossos	=	*
seamark:navigation_line:category,*,seamark:línia de navegació:categoria	=	*
military_service,*,servei militar	=	*
speisebezirk,*,speisebezirk	=	*
tiger:county,*,tigre: comtat	=	*
type,*,tipus	=	*
building,*,tipus d'edifici	=	*
recycling_type,*,tipus de reciclatge	=	*
tower:type,*,torre:tipus	=	*
ferry,*,transportar	=	*
landuse:secondary,*,ús del sòl: secundari	=	*
minspeed,*,velocitat mínima	=	*
vending,*,venda	=	*
voltage,*,Voltatge	=	*
wikidata,*,wikidata	=	*
addr:block,*,adreça:bloc *
addr:district,*,adreça:districte *
colour,#000000,color	=	*
roof:colour,#808080,sostre:color #808080
roof:colour,#938870,sostre: color	=	*
colour,#ff0000,color	=	*
building:colour,#FFFFFF,edifici:color = #FFFFFF (blanc en codi de color hexadecimal)
source,#opendri-comoros,source #opendri-comoros
source:ref,#ŻółtaNaklejkaPLK,font: referència	=	*
contact:phone,+7 495 2321000,contacte: telèfon +7 495 2321000
contact:phone,+7 800 5555505,contacte: telèfon +7 800 5555505
contact:phone,+7 800 5555550,contacte: telèfon +7 800 5555550
contact:phone,+7␣800␣2347000,telèfon de contacte	=	*
capacity:persons,<50,Capacitat: persones <50
turn:lanes,||merge_to_left,gir:carrils	=	*
turn:lanes,||right,gir:carrils	=	*
isced:level,0-1,isced:nivell	=	*
incline,"0,00%",inclinació	=	*
level,0;-1,nivell 0;-1
isced:level,0;1,isced:nivell 0;1
level,0;1,nivell 0;1
massgis:DEED_ACRES,0.00000000,massgis:DEED_ACRES 0.00000000
NHD:Elevation,0.00000000000,"NHD: Elevació 0,00000000000"
circumference,0.15,circumferència	=	*
circumference,0.16,circumferència	=	*
width,0.2,width	0.2
openGeoDB:version,0.2.6.11␣/␣2007-12-04␣/␣http://fa-technik.adfc.de/code/opengeodb/dump/,openGeoDB: versió	=	*
circumference,0.25,circumferència	=	*
circumference,0.3,circumferència	=	*
paving_stones:length,0.3,paving_stones:length	0.3
paving_stones:width,0.3,paving_stones:width	0.3
circumference,0.45,circumferència	=	*
roof:height,0.5,sostre: alçada	=	*
roof:levels,0.5,sostre:nivells	=	*
circumference,0.6,circumferència 0.6
circumference,0.75,circumferència 0.75
roof:levels,0.8,sostre:nivells	=	*
incline,0%,inclinació 0%
mtb:scale,0+,mtb:escala 0+
hcpaogis:dorcode,01 - SINGLE FAMILY,hcpaogis:dorcode 01 - UNIFAMILIAR
hcpaogis:dorcode,01␣-␣SINGLE␣FAMILY,hcpaogis:dorcode	=	*
GeoBaseNHN:DatasetName,02LG000,GeoBaseNHN:Nom del conjunt de dades	=	*
GeoBaseNHN:DatasetName,02LH000,GeoBaseNHN:Nom del conjunt de dades	=	*
addr:postcode,05-092,adreça:codi postal 05-092
heritage:ref,05111000_A_01676,patrimoni:referència 05111000_A_01676
opening_hours,08:00-22:00,horaris	08:00-22:00
usar_addr:edit_date,090511_BC,usar_addr:editar_data	=	*
garmin_type,0x6,tipus_garmin	=	*
addr:street,1 Maja,adreça:carrer 1 Maja
building:foundation_height,1 to 1.5,edifici:alçada_fonament 1 a 1.5
building:foundation_height,1_to_1.5,edifici:base_alçada	=	*
addr:flats,1-2,adreça: pisos	=	*
addr:flats,1-20,adreça:pisos 1-20
addr:flats,1-3,adreça:pisos 1-3
addr:flats,1-4,adreça:pisos 1-4
isced:level,1;2,isced:nivell 1;2
ele:accuracy,1.0,ele: precisió	=	*
roof:height,1.5,sostre: alçada	=	*
roof:levels,1.5,sostre:nivells	=	*
location:accuracy,1.5,ubicació: precisió	=	*
generator:output:electricity,1.5 MW,generador:sortida:electricitat 1.5 MW
generator:output:electricity,1.5␣MW,generador:sortida:electricitat	=	*
yh:WIDTH,1.5m〜3.0m,yh:WIDTH	1.5m〜3.0m
yh:WIDTH,1.5m未満,yh:WIDTH	1.5m未満
railway:tbl,1+,ferrocarril:taula 1+
building:foundation_height,1␣to␣1.5,edifici:base_alçada	=	*
building:age,10_to_30,"edifici:edat, antiguitat = *"
incline,"10,00%",inclinació	=	*
incline,10%,inclinació 10%
light:power,100 W,llum:potència 100 W
capacity:persons,100-250,capacitat:persones	=	*
voltage,10000;400,tensió 10000;400
usar_addr:edit_date,100208_BC,usar_addr:editar_data	=	*
usar_addr:edit_date,100806_BC,usar_addr:editar_data	=	*
sport,10pin,esport	=	10 pins
tiger:name_base,10th,tigre:nom_base	=	*
addr:city:en,10th of Rammadan City,adreça:ciutat:en 10è de Rammadan City
maxaxleload,11.5,maxaxleload	=	*
voltage,15000;400,tensió 15000;400
frequency,16.67,freqüència	=	*
frequency,16.7,freqüència	=	*
proposed:frequency,16.7,proposat:frequency	16.7
start_date,1976..1991,data d'inici 1976..1991
protect_class,1a,classe de protecció	=	1a
it:fvg:ctrn:revision,1A0,it:fvg:ctrn:revisió 1A0
it:fvg:ctrn:revision,1AM,it:fvg:ctrn:revisió 1AM
it:fvg:ctrn:revision,1AN,it:fvg:ctrn:revisió 1AN
protect_class,1b,classe de protecció	=	1b
name,1st Street,nom Carrer 1
maxstay,2 hours,estada màxima 2 hores
generator:output:electricity,2 MW,generador:sortida:electricitat 2 MW
seamark:topmark:shape,2_cones_base_together,marca de mar:marca de topall:forma	=
seamark:topmark:shape,2_cones_down,marca de mar:marca de topall:forma	=
seamark:topmark:shape,2_cones_point_together,marca de mar:marca de topall:forma	=
seamark:topmark:shape,2_cones_up,marca de mar:marca de topall:forma	=
seamark:topmark:shape,2_spheres,marca de mar:marca de topall:forma	=
maxheight,2.1,alçada_màxima 2.1
generator:output:electricity,2.3 MW,generador:sortida:electricitat 2.3 MW
generator:output:electricity,2.3␣MW,generador:sortida:electricitat	=	*
roof:height,2.5,sostre: alçada	=	*
location:accuracy,2.5,ubicació: precisió	=	*
roof:shape,2␣face␣(pitched),sostre: forma	=	*
roof:shape,2␣faces␣(pitched),sostre: forma	=	*
generator:output:electricity,2␣MW,generador:sortida:electricitat	=	*
maxspeed:advisory,20 mph,velocitat_màxima:advertència 20 mph
voltage,20000;400,tensió 20000;400
attribution,"2001␣Her␣Majesty␣the␣Queen␣in␣Right␣of␣Manitoba,␣as␣represented␣by␣the␣Minister␣of␣Conservation.␣All␣rights␣reserved.",atribució	=	*
NHD:FDate,2007/08/08,NHD: DATA	=	*
source:geometry:date,2015-01-01..2019-11-05,font:geometria:data 2015-01-01..2019-11-05
damage:event,2016KageraEarthquake,dany:esdeveniment	=	*
source:geometry:date,2019/07/02,font:geometria:data 2019/07/02
check_date,2024-11-6,data_de_comprovació 6-11-2024
check_date,2024-11-7,data_de_comprovació 7-11-2024
socket:type2:output,22 kW,socket:tipus2:output 22 kW
axle_load,22.5,eix de càrrega	=	*
opening_hours,24/07/23,horari d'obertura	=	*
lit,24/07/23,il·luminat	=	*
lit,24/7,comprovar Data	=	24/07/25
opening_hours,24/7,horaris	24/7
addr:district,26 de Octubre,adreça:districte 26 d'octubre
source:date,28/09/2015,font:data 28/09/2015
est_width,3.0m〜5.5m,ample_est	=	*
yh:WIDTH,3.0m〜5.5m,yh:WIDTH	3.0m〜5.5m
maxweight,3.5,pes màxim 3.5
shop,3d_printing,botiga	=	Impressió 3d
roof:shape,3dr,sostre: forma	=	*
maxheight,4.1,alçada_màxima 4.1
maxheight,4.5,alçada_màxima 4.5
diameter,"4.5""","diàmetre 4,5"""
minspeed,40 mph,velocitat_mínima 40 mph
maxweight,44000 lbs,pes màxim 44000 lliures
it:fvg:ctrn:code,4AAF,ca:fvg:ctrn:codi	=	*
it:fvg:ctrn:code,4ABA,it:fvg:ctrn:codi 4ABA
it:fvg:ctrn:code,4AED,it:fvg:ctrn:codi 4AED
it:fvg:ctrn:code,4AIN,it:fvg:ctrn:codi 4AIN
electrified,4th_rail,electrificat	=	4to carril
yh:WIDTH,5.5m〜13.0m,yh:WIDTH	5.5m〜13.0m
capacity:persons,50-100,capacitat:persones	=	*
building:floor_area,500 - 750,edifici:superfície_solar 500 - 750
building:floor_area,500␣-␣750,edifici:àrea_pis	=	*
maxspeed:hgv,55 mph,velocitat_màxima:camió_carretera 55 mph
maxspeed:trailer,55 mph,velocitat_màxima:remolc 55 mph
maxspeed:hgv,55␣mph,velocitat màxima: hgv	=	*
maxspeed:trailer,55␣mph,velocitat màxima: remolc	=	*
border_zone,5km_zone,zona fronterera	=	zona de 5km
diameter,"6.63""","diàmetre 6,63"""
brand:en,7-Eleven,marca:en (en anglès) = *
name:en,7-Eleven,nom:en 7-Eleven
maxweight,7.5,pes màxim 7.5
maxweightrating:hgv,7.5,classificació de pes màxim:camió pesant 7.5
diameter,70 cm,diàmetre 70 cm
diameter,"8.63""","diàmetre 8,63"""
source:geometry:date,8/27/2010-4/4/2011,font:geometria:data	=	*
sport,8pin,esport	=	8 pines
TMC:cid_58:tabcd_1:LCLversion,9.00,TMC:cid_58:tabcd_1:LCLversió	=	*
maxspeed:hgv:conditional,90 @ (weight>=3.86),velocitat_màxima:camió_carretera:condicional 90 a (pes>=3.86)
maxspeed:psv:conditional,90 @ (weight>=3.86),velocitat_màxima:psv:condicional 90 a (pes>=3.86)
maxspeed:hgv:conditional,90␣@␣(weight<,maxspeed:hgv:condicional	=	*
maxspeed:hgv:conditional,90␣@␣(weight>,maxspeed:hgv:condicional	=	*
maxspeed:psv:conditional,90␣@␣(weight>,maxspeed:psv:condicional	=	*
sport,9pin,esport	=	*
tiger:FUNCSTAT,A,tigre:FUNCSTAT	=	*
addr:unit,A,adreça:unit A
local_ref,A,ref_local A
ref,A,referència A
fixme,à préciser dès que visible sur le cadastre,fixme à preciser des que és visible al cadastre
dinner,a_la_carte,sopar	=	a la carta
addr:flats,A;B,adreça:pisos A;B
ref,A1,referència A1
tiger:cfcc,A11,tigre:cfcc	=	*
KSJ2:filename,A13-06_01.xml,KSJ2: nom de fitxer	=	*
note,A13-06_03.xml,note	A13-06_03.xml
addr:municipality,Aabenraa,adreça:municipi Aabenraa
addr:province,AB,adreça: província AB
highway,abandoned,autopista	=	abandonat
status,abandoned,estat	=	abandonat
railway,abandoned,ferrocarril	=	abandonat
historic,abandoned,històric	=	abandonat
bridge,abandoned,pont	=	abandonat
building,abandoned,tipus d'edifici	=	abandonat
power,abandoned:tower,poder	=	abandonat: torre
genus,Abies,gènere	=	Abies
admin_level,aboriginal_land,nivell d'administrador	=	terra aborigen
boundary,aboriginal_lands,Límit	=	terres_aborígens
healthcare:speciality,abortion,sanitat:especialitat	=	avortament
bridge:support,abutment,pont: suport	=	contrafort
network,AC Transit,xarxa AC Transit
LINZ2OSM:layer,ac_buildings,LINZ2OSM: capa	=	ac_edificis
genus,Acacia,gènere	=	Acàcia
species,Acacia␣implexa,espècies	=	Acacia_simplexa
species,Acacia␣melanoxylon,espècies	=	Acacia_melanoxylon
military,academy,militar	=	acadèmia
police,academy,policia	=	acadèmia
highway,access,autopista	=	accés
footway,access_aisle,senda	=	accés_passadís
emergency,access_point,emergència	=	punt d'accés
shop,accessories,botiga	=	accessoris
sby:bldgtype,Accessory␣Structure,sby: tipus d'edifici	=	Accessori_Estructura
tourism,accommodation,turisme	=	allotjament
office,accountant,oficina	=	comptador
genus,Acer,gènere	=	acer
species,Acer campestre,espècie Acer campestre
species,Acer negundo,espècie Acer negundo
species,Acer platanoides,espècie Acer platanoides
taxon,Acer platanoides,taxon Acer platanoides
species,Acer pseudoplatanus,espècie Acer pseudoplatanus
species,Acer rubrum,espècie Acer rubrum
species,Acer saccharinum,espècie Acer saccharinum
species,Acer saccharum,espècie Acer saccharum
species,Acer␣campestre,espècies	=	Acer_campestre
species,Acer␣ginnala,espècies	=	Acer_ginnala
species,Acer␣negundo,espècies	=	Acer_negun
species,Acer␣platanoides,espècies	=	Acer_platanoides
taxon,Acer␣platanoides,tàxon	=	Acer_platanoides
species,Acer␣platanoïdes,espècies	=	Acer_platanoïdes
species,Acer␣pseudoplatanus,espècies	=	Acer_pseudoplatanus
species,Acer␣rubrum,espècies	=	Acer rubrum
species,Acer␣saccharinum,espècies	=	Acer_saccharinum
species,Acer␣saccharum,espècies	=	Acer_saccharum
old_railway_operator,ACL,antic operador ferroviari	=	LCA
roof:orientation,across,sostre: orientació	=	a través de
surface,acrylic,superfície	=	acrílic
naptan:Status,ACT,naftan:Estat	=	ACTUAR
source:geometry,ACT2016,font: geometria	=	llei2016
source:geometry,ACTMapiRoads,font: geometria	=	ACTMapiCarreteres
source:geometry,ACTMapiTP,font: geometria	=	ACTMapiTP
addr:inclusion,actual,adreça: inclusió	=	actual
healthcare:speciality,acupuncture,especialitat:de_salut	=	acupuntura
genus,Adansonia,gènere	=	Adansonia
operator,Adif,operador	Adif
man_made,adit,artificial	=	entrada
naptan:Indicator,adj,naptà: Indicador	=	adj.
source:footprint,Adjusted MS Footprints,font:footpriPetjades MS ajustades nt
source:footprint,Adjusted␣MS␣Footprints,font:petjada	=	Petjades_MS_Ajustades
amenity,administration,amenitat/servei	=	administració
land_area,administrative,àrea terrestre	=	administratiu
government,administrative,govern	=	administratiu
boundary,administrative,Límit	=	administratiu
office,administrative,oficina	=	administratiu
building,administrative,tipus d'edifici	=	administratiu
boundary,administrative_cooperation,Límit	=	cooperació administrativa
vending,admission_tickets,venda	=	butlletes d'admissió
material,adobe,material	=	tova
office,adoption_agency,oficina	=	Agència d'adopció
shop,adult,botiga	=	adult
leisure,adult_gaming_centre,temps lliure	=	centre de jocs per a adults
piste:difficulty,advanced,pista: dificultat	=	avançat
amenity,advertising,amenitat/servei	=	publicitat
man_made,advertising,artificial	=	publicitat
flag:type,advertising,bandera: tipus	=	publicitat
office,advertising_agency,oficina	=	l'agència de publicitat
cycleway:right:lane,advisory,ciclovia:dreta:carril	=	consultiu
cycleway:both:lane,advisory,ciclovia:tots dos:carril	=	consultiu
cycleway:left:lane,advisory,via_ciclable:esquerra:avís de carril
addr:country,AE,adreça:país AE
emergency,aed,emergència	=	aed
medical,aed,metge	=	aed
basin,aeration,conca	=	ventilació
marker,aerial,marcador	=	aeri
tiger:reviewed,aerial,tigre: revisat	=	aeri
source:building,aerial imagery; Ortofotomozaika SR,font: imatges aèries d'edificis; Ortofotomozaika SR
source:geometry,Aerial photogrammetry,font:geometria Fotogrametria aèria
source:position,Aerial photogrammetry,font: posició Fotogrametria aèria
source:position,Aerial␣photogrammetry,font:posició	=	Fotogrametria aèria_
seamark:light:category,aero,seamark:llum:categoria	=	aerodinàmic
sport,aerobics,esport	=	aeròbics
aeroway,aerodrome,via aèria	=	aeròdrom
radio_transponder:category,aeronautical,transponedor de ràdio:categoria	=	aeronàutic
company,aerospace,empresa	=	aeroespacial
faculty,aerospace,facultat	=	aeroespacial
government,aerospace,govern	=	aeroespacial
research,aerospace,investigar	=	aeroespacial
logistics,aerospace,logística	=	aeroespacial
museum,aerospace,museu	=	aeroespacial
genus,Aesculus,gènere	=	escul
species,Aesculus hippocastanum,espècie Aesculus hippocastanum
taxon,Aesculus hippocastanum,taxon Aesculus hippocastanum
species,AESCULUS␣HIPOCASTANUM,espècies	=	ESCOL_HIPOCASTAN
species,Aesculus␣hippocastanum,espècies	=	Aesculus_hippocastanum
taxon,Aesculus␣hippocastanum,tàxon	=	Aesculus_hippocastanum
species,Aesculus␣x␣carnea,espècies	=	Aesculus_x_carnia
cuisine,african,cuina	=	africà
species,Agave␣tequilana␣F.A.C.Weber,espècies	=	Agave_tequilana_F.A.C.Weber
source:ro,"Agenţia Europeană de Mediu, CORINE Land Cover, 2006","font:ro Agenţia Europeană de Mediu, CORINE Land Cover, 2006"
source:ro,"Agenţia␣Europeană␣de␣Mediu,␣CORINE␣Land␣Cover,␣2006","font:ro	=	Agenţia_Europeană_de_Mediu,_CORINE_Land_Cover,_2006"
resource,aggregate,recurs	=	afegir
shop,agrarian,botiga	=	agrari
access,agricultural,accés	=	agrícola
motorcar,agricultural,automòbil	=	agrícola
denotation,agricultural,denotació	=	agrícola
motorcycle,agricultural,motocicleta	=	agrícola
meadow,agricultural,prat	=	agrícola
building,agricultural,tipus d'edifici	=	agrícola
vehicle,agricultural,vehicle	=	agrícola
motor_vehicle,agricultural,Vehicle de motor	=	agrícola
craft,agricultural_engines,artesania	=	motors_agrícoles
trade,agricultural_supplies,comerç	=	subministraments agrícoles
motor_vehicle,agricultural;forestry,Vehicle de motor	=	agrícola;silvicultura
government,agriculture,govern	=	agricultura (consell regulador)
museum,agriculture,museu	=	agricultura
meadow,agriculture,prat	=	agricultura
landuse,agriculture,ús del sòl	=	agricultura
int_ref,AH1,int_ref	=	AH1
int_ref,AH2,int_referència AH2
genus:de,Ahorn,gènere:de Ahorn
species:de,Ahornblättrige Platane,espècie: de Ahornblättrige Platane
sport,aikido,esport	=	aikido
sports,aikido,Esports	=	aikido
building,ail,tipus d'edifici	=	afligir
genus,Ailanthus,gènere	=	Ailanto
species,Ailanthus␣altissima,espècies	=	Ailanto_altissima
cooling:method,air_cooling,mètode de refredament	=	aire condicionat
amenity,air_filling,amenitat/servei	=	omplert d'aire
military_service,air_force,servei militar	=	força Aèria
seamark:light:category,air_obstruction,seamark:llum:categoria	=	obstrucció d'aire
historic,aircraft,històric	=	aeronau
service,aircraft_control,Servei	=	control d'aeronaus
aeroway,aircraft_crossing,via aèria	=	encreuament d'avions
aerodrome:type,airfield,aeròdrom: tipus	=	aeròdrom
military,airfield,militar	=	aeròdrom
aeroway,airport,via aèria	=	aeroport
aeroway,airstrip,via aèria	=	pista d'aterratge
aeroway,airtanker_base,via aèria	=	base d'avió cisterna
seamark:radio_station:category,ais,seamark:emissora de ràdio:categoria	=	ais
addr:state,AK,adreça:estat AK
seamark:light:character,Al,marca:llum:personatge	=	Alabama
addr:subdistrict:en,Al Agamy,adreça:subdistricte:en Al Agamy
addr:district:en,Al Agouza,adreça:districte:en Al Agouza
addr:province:en,Al Beheira,adreça:province:en Al Beheira
seamark:light:character,Al.Fl,marca:llum:personatge	=	Al.Fl
seamark:light:character,Al.Iso,marca:llum:personatge	=	al.iso
seamark:light:character,Al.LFl,marca:llum:personatge	=	Al.LFl
seamark:light:character,Al.Oc,marca:llum:personatge	=	Al.Oc
tiger:county,"Alameda, CA","tiger:comtat Alameda, CA"
shop,alcohol,botiga	=	alcohol
wholesale,alcohol,majorista	=	alcohol
ref:opendataparis:domanialit,Alignement,ref:opendataparis:domanialit	=	alineació
megalith_type,alignment,tipus de megàlit	=	alineació
source:outline,ALK NRW,font: esquema ALK NRW
source:outline,ALKIS NRW,font: esquema ALKIS NRW
shop,Alko,botiga	=	Alko
addr:interpolation,all,adreça:interpolació	=	tots
stop,all,aturar tot
healthcare:speciality,allergology,sanitat:especialitat	=	al·lergologia
footway,alley,senda	=	carreró
service,alley,Servei	=	carreró
mtb:type,allmountain,mtb: tipus	=	Tota muntanya
species,Allocasuarina␣verticillata,espècies	=	Boigsuarina_verticillata
building,allotment_house,tipus d'edifici	=	casa_d'assignació
place,allotments,lloc	=	assignacions
landuse,allotments,ús del sòl	=	assignacions
amenity,alm,amenitat/servei	=	almoina
created_by,almien_coastlines,creat_per almien_coastlines
trees,almond_trees,arbres	=	ametllers
genus,Alnus,gènere	=	Alnus
species,Alnus␣cordata,espècies	=	Alnus_cordata
species,Alnus␣glutinosa,espècies	=	Alnus_glutinosa
roof:orientation,along,sostre: orientació	=	al llarg de
attraction,alpine_coaster,atracció	=	muntanya russa alpina
sac_scale,alpine_hiking,sac_escala	=	senderisme_alpí
tourism,alpine_hut,turisme	=	refugi de montanya atés
surveillance:type,ALPR,vigilància: tipus ALPR
navigationaid,als,Ajuda a la navegació	=	també
state,alternate,Expressar	=	alterna
oneway,alternating,d'una sola mà	=	alterna
healthcare,alternative,cura de la salut	=	alternativa
material,aluminium,material	=	alumini
industrial,aluminium_smelting,industrial	=	fosa d'alumini
club,amateur_radio,club	=	radioaficionats
diplomatic,ambassadors_residence,diplomàtic	=	residència d'ambaixadors
seamark:light:colour,amber,marca:llum:color	=	ambre
cadet,ambulance,cadet	=	ambulància
amenity,ambulance_station,amenitat/servei	=	estació d'ambulància
emergency,ambulance_station,emergència	=	estació_ambulància
social_facility,ambulatory_care,instal·lacions_socials	=	cura ambulatòria
genus,Amelanchier,gènere	=	Amelanchier
grass,amenity_grassland,herba	=	pastures
cuisine,american,cuina	=	americà
sport,american_football,esport	=	futbol americà
sport,american_handball,esport	=	handbol americà
military,ammunition,militar	=	munició
theatre:type,amphi,teatre: tipus	=	amphi
leisure,amusement_arcade,temps lliure	=	sala de jocs
attraction,amusement_ride,atracció	=	atracció de fira
generator:method,anaerobic_digestion,generador: mètode	=	digestió anaeròbica
healthcare:speciality,anaesthetics,sanitat:especialitat	=	anestèsics
display,analog,monitor	=	cosa anàloga
railway:radio,analogue,ferrocarril:ràdio	=	terme anàleg
railway:radio,analoque,ferrocarril:ràdio	=	analògic
genus,Ananas,gènere	=	Ananes
species,Ananas␣comosus␣(L.)␣Merr.,espècies	=	Ananes_comosus_(L.)_Merr.
historic,anchor,històric	=	àncora
line_attachment,anchor,línia_adjunt	=	àncora
tower:type,anchor,torre:tipus	=	àncora
seamark:type,anchor_berth,marca de mar: tipus	=	amarratge d'àncora
seamark,anchorage,marca	=	ancoratge
seamark:type,anchorage,marca de mar:tipus	=	ancoratge
material,andesite,material	=	andeseta
lamp_mount,angled_mast,muntatge_de_lampada	=	mastil_angulat
denomination,anglican,denominació	=	anglicà
attraction,animal,atracció	=	animal
statue,animal,estàtua	=	animal
amenity,animal_boarding,amenitat/servei	=	allotjament_d'animals
amenity,animal_breeding,amenitat/servei	=	cria_d'animals
hazard,animal_crossing,perill	=	encreuament d'animals
amenity,animal_effluent_disposal,amenitat/servei	=	eliminació d'efluents animals
vending,animal_feed,venda	=	l'alimentació animal
amenity,animal_hitch,amenitat/servei	=	enganxi d'animals
landuse,animal_keeping,ús del sòl	=	tinença_d'animals
amenity,animal_shelter,amenitat/servei	=	refugi d'animals
amenity,animal_training,amenitat/servei	=	entrenament d'animals
man_made,animal_trap,fet per l'home	=	trampa per a animals
shop,anime,botiga	=	animat
religion,animist,religió	=	animista
building,annexe,tipus d'edifici	=	annex
description,Annexe,descripció Annex
man_made,antenna,artificial	=	antena
telecom,antenna,telecomunicacions	=	antena
power,antenna_line,poder	=	línia d'antena
natural,anthill,natural	=	formiguer
turn_to_close,anti_clockwise,girar per tancar	=	en sentit contrari a les agulles del rellotge
direction,anticlockwise,direcció	=	sinistrors
shop,antique,botiga	=	antic
shop,antiques,botiga	=	antiguitats
religion,antoinist,religió	=	antoinista
building,apartment,tipus d'edifici	=	Departament
tourism,apartment,turisme	=	Departament
construction,apartments,construcció	=	apartaments
building:part,apartments,edifici:part	=	apartaments
residential,apartments,Residencial	=	apartaments
building,apartments,"Un edifici d'apartaments és una estructura residencial que conté múltiples unitats d'habitatge per a diferents famílies | edifici = apartaments,bloc de pisos"
landuse,apiary,ús del sòl	=	emplenar
trees,apple_trees,arbres	=	Arbres de poma
shop,appliance,botiga	=	aparell
rental,appliance,lloguer	=
junction,approach,unió	=	Apropar-se
aeroway,apron,via aèria	=	davantal
landuse,aquaculture,ús del sòl	=	aqüicultura
tourism,aquarium,turisme	=	aquari
historic,aqueduct,històric	=	aqüeducte
bridge,aqueduct,pont	=	aqüeducte
route,aqueduct,ruta	=	aqüeducte
cuisine,arab,cuina	=	àrab
farmland,arable,terres de cultiu	=	cultivable
leaf_type,Arbre,tipus_full	=	arbre
genus,Arbre␣Sandaré,gènere	=	Arbre_Sandaré
ref:type,arbrei,referència: tipus	=	arbrei
covered,arcade,cobert	=	arcada
created_by,ArcGIS Exporter,creat_per ArcGIS Exporter
created_by,ArcGIS␣Exporter,creat per	=	ArcGIS_Exportador
natural,arch,natural	=	arc
bridge:structure,arch,pont:estructura	=	arc
museum,archaeological,museu	=	arqueològic
historic,archaeological_site,històric	=	lloc arqueològic
sport,archery,esport	=	tir a l'arc
hazard,archery_range,perill	=	rang d'arqueria
man_made,archimedes_screw,fet per l'home	=	cargol d'Arquimedes
place,archipelago,lloc	=	arxipèlag
office,architect,oficina	=	arquitecte
artwork_type,architecture,tipus d'obra d'art	=	arquitectura
man_made,architecture_line,fet per l'home	=	línia d'arquitectura
amenity,archive,amenitat/servei	=	arxiu
government,archive,govern	=	arxiu
office,archive,oficina	=	arxiu
source:width,ARCore,font: ample	=	ARCore
indoor,area,interior	=	àrea
place,area,lloc	=	àrea
type,area,tipus	=	àrea
visibility,area,visibilitat	=	àrea
addr:place:en,Area A,adreça:place:en Area A
genus,Areca,gènere	=	Areca
species,Arecaceae,espècies	=	arecàcies
genus,Arecaceae,gènere	=	arecàcies
taxon:family,Arecaceae,taxó: família	=	arecàcies
leisure,arena,temps lliure	=	sorra
natural,arete,natural	=	areté
military_service,army,servei militar	=	exèrcit
aeroway,arresting_gear,via aèria	=	equip d'arrest
shop,art,botiga	=	Art
training,art,capacitació	=	Art
club,art,club	=	Art
museum,art,museu	=	Art
vending,art,venda	=	Art
historic,artifact,històric	=	artefacte
waterway,artificial,camí aquàtic	=	artificial
surface,artificial_grass,superfície	=	gespa artificial
surface,artificial_turf,superfície	=	gespa artificial
NHD:FType,ArtificialPath,NHD: Tipus F	=	camí artificial
gnis:ftype,ArtificialPath,gnis:ftipus ArtificialPath
nhd:ftype,ArtificialPath,nhd:ftipus	ArtificialPath
amenity,arts_centre,amenitat/servei	=	centre_de_les_arts
amenity,artwork,amenitat/servei	=	obra d'art
tourism,artwork,turisme	=	obra d'art
roof:material,asbestos,sostre: material	=	amiant
waste,ash,desaprofitar	=	cendra
genus:en,Ash,gènere: ca	=	Cendre
cuisine,asian,cuina	=	asiàtic
cycleway,asl,carril bici	=	asl
crop,asparagus,cultiu	=	espàrrecs
crop,aspargus,cultiu	=	espàrrecs
cycleway:surface,asphalt,ciclovia:superfície	=	asfalt
surface,asphalt,L'asfalt és un material viscós negre enganxós basat en petroli comunament utilitzat per a superfícies de carreteres | superfície	=	asfalt
roof:material,asphalt,sostre: material	=	asfalt
sidewalk:right:surface,asphalt,vorera:dreta:superfície	=	asfalt
footway:surface,asphalt,vorera:superfície	=	asfalt
sidewalk:both:surface,asphalt,vorera:tots dos:superfície	=	asfalt
sidewalk:left:surface,asphalt,sidewalk:esquerra:surface asfalt
industrial,asphalt_plant,industrial	=	planta d'asfalt
emergency,assembly_point,emergència	=	punt de reunió
social_facility,assisted_living,instal·lacions_socials	=	vida assistida
repair,assisted_self_service,reparar	=	autoservei assistit
type,associated_address,tipus	=	adreça_associada
type,associatedStreet,tipus	=	carrer associat
office,association,oficina	=	associació | oficina	=	associació consumidors
sport,association_football,esport	=	Associació de Futbol
observatory:type,astronomical,observatori:tipus	=	astronòmic
design,asymmetric,disseny	=	asimètric
traffic_sign,AT:52.1,senyal de trànsit	=	EN: 52.1
maxspeed,AT:rural,màxima velocitat	=	EN:rural
source:maxspeed,AT:rural,font:velocitat màxima AT:rural
maxspeed,AT:urban,màxima velocitat	=	EN:urbà
maxspeed:type,AT:urban,velocitat_màxima:tipus AT:urbà
source:maxspeed,AT:urban,font:velocitat màxima AT:urban
source:maxspeed,AT:zone:30,font:velocitat màxima AT:zone:30
maxspeed:type,AT:zone30,velocitat_màxima:tipus AT:zona30
source:maxspeed,AT:zone30,font:velocitat màxima AT:zone30
craft,atelier,artesania	=	taller
flag:type,athletic,bandera: tipus	=	atlètic
sport,athletics,esport	=	atletisme
sports,athletics,Esports	=	atletisme
amenity,atm,amenitat/servei	=	Caixer automàtic
place,atoll,lloc	=	atol
natural,atoll,natural	=	atol
tourism,attraction,turisme	=	atracció
shop,atv,botiga	=	Canal de televisió britànic
route,atv,ruta	=	Canal de televisió britànic
maxspeed:type,AU:urban,velocitat_màxima:tipus AU:urbà
source:maxspeed,AU:urban,font:velocitat màxima AU:urban
studio,audio,estudi	=	àudio
information,audioguide,informació	=	Guia dàudio
amenity,audiologist,amenitat/servei	=	audiòleg
shop,audiologist,botiga	=	audiòleg
healthcare,audiologist,cura de la salut	=	audiòleg
government,audit,govern	=	auditoria
sport,australian_football,esport	=	futbol_australià
species,australis,espècies	=	australià
transformer,auto,transformador	=	auto
shop,auto_parts,botiga	=	autoparts
industrial,auto_wrecker,industrial	=	camió d'auxili
crossing:activation,automatic,encreuament: activació	=	automàtic
lit,automatic,il·luminat	=	automàtic
seamark:mooring:category,automatic,marca:amarre:categoria	=	automàtic
level_crossing,automatic_barrier,pas a nivell	=	barrera automàtica
club,automobile,club	=	automòbil
transformer,auxiliary,transformador	=	auxiliar
hazard,avalanche,perill	=	allau
hazard_type,avalanche,tipus de perill	=	allau
natural,avalanche_dam,natural	=	presa d'allau
man_made,avalanche_protection,artificial	=	protecció_allau
barrier,avalanche_protection,barrera	=	protecció_allau
tunnel,avalanche_protector,túnel	=	protector_d'avalanxes
amenity,avalanche_transceiver,amenitat/servei	=	transceptor d'allau
addr:street:type,Avenue,adreça:carrer:tipus	=	Avinguda
denotation,avenue,denotació	=	avinguda
building:condition,average,edifici: condició	=	mitjana
zoo,aviary,zoo	=	ocellaires
training,aviation,capacitació	=	aviació
museum,aviation,museu	=	aviació
light_source,aviation,font_de_llum aviació
trees,avocado_trees,arbres	=	arbres_d'alvocat
leisure,axe_throwing,temps lliure	=	llançament de destral
pump_mechanism,axial_flow,mecanisme de bomba	=	Flux axial
railway:vacancy_detection,axle_counter,ferrocarril: detecció de vacants	=	comptador d'eixos
healthcare:speciality,ayurveda,especialitat:de_salut	=	ayurveda
species,Azardiraecta␣indica,espècies	=	Azardiraecta_indica
local_ref,B,ref_local B
shop,baby_care,botiga	=	cura del nadó
shop,baby_goods,botiga	=	baby_goods
amenity,baby_hatch,amenitat/servei	=	escotilla de beu
piste:grooming,backcountry,pista: preparació	=	travessia
direction,backward,direcció	=	cap enrere
railway:preferred_direction,backward,ferrocarril: adreça_preferida	=	cap enrere
traffic_sign:direction,backward,senyal_de_tràfic:direcció	=	cap enrere
traffic_signals:direction,backward,senyals_de_tràfic:direcció	=	cap enrere
railway:signal:direction,backward,ferrocarril:signal:direction	backward
trail_visibility,bad,rastre_visibilitat	=	dolent
smoothness,bad,suavitat	=	dolent
object:city,Badalona,object:city	Badalona
sport,badminton,esport	=	bàdminton
shop,bag,botiga	=	bossa
craft,bag_repair,artesania	=	reparació de bosses
shop,bag/proposal,botiga	=	borsa/proposta
cuisine,bagel,cuina	=	rosquilla
religion,bahai,religió	=	bahai
office,bail_bond_agent,oficina	=	agent de fiances
government,bailiff,govern	=	alguacil
building,bakehouse,"tipus d'edifici = fleca , forn de pa"
craft,bakery,artesania	=	fleca
shop,bakery,botiga	=	fleca
industrial,bakery,industrial	=	fleca
amenity,baking_oven,amenitat/servei	=	forn de cocció
playground,balancebeam,parc infantil	=	barra d'equilibri
building:part,balcony,edifici: part	=	balcó
valley,balka,Vall	=	balca
valve,ball,vàlvula	=	bola
sport,balle_pelote,esport	=	Pilota de ball
trees,banana_plants,arbres	=	plantes_de_banano
crop,bananas,cultiu	=	plàtans
leisure,bandstand,temps lliure	=	quiosc de música
sport,bandy,esport	=	hoquei amb pilota
building,bank,tipus d'edifici = banc (només quan tot l’edifici li pertany i busquem tot l’edifici i no només l’oficina bancària)
amenity,bank,"Un banc és una institució financera que proporciona serveis com dipòsits, préstecs, inversions i assessorament financer | amenitat/servei	=	banc"
denomination,baptist,denominació baptista
amenity,bar,amenitat/servei	=	bar
barrier,bar,barrera	=	bar
designation,barangay,designació	=	barangay
admin_type:PH,barangay,admin_tipus:PH barangay
cuisine,barbecue,cuina	=	graella
fence_type,barbed_wire,cerca_tipus	=	filferro_de_pues
landcover,bare_ground,coberta terrestre	=	terra_nu
natural,bare_rock,natural	=	Roca nua
leisure,barefoot,temps lliure	=	descalç
crop,barley,cultiu	=	ordi
building,barn,tipus d'edifici	=	graner
source:ele,barometric,font:el	=	baromètric
building,barrack,tipus d'edifici	=	barraca
military,barracks,militar	=	caserna
police,barracks,policia	=	caserna
building,barracks,tipus d'edifici	=	caserna
generator:method,barrage,generador: mètode	=	bombardeig
design,barrel,disseny	=	barril
seamark:buoy_special_purpose:shape,barrel,seamark:boia propòsit especial:forma	=	barril
barrier,barricade,barrera	=	barricada
barrier,barrier_board,barrera	=	tauler de barrera
fence_type,bars,cerca_tipus	=	barres
bridge:movable,bascule,pont: mòbil	=	bàscula
sport,BASE,esport	=	BASE
military,base,militar	=	base
lifeguard,base,Salvavides	=	base
sport,baseball,esport	=	beisbol
border_type,baseline,tipus frontera	=	base
camp_site,basic,càmping	=	bàsic
shelter_type,basic_hut,refugi_tipus	=	refugi no atés sense foc
network:type,basic_network,tipus de xarxa	=	xarxa_bàsica
water,basin,aigua	=	conca
man_made,basin,artificial	=	conca
landuse,basin,ús del sòl	=	conca
disc_golf,basket,disc de golf	=	cistella
craft,basket_maker,artesania	=	cistella de mercat
sport,basketball,esport	=	bàsquet
sport,basketball;soccer,esport	=	bàsquet; futbol
playground,basketswing,parc infantil	=	gronxador de cistella
defensive_works,bastion,obres defensives	=	bastió
leisure,bathing_place,temps lliure	=	lloc de bany
shop,bathroom_furnishing,botiga	=	mobles_de_bany
archaeological_site,baths,lloc arqueològic	=	balneari
site_type,baths,tipus de lloc	=	balneari
generator:source,battery,generador:font	=	bateria
defensive_works,battery,obres defensives	=	bateria
plant:source,battery,planta:font	=	bateria
sport,batting_cage,esport	=	gàbia de batuda
historic,battlefield,històric	=	camp de batalla
line,bay,línia	=	badia
natural,bay,natural	=	badia
source:en,Bayamon Municipality,font:en Municipi de Bayamón
source:en,Bayamón Municipality,font:en Municipi de Bayamón
source:en,Bayamon␣Municipality,font:es	=	Bayamón_Municipi
source:en,Bayamón␣Municipality,font:es	=	Bayamón_Municipi
highway,bazaar,autopista	=	basar
import_uuid,bb7269ee-502a-5391-8056-e3ce0e66489c,import_uuid	=	bb7269ee-502a-5391-8056-e3ce0e66489c
amenity,bbq,amenitat/servei	=	barbacoa
shop,bbq,botiga	=	barbacoa
leisure,bbq,temps lliure	=	barbacoa
naptan:StopType,BCT,naftan:StopType	=	BCT
heritage:operator,bda,patrimoni:operador bda
source:ele,BDOrtho IGN Hydroghaphie,font:ele BDOrtho IGN Hydroghaphie
source:ele,BDOrtho IGN Hydrographie,font:ele BDOrtho IGN Hydrographie
source:ele,BDOrtho␣IGN␣Hydroghaphie,font:el	=	BDOrtho_IGN_Hydroghaphie
source:ele,BDOrtho␣IGN␣Hydrographie,font:el	=	BDOrtho_IGN_Hydrographie
source:building,BDOT,font:edifici BDOT
access,bdouble,accés	=	bdoble
source:maxspeed,BE-BRU:urban,font:maxspeed	=	BE-BRU:urbà
zone:traffic,BE-BRU:urban,zona:tràfic	=	BE-BRU:urbà
cycle_network,BE-VLG:cycle_highway,xarxa de bicicletes	=	BE-VLG:carretera ciclista
source:maxspeed,BE-VLG:rural,font:maxspeed	=	BE-VLG:rural
zone:traffic,BE-VLG:rural,zona:tràfic	=	BE-VLG:rural
source:maxspeed,BE-VLG:urban,font:maxspeed	=	BE-VLG:urbà
zone:traffic,BE-VLG:urban,zona:tràfic	=	BE-VLG:urbà
source:maxspeed,BE-WAL:rural,font:maxspeed	=	BE-WAL:rural
zone:traffic,BE-WAL:rural,zona:tràfic	=	BE-WAL:rural
source:maxspeed,BE-WAL:urban,font:maxspeed	=	BE-WAL:urbà
zone:traffic,BE-WAL:urban,zona:tràfic	=	BE-WAL:urbà
source:maxspeed,BE:zone30,font:velocitat màxima BE:zone30
natural,beach,natural	=	platja
leisure,beach,temps lliure	=	platja
building,beach_hut,tipus d'edifici	=	cabana de platja
leisure,beach_resort,lleure	=	balneari
sport,beachvolleyball,esport	=	voleibol de platja
man_made,beacon,artificial	=	Far
seamark,beacon,marca	=	Far
airmark,beacon,marca aèria	=	Far
indoormark,beacon,marca d'interior	=	Far
survey_point:structure,beacon,punt d'enquesta: estructura	=	Far
landmark,beacon,punt de referència	=	Far
seamark:type,beacon_cardinal,marca de mar:tipus	=	beacon_cardenal
seamark:type,beacon_isolated_danger,marca de mar: tipus	=	balisa_aïllat_perill
seamark:type,beacon_lateral,marca de mar: tipus	=	balisa_lateral
seamark:type,beacon_safe_water,marca de mar: tipus	=	balisa d'aigua segura
seamark:type,beacon_special_purpose,marca de mar: tipus	=	beacon_special_purpose
man_made,beam,artificial	=	fes
bridge:structure,beam,pont:estructura	=	fes
amenity,bear_box,amenitat/servei	=	caixa d'ós
shop,beauty,botiga	=	bellesa
shop,bed,botiga	=	llit
guest_house,bed_and_breakfast,Casa de convidats	=	llit i esmorzar
tourism,bed_and_breakfast,turisme	=	llit i esmorzar
natural,bedrock,natural	=	base
cuisine,beef_bowl,cuina	=	bol de carn
man_made,beehive,fet per l'home	=	Rusc
craft,beekeeper,artesania	=	apicultor
content,beer,contingut	=	cervesa
product,beer,producte	=	cervesa
healthcare:speciality,behavior,sanitat:especialitat	=	conducta
building:colour,beige,edifici:color beix
seamark:fog_signal:category,bell,seamark: senyal de boira: categoria	=	campana
inlet,bell_mouth,entrada	=	boca de campana
outlet,bell_mouth,presa de corrent	=	boca de campana
tower:type,bell_tower,torre:tipus	=	campanar
maxheight,below_default,alçada_màxima per_default
amenity,bench,amenitat/servei = banc per seure’s
memorial,bench,monument	=	taula de treball
type,benchmark,tipus	=	punt de referència
lamp_mount,bent_mast,muntatge_de_lampada	=	mastil_doblat
lamp_mount,bent␣mast,muntatge_de_lampada	=	màstil doblegat
defensive,bergfried,defensiu	=	bergfried
category,berkad,categoria berkad
barrier,berm,barrera	=	Berma
seamark:type,berth,marca de mar:tipus	=	atracar
seamark:restricted_area:restriction,berthing_prohibited,seamark:àrea restringida:restricció	=	prohibit atracar
seamark:restricted_area:restriction,berthing_restricted,seamark:àrea restringida:restricció	=	atracament restringit
shop,betting,botiga	=	aposta
genus,Betula,gènere	=	Bètula
species,Betula pendula,espècie Betula pendula
species,Betula␣alba,espècies	=	Betula_alba
species,Betula␣papyrifera,espècies	=	Betula_papyrifera
species,Betula␣pendula,espècies	=	Betula_pèndula
species,Betula␣sp,espècies	=	Betula_sp
species,Betula␣verrucosa,espècies	=	Betula_verrucosa
species,betulus,espècies	=	betulus
shop,beverages,botiga	=	begudes
wholesale,beverages,majorista	=	begudes
maxspeed,BG:urban,màxima velocitat	=	BG:urbà
naptan:PlusbusZoneRef,BHAMNWS,naptà:PlusbusZoneRef	=	BHAMNWS
sport,biathlon,esport	=	biatló
shop,bicycle,botiga	=	bicicleta
club,bicycle,club	=	bicicleta
parking_space,bicycle,plaça d'aparcament	=	bicicleta
route,bicycle,ruta	=	bicicleta
amenity,bicycle_library,amenitat/servei	=	biblioteca de bicicletes
amenity,bicycle_parking,amenitat/servei	=	Pàrquing de bicicletes
amenity,bicycle_rental,amenitat/servei	=	lloguer de bicicletes
shop,bicycle_repair,botiga	=	reparació de bicicletes
amenity,bicycle_repair_station,amenitat/servei	=	estació_de_reparació_de_bicicletes
amenity,bicycle_trailer_sharing,amenitat/servei	=	compartir remolc de bicicleta
vending,bicycle_tube,venda	=	bicicleta_tub
amenity,biergarten,amenitat/servei	=	biergarten
attraction,big_wheel,atracció	=	roda gran
site_type,bigstone,tipus de lloc	=	Pedra gran
cycleway,bike_box,carril bici	=	caixa de bicicleta
amenity,bike_parking,amenitat/servei	=	estacionament de bicicletes
amenity,bikeshed,amenitat/servei	=	cobert per a bicicletes
sport,billards,esport	=	billar
advertising,billboard,publicitat	=	cartellera
sport,billiards,esport	=	billar
source:geometry,Bing,font: geometria	=	Bing
source:area,Bing,font:àrea	=	Bing
source:building,Bing,font:edifici	=	Bing
source:surface,Bing,font:superfície	=	Bing
source:building,bing,font:edifici bing
source:outline,Bing,font: esquema Bing
source:position,Bing,font: posició Bing
source:position,bing,font: posició bing
source:position,"bing (0,0)","font: posició bing (0,0)"
source:position,"bing HR(0,0)","font: posició bing HR(0,0)"
source:position,bing HR(0;0),font: posició bing HR(0;0)
source:position,Bing Imagery,font: posició Imatges Bing
source:position,"bing(0,0)","font:posició	=	bing(0,0)"
source:position,bing␣HR(0;0),font:posició	=	bing_HR(0;0)
leisure,bingo_hall,temps lliure	=	sala de bingo
source:imagery,"BingSat, ESRI, and other open satellite imagery available to OSM as of 2023","font:imatges de BingSat, ESRI i altres imatges de satèl·lit obertes disponibles per a OSM a partir del 2023"
source:imagery,"BingSat, ESRI, and other open satellite imagery available to OSM as of 2024","font:imatges de BingSat, ESRI i altres imatges de satèl·lit obertes disponibles per a OSM a partir del 2024"
source:imagery,"BingSat, ESRI, and other open satellite imagery available to OSM as of 2025","font:imatges de BingSat, ESRI i altres imatges de satèl·lit obertes disponibles per a OSM a partir del 2025"
amenity,binoculars,amenitat/servei	=	prismàtics
healthcare:speciality,biochemistry,sanitat:especialitat	=	bioquímica
power_source,biofuel,font d'alimentació	=	biocombustible
generator:source,biofuel,generador:font	=	biocombustible
generator:source,biogas,generador:font	=	biogàs
hazard,biohazard,perill	=	risc biològic
healthcare:speciality,biological_haematology,sanitat:especialitat	=	hematologia biològica
healthcare:speciality,biology,sanitat:especialitat	=	biologia
generator:source,biomass,generador:font	=	biomassa
plant:source,biomass,planta:font	=	biomassa
man_made,bioreactor,fet per l'home	=	bioreactor
man_made,bioswale,artificial	=	canal biològic
amenity,bird_bath,amenitat/servei	=	bany d'ocells
man_made,bird_feeder,fet per l'home	=	menjadora per a ocells
leisure,bird_hide,temps lliure	=	pell d'ocell
zoo,birds,zoo	=	aus
natural,birds_nest,natural	=	niu de Ocell
genus:de,Birke,gènere:de Birke
healthcare,birthing_center,cura de la salut	=	centre de maternitat
healthcare,birthing_centre,cura de la salut	=	centre de maternitat
surface,bitmac,superfície	=	bitmac
colour,black,color	=	negre
colour:arrow,black,color:fletxa	=	negre
colour:text,black,color:text	=	negre
building:colour,black,edifici:color	=	negre
seamark:topmark:colour,black,marca de mar:marca de topall:color	=	negre
ref:colour_tx,black,ref:color_tx	=	negre
seamark:beacon_special_purpose:colour,black,seamark:beaamb propòsit especial:color	=	negre
seamark:buoy_special_purpose:colour,black,seamark:boia propòsit especial:color	=	negre
seamark:buoy_isolated_danger:colour,black;red;black,"marca:boia aïllat perill:color	=	negre, vermell, negre"
seamark:beacon_isolated_danger:colour,black;red;black,"seamark:far aïllat perill:color	=	negre, vermell, negre"
seamark:buoy_cardinal:colour,black;yellow,marca:boia cardenal:color	=	groc negre
seamark:beacon_cardinal:colour,black;yellow,seamark:balisa cardenal:color	=	groc negre
seamark:buoy_cardinal:colour,black;yellow;black,marca:boia cardenal:color	=	negre;groc;negre
seamark:beacon_cardinal:colour,black;yellow;black,seamark:balisa cardenal:color	=	negre;groc;negre
craft,blacksmith,artesania	=	ferrer
leisure,bleachers,lleure	=	grades
heritage:operator,BLfD,patrimoni:operador	=	BLfD
school,blind,escola	=	cec
barrier,block,barrera	=	bloquejar
place,block,lloc	=	bloquejar
building:material,block,material de construcció = blocs
survey_point:structure,block,punt d'enquesta: estructura	=	bloquejar
railway:signal:main:function,block,ferrocarril:senyal:principal:bloc de funció
addr:block:en,Block 1,adreça:bloc:en Bloc 1
addr:block:en,Block␣1,adreça: bloc:	=	Bloc_1
railway,blockpost,ferrocarril	=	pal de bloqueig
amenity,blood_bank,amenitat/servei	=	Banc de Sang
healthcare,blood_bank,cura de la salut	=	Banc de Sang
healthcare:speciality,blood_check,sanitat:especialitat	=	anàlisi de sang
healthcare,blood_donation,cura de la salut	=	donació de sang
natural,blowhole,natural	=	bufada
colour,blue,color	=	blau
colour:back,blue,color:esquena	=	blau
seamark:light:colour,blue,marca:llum:color	=	blau
seamark:beacon_special_purpose:colour,blue,seamark:beaamb propòsit especial:color	=	blau
seamark:buoy_special_purpose:colour,blue,seamark:boia propòsit especial:color	=	blau
light:colour,blue,llum:color_blau
memorial,blue_plaque,monument	=	placa_blau
trees,blueberry_plants,arbres	=	blueberry_plants
sinkhole,bluehole,embornal	=	forat blau
sport,bmx,esport	=	bmx
information,board,informació	=	junta
seamark:distance_mark:category,board,marca de mar: marca de distància: categoria	=	junta
seamark:topmark:shape,board,marca de mar:marca de topall:forma	=	junta
advertising,board,publicitat	=	junta
board_type,board,tipus de placa	=	junta
pilotage,boarding_point,pilotatge	=	punt d'embarcament
bridge,boardwalk,pont	=	passeig marítim
shop,boat,botiga	=	pot
ford,boat,gual	=	pot
rental,boat,lloguer	=
route,boat,ruta	=	pot
seamark:small_craft_facility:category,boat_hoist,seamark:instal·lació per a embarcacions petites:categoria	=	polipast de vaixell
waterway,boat_lift,camí aquàtic	=	elevador de vaixells
shop,boat_parts,botiga	=	parts del vaixell
amenity,boat_rental,amenitat/servei	=	lloguer_de_vaixells
shop,boat_repair,botiga	=	reparació de vaixells
attraction,boat_ride,atracció	=	passeig en pot
amenity,boat_sharing,amenitat/servei	=	vaixell compartit
amenity,boat_storage,amenitat/servei	=	vaixell_emmagatzematge
craft,boatbuilder,artesania	=	constructor de pots
building,boathouse,tipus d'edifici	=	cobert
waterway,boatyard,camí aquàtic	=	drassana
seamark:small_craft_facility:category,boatyard,seamark:instal·lació per a embarcacions petites:categoria	=	drassana
sport,bobsleigh,esport	=	bobsleigh
boules,bocce,petanca	=	petanca
healthcare:speciality,body,sanitat:especialitat	=	cos
amenity,body_scale,amenitat/servei	=	bàscula corporal
wetland,bog,aiguamoll	=	pantà
coastline,bogus,línia costanera	=	FALS
drinking_water,boil,aigua potable	=	bullir
generator:type,boiler,generador: tipus	=	caldera
barrier,bollard,barrera	=	noray
seamark:mooring:category,bollard,marca:amarre:categoria	=	noray
bicycle_parking,bollard,Pàrquing de bicicletes	=	noray
addr:city:it,Bolzano,adreça:ciutat:it	=	Bolzano
historic,bomb_crater,històric	=	cràter_bomba
military,bombcrater,militar	=	cràter de bombes
brand,Bonpreu,marca=Bonpreu
craft,bookbinder,artesania	=	enquadernador
shop,bookmaker,botiga	=	corredor d'apostes
shop,books,botiga	=	llibres
vending,books,venda	=	llibres
barrier,boom,barrera	=	auge
seamark:obstruction:category,boom,marca:obstrucció:categoria	=	auge
covered,booth,cobert	=	lloc
railway,border,ferrocarril	=	frontera
seamark:topmark:colour_pattern,border,marca de mar: marca de topall: patró de color	=	frontera
barrier,border_control,barrera	=	control fronterer
government,border_control,govern	=	control fronterer
boundary,border_zone,Límit	=	zona fronterera
man_made,borehole,artificial	=	pou
place,borough,lloc	=	ciutat
garden:type,botanical,jardí: tipus	=	botànic
cycleway,both,carril bici	=	ambdues coses
direction,both,direcció	=	ambdues coses
flow_direction,both,direcció del flux	=	ambdues coses
shoulder,both,espatlla	=	ambdues coses
railway:preferred_direction,both,ferrocarril: adreça_preferida	=	ambdues coses
survey_point:purpose,both,punt d'enquesta: propòsit	=	ambdues coses
footway,both,senda	=	ambdues coses
traffic_signals:direction,both,senyals_de_tràfic:direcció	=	ambdues coses
TMC:cid_58:tabcd_1:Direction,both,TMC:cid_58:tabcd_1:Direcció	=	ambdues coses
sidewalk,both,vorera	=	ambdues coses
fountain,bottle_refill,font	=	recàrrega d'ampolla
vending,bottle_return,venda	=	devolució d'ampolla
drink:viez,bottled,beguda: vez	=	embotellat
boules,boule_de_fort,petanca	=	bola de forta
sport,boules,esport	=	petanca
type,boundary,tipus	=	Perímetre
historic,boundary_stone,històric	=	límit_pedra
shop,boutique,botiga	=	boutique
sport,bowling,esport	=	bitlles
leisure,bowling_alley,temps lliure	=	bolera
sport,bowls,esport	=	botxes
sport,boxing,esport	=	boxa
addr:city:de,Bozen,adreça:ciutat:de Bozen
survey_point:structure,bracket,punt d'enquesta: estructura	=	suport
line_management,branch,maneig de línia	=	branca
power,branch,poder	=	sucursal
tower:type,branch,torre:tipus	=	sucursal
usage,branch,ús	=	branca
embassy,branch_embassy,ambaixada	=	sucursal de l'ambaixada
material,brass,material	=	llautó
cuisine,brazilian,cuina	=	brasiler
vending,bread,venda	=	pa de motlle
cuisine,breakfast,cuina	=	esmorzar
cuisine,breakfast;pancake,cuina	=	esmorzar; pancakes
man_made,breakwater,artificial	=	escullera
seamark:shoreline_construction:category,breakwater,seamark:litoral construcció:categoria	=	esculleres
landuse,breeding,ús del sòl	=	cria
boules,breton,petanca	=	bretó
craft,brewery,artesania	=	cerveseria
industrial,brewery,industrial	=	cerveseria
building,brewery,tipus d'edifici	=	cerveseria
shop,brewing_supplies,botiga	=	subministraments d'elaboració de cervesa
building:walls,brick,edifici: parets	=	maó
building:cladding,brick,edifici: revestiment	=	maó
material,brick,material	=	maó
building:material,brick,material de construcció	=	maó
wall,brick,paret	=	maó
surface,brick,superfície	=	maó
product,bricks,producte	=	maons
surface,bricks,superfície	=	maons
industrial,brickworks,industrial	=	fàbrica de maons
industrial,brickyard,industrial	=	fàbrica de maons
man_made,bridge,artificial	=	pont
signal_station,bridge,estació de senyals	=	pont
historic,bridge,històric	=	pont
location,bridge,localització	=	pont
seamark:type,bridge,marca de mar: tipus	=	pont
playground,bridge,parc infantil	=	pont
type,bridge,tipus	=	pont
building,bridge,tipus d'edifici	=	pont
tower:type,bridge,torre:tipus	=	pont
seamark:buoy_lateral:category,bridge_pier,marca:boia lateral:categoria	=	moll del pont
highway,bridleway,carretera	=	camí de ferradura
construction,bridleway,construcció	=	camí de ferradura
leaf_type,broadleaved,tipus_full	=	de fulla ampla
material,bronze,material	=	bronze
waterway,brook,camí aquàtic	=	rierol
amenity,brothel,amenitat/servei	=	bordell
colour,brown,color	=	marró
building:colour,brown,edifici:color	=	marró
landuse,brownfield,ús del sòl	=	zona industrial abandonada
ssr:type,bruk,ssr: tipus	=	Bruk
cuisine,brunch,cuina	=	desesmorzar
amenity,bts,amenitat/servei	=	BTS
cuisine,bubble_tea,cuina	=	Te de bombolles
fountain,bubbler,font	=	bombollejador
religion,buddhist,religió	=	budista
seamark:landmark:function,buddhist_temple,marca:punt de referència:funció	=	temple budista
import,budovy201004,importar	=	budovy201004
import,budovy201004drev,importar	=	budovy201004drev
railway,buffer_stop,ferrocarril	=	parada_bufer
lane,buffered,carril	=	esmorteït
amenity,buggy_parking,amenitat/servei	=	estacionament de buggy
craft,builder,artesania	=	constructor
historic,building,històric	=	edifici
seamark:type,building,marca de mar:tipus	=	edifici
shelter_type,building,refugi_tipus	=	edifici
type,building,tipus	=	edifici
surveillance:zone,building,vigilància: zona	=	edifici
construction,building,edifici de construcció
ruins,building,edifici en ruïnes
shop,building_materials,botiga	=	materials de construcció
tunnel,building_passage,túnel	=	edifici_passatge
wholesale,building_services,majorista	=	serveis_edificis
landuse,building_site,ús del sòl	=	lloc de construcció
trade,building_supplies,comerç	=	materials de construcció
amenity,building_yard,amenitat/servei	=	pati de construcció
dataset,buildings,conjunt de dades	=	edificis
dcgis:dataset,buildings,dcgis: conjunt de dades	=	edificis
source:filename,buildings.gml,font: nom de fitxer	=	edificis.gml
harbour:category,bulk,port:categoria	=	bony
tiger:upload_uuid,bulk_upload.pl-106854db-ba6b-4a06-906c-108de5574a89,tiger:upload_uuid bulk_upload.pl-106854db-ba6b-4a06-906c-108de5574a89
tiger:upload_uuid,bulk_upload.pl-a63d01ec-aa34-45c6-95e2-2eb9014697f7,tiger:upload_uuid bulk_upload.pl-a63d01ec-aa34-45c6-95e2-2eb9014697f7
tiger:upload_uuid,bulk_upload.pl-b2892a76-a19b-4e01-b00b-ec3685f89fb9,tigre:upload_uuid	=	carga_bulk.pl-b2892a76-a19b-4e01-b00b-ec3685f89fb9
sport,bullfighting,esport	=	toreig
traffic_calming,bump,calmar el trànsit	=	bony
hazard,bump,perill	=	bony
barrier,bump_gate,barrera	=	cop_porta
house,bungalow,casa	=	bungalow
building,bungalow,tipus d'edifici	=	bungalow
golf,bunker,golf	=	búnquer
historic,bunker,històric	=	búnquer
military,bunker,militar	=	búnquer
building,bunker,tipus d'edifici	=	búnquer
man_made,bunker_silo,artificial	=	búnquer_silo
seamark:type,bunker_station,marca de mar: tipus	=	estació de búnquer
man_made,buoy,fet per l'home	=	boia
seamark,buoy,marca	=	boia
seamark:mooring:category,buoy,marca:amarre:categoria	=	boia
seamark:type,buoy_cardinal,marca de mar: tipus	=	boya_cardinal
seamark:type,buoy_installation,marca de mar: tipus	=	instal·lació de boies
seamark:type,buoy_isolated_danger,marca de mar: tipus	=	boia perill aïllat
seamark:type,buoy_lateral,marca de mar: tipus	=	boya_lateral
seamark:type,buoy_safe_water,marca de mar:tipus	=
seamark:type,buoy_special_purpose,marca de mar: tipus	=	boia_propòsit_especial
amenity,bureau_de_change,amenitat/servei	=	canvi de moneda
cuisine,burger,cuina	=	hamburguesa
cemetery,burial_forest,cementiri	=	bosc funerari
parking_space,bus,plaça d'aparcament	=	autobús
route,bus,ruta	=	autobús
route_master,bus,ruta_mestra	=	autobús
service,bus,Servei	=	autobús
highway,bus_guideway,autopista	=	bus_guideway
amenity,bus_station,amenitat/servei	=	estació d'autobusos
road_marking,bus_stop,senyalització_carretera parada_d'autobús
amenity,bus_stop,amenitat/servei	=	parada d'autobús
highway,bus_stop,carretera	=	parada d'autobús
barrier,bus_trap,barrera	=	parany d'autobús
line,busbar,línia	=	barra col·lectora
power,busbar,poder	=	barra col·lectora
operator:type,business,operador:tipus	business
shop,business_machines,botiga	=	màquines comercials
memorial,bust,monument	=	bust
artwork_type,bust,tipus d'obra d'art	=	bust
highway,busway,autopista	=	via d'autobús
service,busway,Servei	=	via d'autobús
shop,butcher,botiga	=	carnisser
wholesale,butcher,majorista	=	carnisser
natural,butte,natural	=	mota
valve,butterfly,vàlvula	=	papallona
zoo,butterfly,zoo	=	papallona
maxspeed,BY:urban,màxima velocitat	=	PER:urbà
vending,bycicle_tube,venda	=	tub de bicicleta
construction,byway,construcció	=	camí apartat
designation,byway_open_to_all_traffic,designació	=	camí obert a tot el trànsit
ewmapa:kod_znakowy,BZO,ewmapa:kod_znakowy BZO
KSJ2:curve_id,c00001,KSJ2:id_corba c00001
tiger:CLASSFP,C1,tigre: CLASEFP	=	C1
railway:track_class,C3,ferrocarril:classe_via C3
building,cabin,tipus d'edifici	=	cabina
craft,cabinet_maker,artesania	=	ebenista
power,cable,energia	=	cable
seamark:beacon_special_purpose:category,cable,seamark:beaamb propòsit especial:categoria	=	cable
seamark:type,cable_area,marca de mar: tipus	=	àrea de cables
barrier,cable_barrier,barrera	=	cable_barrera
aerialway,cable_car,via aèria	=	Telefèric
power,cable_distribution,poder	=	distribució_de_cable
power,cable_distribution_cabinet,poder	=	armari_de_distribució_de_cables
seamark:type,cable_overhead,marca de mar:tipus	=	cable_superior
seamark:type,cable_submarine,marca de mar:tipus	=	cable_submarí
bridge:structure,cable-stayed,pont:estructura	=	enretirat
trees,cacao_trees,arbres	=	arbres de cacau
government,cadaster,govern	=	cadastre
source,cadastre-dgi-fr_source_:_Direction_Générale_des_Finances_Publiques_-_Cadastre_;_mise_à_jour_:_2008,font	=	cadastre-dgi-fr font : Direction Générale des Finances Publiques - Cadastre ; posada al dia: 2008
club,cadet,club	=	cadet
shop,cafe,botiga	=	cafeteria
amenity,cafe,"Un cafè és un petit restaurant o cafeteria que serveix àpats lleugers, aperitius, cafè i altres begudes | amenitat/servei	=	cafeteria"
fast_food,cafeteria,menjar ràpid	=	cafeteria
man_made,cairn,artificial	=	fita
seamark:landmark:category,cairn,marca:punt de referència:categoria	=	fita
landmark,cairn,punt de referència	=	fita
seamark:beacon_special_purpose:shape,cairn,seamark:beaamb propòsit especial:forma	=	fita
trailblazed,cairns,pioner	=	fites
cuisine,cake,cuina	=	pastís
natural,caldera,natural	=	caldera
sport,calisthenics,esport	=	calistènia
office,call_center,oficina	=	centre de trucades
office,call_centre,oficina	=	centre de trucades
shop,call_shop,botiga	=	locutori
species,calleryana,espècies	=	calleryana
seamark:type,calling-in_point,marca de mar: tipus	=	punt de trucada
species,Callistemon␣salignus,espècies	=	Callistemon_salignus
species,Callistemon␣viminalis,espècies	=	Callistemon_viminalis
source:hgv:national_network,Caltrans http://www.dot.ca.gov/hq/traffops/trucks/truckmap/,font:camions:national_network Caltrans http://www.dot.ca.gov/hq/traffops/trucks/truckmap/
source:hgv:national_network,Caltrans␣http://www.dot.ca.gov/hq/traffops/trucks/truckmap/,font:hgv:red_nacional	=	Caltrans_http://www.dot.ca.gov/hq/traffops/trucks/truckmap/
genus,Camellia,gènere	=	Camèlia
species,Camellia␣sinensis␣(L.),espècies	=	Camèlia_sinensis_(L.)
species,Camellia␣sinensis␣(L.)␣Kuntze,espècies	=	Camellia_sinensis_(L.)_Kuntze
shop,camera,botiga	=	càmera
surveillance:type,camera,vigilància: tipus	=	càmera
camp_site,camp_pitch,càmping	=	camp de campament
tourism,camp_pitch,turisme	=	camp_pitch
tourism,camp_site,turisme	=	càmping
man_made,campanile,fet per l'home	=	campanar
office,camping,oficina	=	càmping
seamark:buoy_cardinal:shape,can,marca de mar: boia cardinal: forma	=	pot
seamark:buoy_safe_water:shape,can,marca:boia aigua segura:forma	=	pot
seamark:buoy_isolated_danger:shape,can,marca:boia aïllat perill:forma	=	pot
seamark:buoy_lateral:shape,can,marca:boia lateral:forma	=	pot
seamark:buoy_special_purpose:shape,can,seamark:boia propòsit especial:forma	=	pot
crop,cana-de-açúcar,cultiu	=	cana-de-sucre
sport,canadian_football,esport	=	futbol canadenc
water,canal,aigua	=	canal
waterway,canal,camí aquàtic	=	canal
route,canal,ruta	=	canal
tunnel,canal,túnel	=	canal
landuse,canal,ús del sòl	=	canal
NHD:FType,CanalDitch,NHD: Tipus F	=	canalzanja
gnis:ftype,CanalDitch,gnis:ftipus CanalDitch
sport,candlepin,esport	=	canelobre
shop,candles,botiga	=	espelmes
vending,candles,venda	=	espelmes
shop,cannabis,botiga	=	canabis
historic,cannon,històric	=	canó
sport,canoe,esport	=	canoa
route,canoe,ruta	=	canoa
boat:type,canoe,vaixell:tipus	=
amenity,canoe_hire,amenitat/servei	=	lloguer de canoes
shop,canoe_hire,botiga	=	lloguer de canoes
sport,canoe_polo,esport	=	pol de canoa
man_made,canopy,artificial	=	pavelló
building,canopy,tipus d'edifici	=	pavelló
aerialway,canopy,via aèria	=	pavelló
amenity,canteen,amenitat/servei	=	cantina
bridge,cantilever,pont	=	biga voladissa
political_division,canton,divisió política	=	cantó
religion,caodaism,religió	=	caodaisme
natural,cape,natural	=	capa
shop,car,botiga	=	cotxe
craft,car_painter,artesania	=	pintor de cotxes
shop,car_parts,botiga	=	peces d'automòbil
wholesale,car_parts,majorista	=	peces_de_cotxes
amenity,car_pooling,amenitat/servei	=	cotxe_compartit
police,car_pound,policia	=	lliura de cotxe
amenity,car_rental,amenitat/servei	=	lloguer de cotxes
amenity,car_repair,amenitat/servei	=	reparació de cotxes
craft,car_repair,artesania	=	reparació de cotxes
shop,car_repair,botiga	=	reparació de cotxes
police,car_repair,policia	=	reparació de cotxes
shop,car_service,botiga	=	Servei d'auto
amenity,car_sharing,amenitat/servei	=	auto compartit
amenity,car_wash,amenitat/servei	=	rentat de cotxes
shop,caravan,botiga	=	caravana
parking_space,caravan,plaça d'aparcament	=	caravana
tourism,caravan_site,turisme	=	lloc de caravanes
club,card_games,club	=	jocs de cartes
healthcare:speciality,cardiac_surgery,sanitat:especialitat	=	cirurgia cardíaca
healthcare:speciality,cardiology,sanitat:especialitat	=	cardiologia
healthcare:speciality,cardiothoracic_surgery,sanitat:especialitat	=	cirurgia cardiotoràcica
port,cargo,Port	=	càrrega
seaway,cargo_port,via marítima	=	port de càrrega
cuisine,caribbean,cuina	=	carib
genus,Carica,gènere	=	carica
species,Carica␣papaya,espècies	=	Carica_papaia
attraction,carousel,atracció	=	carrusel
craft,carpenter,artesania	=	fuster
shop,carpet,botiga	=	catifa
surface,carpet,superfície	=	catifa
craft,carpet_cleaner,artesania	=	netejador de catifa
man_made,carpet_hanger,fet per l'home	=	penjador de catifes
craft,carpet_layer,artesania	=	capa de catifa
amenity,carpet_washing,amenitat/servei	=	rentat de catifes
genus,Carpinus,gènere	=	Fuster
species,Carpinus betulus,espècie Carpinus betulus
species,Carpinus␣betulus,espècies	=	Carpinus_betulus
species,Carpinus␣betulus␣fastigiata,espècies	=	Carpinus_betulus_fastigiata
building,carport,tipus d'edifici	=	cotxera
parking,carports,estacionament	=	cotxeres
room,carrel,habitació	=	racó en una biblioteca
golf,cartpath,golf	=	camí de carros
amenity,carwash,amenitat/servei	=	rentat de cotxes
trees,cashew_trees,arbres	=	anacards
amenity,casino,amenitat/servei	=	casino
leisure,casino,temps lliure	=	casino
crop,cassava,cultiu	=	mandioca
lamp_mount,cast␣steel␣mast,muntatge_de_lampada	=	Màstil_d'acer_fós
description,Castaña,descripció Castaña
genus,Castanea,gènere	=	Castanea
species,Castanea sativa,espècie Castanea sativa
species,Castanea␣sativa,espècies	=	Castanea_sativa
historic,castle,històric	=	castell
building,castle,tipus d'edifici	=	castell
historic,castle_wall,històric	=	la paret del castell
wall,castle_wall,paret	=	la paret del castell
castle_type,castrum,tipus castell	=	castre
wood,casuarina,fusta	=	casuarina
species,Casuarina␣cunninghamiana,espècies	=	Casuarina_cunninghamiana
cuisine,catalan,cuina	=	català
genus,Catalpa,gènere	=	Catalpa
species,Catalpa␣bignonioides,espècies	=	Catalpa_bignonioides
power,catenary_mast,energia	=	catenària_pal
craft,caterer,artesania	=	proveïdor
building,cathedral,tipus d'edifici	=	catedral
denomination,catholic,denominació catòlica
highway,cattle_grid,autopista	=	reixeta de retenció
barrier,cattle_grid,barrera	=	reixeta de retenció
seamark:type,causeway,marca de mar: tipus	=	calçada elevada
location,cave,localització	=	cova
natural,cave,natural	=	cova
natural,cave_entrance,natural	=	cova_entrada
source:hgv:national_network,"CDOT ""Highway Data Explorer""","font:camions:national_network CDOT ""Dades de carreteres Explorador"""
source:hgv:national_network,"CDOT␣""Highway␣Data␣Explorer""","font:hgv:red_nacional	=	CDOT_""Highway_Data_Explorer"""
genus,Cedrus,gènere	=	cedre
species,Cedrus␣atlantica,espècies	=	Cedrus_atlàntica
species,Cedrus␣deodara,espècies	=	cedre_deodara
camera:mount,ceiling,càmera: muntar al sostre
shop,cell_phones,Buscar shop=mobile_phone	=	Buscar shop=mobile_phone
man_made,cellar_entrance,artificial	=	entrada_celler
genus,Celtis,gènere	=	celtís
species,Celtis australis,espècie Celtis australis
species,Celtis␣australis,espècies	=	Celtis_australis
species,Celtis␣occidentalis,espècies	=	Celtis_occidentalis
floor:material,cement,pis: material	=	ciment
surface,cement,superfície	=	ciment
building:material,cement_block,material de construcció	=	bloc de ciment
historic,cemetery,històric	=	cementiri
seamark:landmark:category,cemetery,marca:punt de referència:categoria	=	cementiri
landmark,cemetery,punt de referència	=	cementiri
landuse,cemetery,ús del sòl	=	cementiri
memorial,cenotaph,monument	=	cenotafi
tomb,cenotaph,tomba	=	cenotafi
boundary,census,Límit	=	cens
operator:en,Central Japan Railway Company,operador:en	Central Japan ferrocarril Company
telecom,central_office,telecomunicacions	=	oficina central
building,central_office,tipus d'edifici	=	oficina central
operator:en,Central␣Japan␣Railway␣Company,operador:ca	=	Central_Japó_Ferrocarril_Empresa
healthcare,centre,cura de la salut	=	centre
education,centre,educació	=	centre
recycling_type,centre,tipus_de_reciclatge	=	centre
pump_mechanism,centrifugal,mecanisme de bomba	=	centrífug
addr:suburb,Centro,adreça:suburb Centre
shop,ceramics,botiga	=	ceràmica
building:floor,ceramics,edifici:pis	=	ceràmica
genus,Cerasus,gènere	=	Ceraso
species,Cerasus␣×␣yedoensis,operador:ref:FR:SIRET	=	Cerasus_×_yedoensis
genus,Cercis,gènere	=	cercis
species,Cercis␣siliquastrum,espècies	=	Cercis_siliquastrum
crop,cereal,cultiu	=	cereal
man_made,ceremonial_gate,porta_ceremonial_artificial
boundary_name:cs,Česko-německá státní hranice,nom_límit:cs Česko-německá státní hranice
seamark:notice:system,cevni,seamark:avís:sistema	=	cevni
roof:material,cgi,sostre: material	=	cgi
barrier,chain,barrera	=	cadena
seamark:mooring:category,chain,marca:amarre:categoria	=	cadena
fence_type,chain_link,cerca_tipus	=	baula de la cadena
amenity,chair,amenitat/servei	=	cadira
aerialway,chair_lift,via aèria	=	telecadira
building,chalet,tipus d'edifici	=	xalet
tourism,chalet,turisme	=	xalet
genus,Chamaecyparis,gènere	=	Chamaecyparis
species,Chamaecyparis␣lawsoniana,espècies	=	Chamaecyparis_lawsoniana
government,chamber,govern	=	càmera
office,chamber,oficina	=	càmera
megalith_type,chamber,tipus de megàlit	=	càmera
shop,chandler,botiga	=	veler
seamark:small_craft_facility:category,chandler,seamark:instal·lació per a embarcacions petites:categoria	=	veler
amenity,changing_room,amenitat/servei	=	vestuari
building,changing_rooms,tipus d'edifici	=	vestidors
shelter_type,changing_rooms,tipus de refugi	=	vestidors
seamark:beacon_lateral:category,channel_left,marca:balisa lateral:categoria	=	canal esquerre
seamark:buoy_lateral:category,channel_left,marca:boia lateral:categoria	=	canal esquerre
seamark:beacon_lateral:category,channel_left_bank,marca:balisa lateral:categoria	=	marge esquerre del canal
seamark:beacon_lateral:category,channel_right,marca:balisa lateral:categoria	=	canal dret
seamark:buoy_lateral:category,channel_right,marca:boia lateral:categoria	=	canal dret
seamark:beacon_lateral:category,channel_right_bank,marca:balisa lateral:categoria	=	marge dret del canal
seamark:buoy_lateral:category,channel_separation,marca:boia lateral:categoria	=	separació de canals
seamark:landmark:function,chapel,marca:punt de referència:funció	=	capella
building,chapel,tipus d'edifici	=	capella
source:addr,Chapel Hill Open Data,font:adreça Dades Obertes de Chapel Hill
product,charcoal,producte	=	carbó
historic,charcoal_pile,històric	=	pila_de_carbon_
man_made,charge_point,punt_de_càrrega_artificial
parking_space,charging,plaça d'aparcament	=	carregant
amenity,charging_station,amenitat/servei	=	Estació de càrrega
amenity,charging_station/Tesla_Motors,amenitat/servei	=	estació de càrrega/Tesla Motors
shop,charity,botiga	=	caritat
office,charity,oficina	=	caritat
barrier,chech_hedgehog,barrera	=	eriçó txetx
valve,check,vàlvula	=	controlar
waterway,check_dam,camí aquàtic	=	presa de control
amenity,checkpoint,amenitat/servei	=	control
seamark:type,checkpoint,marca de mar: tipus	=	control
military,checkpoint,militar	=	control
police,checkpoint,policia	=	control
craft,cheese,artesania	=	formatge
shop,cheese,botiga	=	formatge
utility,chemical,utilitat	=	químic
shop,chemist,botiga	=	químic
vending,chemist,venda	=	químic
trees,cherry_trees,arbres	=	cirerers
club,chess,club	=	escacs
sport,chess,esport	=	escacs
vending,chewing_gums,venda	=	xiclets
seamark:radio_station:category,chiaka,seamark:emissora de ràdio:categoria	=	Chiaka
barrier,chicane,barrera	=	crítica
traffic_calming,chicane,calmar el trànsit	=	crítica
cuisine,chicken,cuina	=	pollastre
building,chicken_coop,tipus d'edifici	=	galliner
social_facility:for,child,social_facility:per	=	nen
healthcare:speciality,child_psychiatry,sanitat:especialitat	=	psiquiatria infantil
amenity,childcare,amenitat/servei	=	cura de nens
museum,children,museu	=	nens
hazard,children,perill	=	nens
man_made,chiller,artificial	=	refredador
man_made,chimney,artificial	=	Xemeneia
seamark:landmark:category,chimney,marca:punt de referència:categoria	=	Xemeneia
landmark,chimney,punt de referència	=	Xemeneia
craft,chimney_sweeper,artesania	=	escura-xemeneies
cuisine,chinese,cuina	=	xinès
religion,chinese_folk,religió	=	folklore xinès
sport,chinlone,esport	=	barbeta
surface,chipseal,superfície	=	segell de xip
healthcare:speciality,chiropractic,sanitat:especialitat	=	quiropràctica
shop,chocolate,botiga	=	xocolata
traffic_calming,choked_island,calmar el trànsit	=	illa ofegada
traffic_calming,choked_table,calmar el trànsit	=	taula ofegada
traffic_calming,choker,calmar el trànsit	=	collaret
health_facility:MG,CHRD,centre de salut:MG	=	CRD
religion,christian,religió	=	cristià
type,chronology,tipus	=	cronologia
health_facility:MG,CHRR,centre de salut:MG	=	CHRR
health_facility:MG,CHU,centre de salut:MG	=	CHU
historic,church,històric	=	església
seamark:landmark:function,church,marca:punt de referència:funció	=	església
building,church,tipus d'edifici	=	església
landuse,churchyard,ús del sòl	=	cementiri
cuisine,churro,cuina=xurros ( xurreria )
man_made,chute_block,fet per l'home	=	bloc de rampa
building:material,CI␣sheet,material de construcció	=	full CI_
waste,cigarettes,desaprofitar	=	cigarretes
vending,cigarettes,venda	=	cigarretes
cemetery,cillín,cementiri	=	cilín
building:material,ciment_block,material de construcció	=	ciment_block
ref:opendataparis:domanialit,CIMETIERE,ref:opendataparis:domanialit	=	CIMETER
amenity,cinema,amenitat/servei	=	cinema
turning_circle,circle,cercle_de_gir cercle
political_division,circonscription_législative,divisió política	=	circumscripció legislativa
power,circuit,poder	=	circuit
switch,circuit_breaker,canviar	=	tallacircuits
power,circuit_segment,poder	=	segment de circuit
radio_transponder:category,circular,transponedor de ràdio:categoria	=	circular
junction,circular,unió	=	circular
shape,circular,shape circular
megalith_type,cist,tipus de megàlit	=	tomba
castle_type,citadel,tipus castell	=	ciutadella
genus,Citrus,gènere	=	Agris
species,Citrus␣×␣aurantium,espècies	=	Cítrics_×_aurantium
species,Citrus␣×sinensis,espècies	=	Cítrics_×sinensis
species,Citrus␣aurantium,espècies	=	Citrus_aurantium
townhall:type,city,ajuntament:tipus	=	ciutat
place,city,lloc	=	ciutat
archaeological_site,city,lloc arqueològic	=	ciutat
site_type,city,tipus de lloc	=	ciutat
border_type,city,tipus frontera	=	ciutat
map_size,city,mida_mapa ciutat
place,city_block,lloc	=	Poma de la ciutat
historic,city_gate,històric	=	porta de la ciutat
traffic_sign,city_limit,senyal de trànsit	=	límit de la ciutat
barrier,city_wall,barrera	=	Muralla
historic,city_wall,històric	=	Muralla
amenity,citymap_post,amenitat/servei	=	publicació del mapa de la ciutat
historic,citywalls,històric	=	parets de la ciutat
building,civic,tipus d'edifici	=	cívic
landuse,civic_admin,ús del sòl	=	administrador cívic
boundary,civil,Límit	=	civil
designation,civil_parish,designació	=	parròquia civil
boundary,civil_parish,Límit	=	parròquia civil
place,civil_parish,lloc	=	parròquia civil
man_made,clarifier,fet per l'home	=	clarificador
room,class,habitació	=	classe
piste:grooming,classic,pista: preparació	=	clàssic
piste:grooming,classic;skating,pista: preparació	=	clàssic; patinatge
piste:grooming,classic+skating,pista: preparació	=	patinatge+classic
building:material,clay,material de construcció	=	argila
surface,clay,superfície	=	argila
odbl,clean,odbl	=	net
craft,cleaning,artesania	=	neteja
man_made,clearcut,artificial	=	és clar
landuse,clearing,ús del sòl	=	és clar
natural,cliff,natural	=	penya-segat
sport,cliff_diving,esport	=	salt de penya-segat
LINZ:layer,cliff_edge,LINZ: capa	=	vora del penya-segat
natural,cliff/Archive/Proposal,natural	=	penya-segat/Arxiu/Proposta
sport,climbing,esport	=	escalada
sport,climbing_adventure,esport	=	escalada_aventura
playground,climbingframe,parc infantil	=	gronxador
playground,climbingwall,parc infantil	=	mur d'escalada
amenity,clinic,amenitat/servei	=	clínica
healthcare,clinic,cura de la salut	=	clínica
healthcare:speciality,clinic,especialitat:de_salut	=	clínica
building,clinic,tipus d'edifici	=	clínica
healthcare:speciality,clinical_pathology,sanitat:especialitat	=	patologia clínica
amenity,cloakroom,amenitat/servei	=	guarda-roba
amenity,clock,amenitat/servei	=	rellotge
craft,clockmaker,artesania	=	rellotger
direction,clockwise,direcció	=	agulles del rellotge
turn_to_close,clockwise,girar per tancar	=	agulles del rellotge
operational_status,closed,estat operatiu	=	tancat
operational_status_quality,closed,estat_operatiu_qualitat	=	tancat
shop,clothes,botiga	=	roba
rental,clothes,lloguer	=
wholesale,clothes,majorista	=	roba
amenity,clothes_dryer,amenitat/servei	=	assecadora de roba
social_facility,clothing_bank,instal·lació social	=	banc de roba
natural,cloud,natural	=	núvol
amenity,club,amenitat/servei	=	club
leisure,club,temps lliure	=	club
community_centre,club_home,centre Comunitari	=	casa club
leisure,club_house,temps lliure	=	casa club
amenity,clubhouse,amenitat/servei	=	casa club
golf,clubhouse,golf	=	casa club
denotation,cluster,denotació	=	grup
source:postal_code,CNEFE,font: codi_postal	=	CNEFE
source:damage:Chido,CNES / Airbus,font:danys:Chido CNES / Airbus
substance,CNG,substància	=	GNC
route,coach,ruta	=	entrenador
power_source,coal,font d'alimentació	=	carbó
generator:source,coal,generador:font	=	carbó
plant:source,coal,planta:font	=	carbó
resource,coal,recurs	=	carbó
amenity,coast_guard,amenitat/servei	=	guardacostes
emergency,coast_guard,emergència	=	guardacostes
military_service,coast_guard,servei militar	=	guardacostes
amenity,coast_radar_station,amenitat/servei	=	estació de radar costanera
radio_transponder:category,coast_radio,transponedor de ràdio:categoria	=	ràdio de la costa
seamark:type,coastguard_station,marca de mar: tipus	=	estació de guardacostes
natural,coastline,natural	=	línia costanera
telecom:medium,coaxial,telecomunicacions: mitjà	=	coaxial
surface,cobblestone,superfície	=	còdols
surface,cobblestone:flattened,superfície	=	llamborda: aplanat
sport,cockfighting,esport	=	baralla de galls
trees,coconut_palms,arbres	=	palmeres_de_coco
genus,Cocos,gènere	=	Cocos
species,Cocos nucifera,espècie Cocos nucifera
species,Cocos␣nucifera,espècies	=	Cocosnunucifera
species,Cocos␣nucifera␣L.,espècies	=	Cocos_nucifera_L.
source:addr:postcode,code-point_open,font:direcció:codi postal	=	codi-punt_obert
genus,Coffea,gènere	=	Cafè
trees,coffea_plants,arbres	=	cafe_plantes
shop,coffee,botiga	=	cafè
crop,coffee,cultiu	=	cafè
vending,coffee,venda	=	cafè
cuisine,coffee_shop,cuina	=	cafeteria
vending,coin_change_machine,venda	=	màquina de canvi de moneda
vending,coin_rolls,venda	=	rotllos de monedes
natural,col,natural	=	columna
building,collapsed,tipus d'edifici	=	col·lapsat
type,collection,tipus	=	recopilació
shop,collector,botiga	=	col·leccionista
amenity,college,amenitat/servei	=	col·lega
building,college,tipus d'edifici	=	col·lega
school:MG,collège,escola:MG	=	facultat
covered,colonnade,cobert	=	columnata
lit:perceived,colorless,encès: percebut	=	incolor
tomb,columbarium,tomba	=	palomera
man_made,column,artificial	=	columna
building:part,column,edifici: part	=	columna
indoor,column,interior	=	columna
seamark:landmark:category,column,marca:punt de referència:categoria	=	columna
advertising,column,publicitat	=	columna
species,colurna,espècies	=	columna
generator:type,combined_cycle,generador: tipus	=	cicle combinat
plant:type,combined_cycle,planta: tipus	=	cicle combinat
generator:method,combustion,generador: mètode	=	combustió
plant:method,combustion,planta:mètode	=	combustió
mechanical_driver,combustion_engine,conductor mecànic	=	motor de combustió
books,comic,llibres	=	còmic
mooring,commercial,amarrador	=	comercial
building:use,commercial,edifici:ús	=	comercial
landuse,commercial,"L'ús comercial del sòl designa zones per a activitats empresarials, comerç, oficines i desenvolupament comercial | ús del sòl	=	comercial"
message,commercial,missatge	=	comercial
type,commercial,tipus	=	comercial
building,commercial,"Un edifici comercial és una estructura utilitzada per a activitats empresarials, oficines i operacions comercials | edifici	=	comercial"
building:part,commercial,edifici:part comercial
seamark:radio_station:category,commercial_broadcast,seamark:emissora de ràdio:categoria	=	transmissió comercial
building,commercial;residential,tipus d'edifici	=	residencial comercial
designation,common,designació	=	comú
leisure,common,lleure	=	comú
shop,communication,Buscar shop=telecommunication	=	Buscar shop=telecommunication
industrial,communication,industrial	=	comunicació
tower:type,communication,torre:tipus	=	comunicació
seamark:type,communication_area,marca de mar: tipus	=	àrea de comunicació
man_made,communications_tower,artificial	=	torre_de_comunicacions
operator:type,community,operador: tipus	=	comunitat
healthcare:speciality,community,sanitat:especialitat	=	comunitat
garden:type,community,jardí:tipus comunitat
amenity,community_centre,amenitat/servei	=	centre Comunitari
building,community_group_office,tipus d'edifici	=	oficina_del_grup_comunitari
healthcare,community_health_worker,cura de la salut	=	treballador comunitari de la salut
service,commuter,Servei	=	viatger diari a la feina
surface,compacted,superfície	=	comprimit
office,company,oficina	=	empresa
man_made,compass_rose,fet per l'home	=	Rosa dels vents
substation,compensation,subestació	=	compensació
power,compensator,poder	=	compensador
coastline:survey_quality,complete,litoral: qualitat d'aixecament	=	complet
material,composite,material	=	compost
amenity,compressed_air,amenitat/servei	=	aire comprimit
substation,compression,subestació	=	compressió
shop,computer,botiga	=	ordinador
training,computer,capacitació	=	ordinador
club,computer,club	=	ordinador
prison_camp,concentration_camp,camp de presoners	=	camp de concentració
amenity,concert_hall,amenitat/servei	=	sala de concerts
theatre:type,concert_hall,teatre: tipus	=	sala de concerts
amenity,concession_stand,amenitat/servei	=	lloc de menjar
fence_type,concrete,cerca_tipus	=	formigó
building:roof,concrete,edifici: sostre	=	formigó
surface,concrete,"El formigó és un material compost dur i durador fet de ciment, àrids i aigua, utilitzat per a diverses superfícies | superfície	=	formigó"
material,concrete,material	=	formigó
building:material,concrete,material de construcció	=	formigó
wall,concrete,paret	=	formigó
wall:material,concrete,paret: material	=	formigó
product,concrete,producte	=	formigó
roof:material,concrete,sostre: material	=	formigó
sidewalk:both:surface,concrete,sidewalk:ambdós:surface concrete
building:material,concrete masonry unit,material de construcció=blocs de formigó
wall,concrete_block,paret	=	bloc de formigó
industrial,concrete_plant,industrial	=	planta formigóa
building:material,concrete_reinforced,material de construcció	=	formigó_reforçat
building:material,concrete;brick,material de construcció	=	formigó; maó
surface,concrete:lanes,superfície	=	formigó:carrils
surface,concrete:plates,superfície	=	formigó: plaques
building:material,concrete␣masonry␣unit,material de construcció	=	unitat_de_mamposteria_de_formigó
residential,condominium,Residencial	=	condomini
building,condominium,tipus d'edifici	=	condomini
vending,condoms,venda	=	condons
seamark:topmark:shape,cone,marca de mar:marca de topall:forma	=	con
seamark:topmark:shape,"cone, point up","seamark:topmark:shape cone, point up"
seamark:topmark:shape,"cone,_point_down","marca de mar:marca de topall:forma	=	con, apuntar cap avall"
seamark:topmark:shape,"cone,_point_up","marca de mar:marca de topall:forma	=	con, apuntar cap amunt"
seamark:topmark:shape,"cone,␣point␣up","marca de mar:marca de topall:forma	=	con,_punta_cap amunt"
craft,confectionery,artesania	=	confiteria
shop,confectionery,botiga	=	confiteria
amenity,conference_centre,amenitat/servei	=	centre de conferències
building:structure,confined_masonary,Estructura de construcció	=	confinat_masonari
building:structure,confined_masonry,Estructura de construcció	=	maçoneria confinada
operational_status_quality,confirmed,estat_operacional_qualitat	=	confirmat
religion,confucian,religió	=	confucià
political_division,congressional_district,divisió política	=	districte congressual
seamark:buoy_cardinal:shape,conical,marca de mar: boia cardinal: forma	=	cònic
seamark:buoy_safe_water:shape,conical,marca:boia aigua segura:forma	=	cònic
seamark:buoy_isolated_danger:shape,conical,marca:boia aïllat perill:forma	=	cònic
seamark:buoy_lateral:shape,conical,marca:boia lateral:forma	=	cònic
seamark:buoy_special_purpose:shape,conical,seamark:boia propòsit especial:forma	=	cònic
wood,coniferous,fusta	=	conífer
piste:type,connection,pista: tipus	=	connexió
power,connection,poder	=	connexió
telecom,connection_point,telecomunicacions	=	punt de connexió
type,connectivity,tipus	=	connectivitat
landuse,conservation,ús del sòl	=	conservació
denomination,conservative,denominació	=	conservador
building,conservatory,tipus d'edifici	=	conservatori
radio_transponder:category,consol,transponedor de ràdio:categoria	=	consolar
seamark:conspicuity,conspicious,marca: visibilitat	=	conspicu
seamark:conspicuity,conspicuous,marca: visibilitat	=	conspicu
seamark:landmark:conspicuity,conspicuous,marca:punt de referència:conficitat	=	conspicu
building,constructie,tipus d'edifici	=	constructiu
waterway,construction,camí aquàtic	=	construcció
highway,construction,carretera / carrer / camí / pont / autovia / autopista = en construcció o en obres impossibilitant el seu ús o rutatge
company,construction,empresa	=	construcció
railway,construction,ferrocarril	=	construcció
building,construction,tipus d'edifici	=	construcció
landuse,construction,ús del sòl	=	construcció
industrial,construction_company,industrial	=	companyia de construcció
office,construction_company,oficina	=	companyia de construcció
consulate,consular_agency,consolat	=	agència consular
consulate,consular_office,consolat	=	oficina consular
amenity,consulate,amenitat/servei	=	consolat
diplomatic,consulate,diplomàtic	=	consolat
consulate,consulate_general,consolat	=	consolat general
diplomatic,consulate_general,diplomàtic	=	consolat general
office,consulting,oficina	=	consultant
vending,contact_lenses,venda	=	lents de contacte
construction:electrified,contact_line,construcció: electrificat	=	línia_de_contacte
electrified,contact_line,electrificat	=	línia_de_contacte
proposed:electrified,contact_line,proposat: electrificat	=	línia_de_contacte
cargo,container,càrrega	=	envàs
harbour:category,container,port:categoria	=	envàs
type,container,tipus	=	envàs
building,container,tipus d'edifici = contenidor
recycling_type,container,tipus_de_reciclatge	=	envàs
railway,container_terminal,ferrocarril	=	contenidor terminal
hazard,contamination,perill	=	contaminació
border_type,contiguous,tipus frontera	=	contigu
place,continent,lloc	=	continent
todo,continue,de fer	=	Seguir
railway:rail,continuous,ferrocarril:carril	=	continu
border_type,continuous,tipus frontera	=	continu
traffic_signals,continuous_green,Senyals de trànsit	=	verd continu
tactile_paving,contrasted,paviment_tàctil contrastat
emergency,control_centre,emergència	=	centre de control
seamark:type,control_point,marca de mar: tipus	=	punt de control
shop,convenience,botiga	=	conveniència
shop,convenience;gas,botiga	=	conveniència; gas
building,convent,tipus d'edifici	=	convent
amenity,convention_centre,amenitat/servei	=	Centre de convenció
power,converter,poder	=	convertidor
substation,converter,subestació	=	convertidor
transformer,converter,transformador	=	convertidor
comment,convertido a OSM usando http://GaleNUx.com,comentari convertit a OSM utilitzant http://GaleNUx.com
comment,convertido␣a␣OSM␣usando␣http://GaleNUx.com,comentari	=	convertit_a_OSM_usant_http://GaleNUx.com
highway,conveyor,autopista	=	transportador
seamark:type,conveyor,marca de mar: tipus	=	transportador
man_made,cooling,artificial	=	refredament
basin,cooling,conca	=	refredament
tower:type,cooling,torre:tipus	=	refredament
man_made,cooling_tower,artificial	=	Torre de refredament
craft,cooper,artesania	=	coure
office,cooperative,oficina	=	cooperativa
building:material,copper,material de construcció	=	coure
roof:material,copper,sostre: material	=	coure
telecom:medium,copper,telecomunicacions: mitjà	=	coure
shop,copyshop,botiga	=	copisteria
reef,coral_reef,escull escull_de_coral
species,cordata,espècies	=	cordata
designation,core_path,designació	=	ruta principal
crop,corn,cultiu	=	blat de moro
highway,corridor,carretera	=	corredor
room,corridor,habitació	=	corredor
indoor,corridor,interior	=	corredor
genus,Corylus,gènere	=	coril
species,Corylus colurna,espècie Corylus colurna
species,Corylus␣colurna,espècies	=	Corylus_columna
species,Corymbia␣maculata,espècies	=	Corymbia_maculata
beauty,cosmetics,bellesa	=	cosmètics
shop,cosmetics,botiga	=	productes cosmètics
wholesale,cosmetics,majorista	=	cosmètics
natural,couloir,natural	=	abisme
healthcare,counselling,cura de la salut	=	assessorament
place,country,lloc	=	país
shop,country_store,botiga	=	país_botiga
place,county,lloc	=	comtat
border_type,county,tipus frontera	=	comtat
barrier,coupure,barrera	=	cupure
amenity,courier,amenitat/servei	=	missatger
office,courier,oficina	=	missatger
amenity,courthouse,amenitat/servei	=	palau de justícia
man_made,courtyard,artificial = pati | claustre
cuisine,couscous,cuina	=	cuscús
bridge,covered,pont	=	cobert
tunnel,covered,túnel	=	cobert
seamark:rock:water_level,covers,seamark:rock:water_level covers
healthcare:speciality,covid19,especialitat:de_salut	=	COVID-19 [feminine
vaccination,covid19,vacunació	=	COVID-19
office,coworking,oficina	=	treball col·laboratiu
amenity,coworking_space,amenitat/servei	=	espai de treball conjunt
building,cowshed,tipus d'edifici	=	estable
shop,craft,botiga	=	artesania
crop,cranberries,cultiu	=	nabius
man_made,crane,artificial	=	grua
seamark:type,crane,marca de mar:tipus	=	grua
handle,crank,manejar	=	maneta
archaeological_site,crannog,lloc arqueològic	=	crannog
site_type,crannog,tipus de lloc	=	crannog
genus,Crataegus,gènere	=	Crataegus
species,Crataegus␣monogyna,espècies	=	Crataegus_monogyna
natural,crater,natural	=	cràter
historic,creamery,històric	=	lleteria
amenity,crematorium,amenitat/servei	=	crematori
amenity,crematory,amenitat/servei	=	crematori
cuisine,crepe,cuina	=	crepe
natural,crevasse,natural	=	esquerda
sport,cricket,esport	=	Grill
sport,cricket_nets,esport	=	xarxes_cricket
man_made,cricket_nets,fet per l'home	=	xarxes de cricket
content,crop,contingut	=	cultiu
sport,croquet,esport	=	joc de croquet
man_made,cross,artificial	=	creu
line_management,cross,maneig de línia	=	creuar
seamark:topmark:shape,cross,marca de mar:marca de topall:forma	=	creuar
seamark:landmark:category,cross,marca:punt de referència:categoria	=	creuar
memorial,cross,monument	=	creuar
landmark,cross,punt de referència	=	creuar
athletics,cross_country,atletisme	=	a camp entremaliada
telecom,cross-connect,telecomunicacions	=	connexió creuada
mtb:type,crosscountry,mtb: tipus	=	a camp entremaliada
sport,crossfit,esport	=	crossfit
highway,crossing,carretera	=	encreuament
cycleway,crossing,carril bici	=	encreuament
railway,crossing,ferrocarril	=	encreuament
footway,crossing,senda	=	encreuament
path,crossing,sender	=	encreuament
tower:type,crossing,torre:tipus	=	encreuament
junction,crossing,unió	=	encreuament
railway,crossing_box,ferrocarril	=	caixa d'encreuament
railway,crossing_controller,ferrocarril	=	controlador d'encreuament
railway,crossover,ferrocarril	=	Transversal
service,crossover,Servei	=	Transversal
seamark:beacon_lateral:category,crossover_left,marca:balisa lateral:categoria	=	creuat a l'esquerra
seamark:beacon_lateral:category,crossover_right,marca:balisa lateral:categoria	=	encreuament dret
amenity,crucifix,amenitat/servei	=	crucifix
mooring,cruise,amarrador	=	creuer
seaway,cruise_port,via marítima	=	port de creuers
amenity,crypt,amenitat/servei	=	cripta
tomb,crypt,tomba	=	cripta
species,Cryptomeria␣japonica,espècies	=	Cryptomeria_japonica
health_facility:MG,CSB1,centre de salut:MG	=	CSB1
health_facility:MG,CSB2,centre de salut:MG	=	CSB2
source:data,cugir.library.cornell.edu & gis.ny.gov/gisdata,font:dades cugir.library.cornell.edu i gis.ny.gov/gisdata
source:data,cugir.library.cornell.edu␣&␣gis.ny.gov/gisdata,dades font	=	cugir.library.cornell.edu_&_gis.ny.gov/gisdata
government,culture,govern	=	cultura
amenity,culture_center,amenitat/servei	=	Centre cultural
tunnel,culvert,túnel	=	claveguera
genus,Cupressus,gènere	=	cuprès
species,Cupressus sempervirens,espècie Cupressus sempervirens
species,Cupressus␣sempervirens,espècies	=	Cupressus_sempervirens
barrier,curb,barrera	=	frenar
sport,curling,esport	=	curling
cuisine,curry,cuina	=	curri
shop,curtain,botiga	=	cortina
hazard,curve,perill	=	corba
hazard,curves,perill	=	corbes
naptan:BusStopType,CUS,naptan:BusStopType	=	EE.UU.
traffic_calming,cushion,calmar el trànsit	=	coixí
car:parts,custom,peces d'automòbil	=	disfressa
motorcycle_friendly,customary,apte per a motocicletes	=	acostumat
access,customers,accés	=	clients
bicycle,customers,bicicleta	=	clients
internet_access:fee,customers,internet_access:tarifa	=	clients
toilets:access,customers,lavabos:accés	=
foot,customers,peu	=	clients
parking_space,customers,plaça d'aparcament	=	clients
vehicle,customers,vehicle	=	clients
motor_vehicle,customers,Vehicle de motor	=	clients
amenity,customs,amenitat/servei	=	duanes
government,customs,govern	=	duanes
survey_point:structure,cut,punt d'enquesta: estructura	=	Tall
man_made,cut_line,fet per l'home	=	línia de tall
man_made,cutline,artificial	=	línia de tall
source:addr,cuzk:ruian,font: direcció	=	cuzk:ruian
sport,cycle_ball,esport	=	bola de cicle
barrier,cycle_barrier,barrera	=	cicle_barrera
cycle_network,cycle_highway,xarxa de bicicletes	=	ciclovia
sport,cycle_polo,esport	=	pol ciclista
construction,cycleway,construcció	=	carril bici
highway,cycleway,"Un carril bici és una carretera o camí específicament designat per al trànsit de bicicletes, separat dels carrils de vehicles motoritzats | carretera	=	carril bici"
area:highway,cycleway,zona:carretera	=	carril bici
highway,cycleway_link,autopista	=	enllaç de carril bici
sport,cycling,esport	=	ciclisme
hazard,cyclists,perill	=	ciclistes
seamark:topmark:shape,cylinder,marca de mar:marca de topall:forma	=	cilindre
light:shape,cylindrical,llum:forma	=	cilíndric
maxspeed,CZ:urban,màxima velocitat	=	CZ:urbà
maxspeed:type,CZ:urban,velocitat màxima:tipus CZ:urbà
source:maxspeed,CZ:urban,font:velocitat màxima CZ:urban
barrier,czech_hedgehog,barrera	=	eriçó txec
tank_trap,czech_hedgehog,trampa de tanc	=	eriçó txec
bmo:type,D,bmo: tipus	=	D
railway:track_class,D3,ferrocarril:classe_via D3
railway:track_class,D4,ferrocarril: track_class	=	D4
species,dactylifera,espècies	=	dactilolifera
source:description,dadosabertos.cm-lisboa.pt,font:descripció dadosabertos.cm-lisboa.pt
shop,dairy,botiga	=	lactis
waterway,dam,camí aquàtic	=	presa
seamark:type,dam,marca de mar: tipus	=	represa
building,dam,tipus d'edifici	=	represa
building,damaged,tipus d'edifici	=	danyat
hazard,damaged_road,perill	=	camí danyat
wetland,dambo,aiguamoll	=	dambo
leisure,dance,temps lliure	=	ballar
sport,dancing,esport	=	ball
leisure,dancing,temps lliure	=	ball
amenity,dancing_school,amenitat/servei	=	escola de ball
military,danger_area,militar	=	perill_àrea
seamark:beacon_lateral:category,danger_left,marca:balisa lateral:categoria	=	perill deixat
seamark:buoy_lateral:category,danger_left,marca:boia lateral:categoria	=	perill deixat
seamark:beacon_lateral:category,danger_right,marca:balisa lateral:categoria	=	perill dret
seamark:buoy_lateral:category,danger_right,marca:boia lateral:categoria	=	perill dret
seamark:wreck:category,dangerous,marca:naufragi:categoria	=	perillós
hazard,dangerous_junction,perill	=	encreuament perillós
sport,darts,esport	=	dards
road_marking,dash,marcació_carretera guió
road_marking,dashed_crossing_edge,marcació_carretera vora_d'encreuament_disconegut
road_marking,dashed_give_way_line,marcació_carretera línia_de_cessió_de_pas discontinua
crossing:markings,dashes,creuament:marques guions
telecom,data_center,telecomunicacions	=	centre de dades
building,data_center,tipus d'edifici	=	centre de dades
industrial,data_centre,industrial	=	centre de dades
telecom,data_centre,telecomunicacions	=	centre de dades
building,data_centre,tipus d'edifici	=	centre de dades
government,data_protection,govern	=	protecció de Dades
source:heritage,"data.gouv.fr, Ministère de la Culture - 2016","font:heritage data.gouv.fr, Ministeri de Cultura - 2016"
source:heritage,"data.gouv.fr,␣Ministère␣de␣la␣Culture␣-␣2016","font: herència	=	data.gouv.fr,_Ministère_de_la_Culture_-_2016"
source:name,data.gov.au,font:name data.sa.gov.au
source:name,data.sa.gov.au,font:nom GA Surface Hydro
telecom,datacenter,telecomunicacions	=	centre de dades
addr:postcode:source,"Date de la Poșta Română, publicate sub Licența pentru Guvernare Deschisă v1.0 la http://date.gov.ro/organization/posta-romana","adreça:postcode:source Data de la Poșta Română, publicat sub Licența pentru Guvernare Deschisă v1.0 a http://data.gov.ro/organization/posta-romana"
trees,date_palms,arbres	=	palmeres datileres
seamark:light:exhibition,day,marca:llum:exposició	=	dia
social_facility,day_care,instal·lacions_socials	=	guarderia
lit:perceived,daylike,encès: percebut	=	diürn
seamark:type,daymark,marca de mar: tipus	=	marca de dia
object:country,DE,objecte:país	=	Delaware
network:guid,DE-BW-VRN,xarxa:guid DE-BW-VRN
network:guid,DE-BY-MVV,xarxa:guid DE-BY-MVV
railway:signal:main:substitute_signal,DE-ESO:db:zs1,ferrocarril:senyal:principal:senyal_substitut DE-ESO:db:zs1
railway:signal:main,DE-ESO:hp,ferrocarril:senyal:principal	=	D'ESO:hp
railway:signal:minor:states,DE-ESO:hp0;DE-ESO:sh1,ferrocarril:senyal:menor:estats	=	DE-ESO:hp0;DE-ESO:sh1
railway:signal:combined,DE-ESO:ks,ferrocarril:signal:combined	DE-ESO:ks
railway:signal:distant,DE-ESO:ks,ferrocarril:signal:distant	DE-ESO:ks
railway:signal:main,DE-ESO:ks,ferrocarril:senyal:principal DE-ESO:ks
railway:signal:distant:states,DE-ESO:ks1;DE-ESO:ks2,ferrocarril:signal:distant:states	DE-ESO:ks1;DE-ESO:ks2
railway:signal:speed_limit,DE-ESO:lf7,ferrocarril:senyal:speed_limit	=	D'ESO:lf7
railway:signal:traversable,DE-ESO:mastschild_rot-weiss,ferrocarril:senyal:transversable DE-ESO:mastschild_rot-weiss
railway:signal:minor,DE-ESO:sh,ferrocarril:senyal:menor	=	D'ESO:sh
railway:signal:minor,DE-ESO:sh1,ferrocarril:senyal:menor DE-ESO:sh1
railway:signal:distant,DE-ESO:vr,ferrocarril:senyal:distant	=	D'ESO:vr
railway:signal:speed_limit,DE-ESO:zs3,ferrocarril:senyal:speed_limit	=	D'ESO:zs3
railway:signal:speed_limit_distant,DE-ESO:zs3v,ferrocarril:senyal:límit_de_velocitat_distant DE-ESO:zs3v
zone:maxspeed,DE:30,zone:velocitat màxima	DE:30
traffic_sign:backward,DE:325.1,senyal de trànsit: al revés	=	DE:325.1
traffic_sign:forward,DE:325.1,senyal de trànsit: endavant	=	DE:325.1
traffic_sign:backward,DE:325.2,senyal de trànsit: al revés	=	DE:325.2
traffic_sign:forward,DE:325.2,senyal de trànsit: endavant	=	DE:325.2
operator:wikipedia,de:DB InfraGO,operador:wikipedia	de:DB InfraGO
operator:wikipedia,de:Deutsche Post AG,operador:wikipedia	de:Deutsche Post AG
workrules,DE:EBO,regles de treball	=	DE:EBO
zone:traffic,DE:motorway,zona:tràfic	=	DE:autopista
source:maxspeed,DE:motorway,font:velocitat màxima DE:autopista
network:wikipedia,de:Rhein-Main-Verkehrsverbund,xarxa:wikipedia de:Rhein-Main-Verkehrsverbund
maxspeed,DE:rural,màxima velocitat	=	DE:rural
maxspeed:type,DE:rural,velocitat màxima: tipus	=	DE:rural
zone:traffic,DE:rural,zona:tràfic	=	DE:rural
source:maxspeed,DE:rural,font:velocitat màxima DE:rural
maxspeed,DE:urban,màxima velocitat	=	ÉS:urbà
maxspeed:type,DE:urban,velocitat màxima: tipus	=	ÉS:urbà
zone:traffic,DE:urban,zona:tràfic	=	ÉS:urbà
source:maxspeed,DE:urban,font:velocitat màxima DE:urban
source:maxspeed,DE:zone,font:velocitat màxima DE:zone
source:maxspeed,DE:zone:30,font:velocitat màxima DE:zone:30
maxspeed:type,DE:zone30,velocitat màxima: tipus	=	DE:zone30
source:maxspeed,DE:zone30,font:velocitat màxima DE:zone30
zone:traffic,DE:zone30,zone:traffic	DE:zone30
amenity,dead_pub,amenitat/servei	=	taverna morta
service,dealer,Servei	=	distribuïdor
service,dealer;repair,Servei	=	distribuïdor;reparació
barrier,debris,barrera	=	runes
seamark:radio_station:category,decca,seamark:emissora de ràdio:categoria	=	deca
leaf_cycle,deciduous,cicle_full	=	caduc
wood,deciduous,fusta	=	caduc
mooring,declaration,amarrador	=	declaració
denotation,decoration,denotació decoració
waterway,deep_well,camí aquàtic	=	pou profund
seamark:type,deepwater_route,marca de mar: tipus	=	ruta d'aigües profundes
maxheight,default,Alçada màxima	=	per defecte
railway:switch,default,ferrocarril: interruptor	=	defecte
maxspeed:source,default residential speed limit in Australia,velocitat_màxima:source límit de velocitat residencial per defecte a Austràlia
type,defaults,tipus	=	predeterminats
railway,defect_detector,ferrocarril	=	detector de defectes
castle_type,defensive,tipus castell	=	defensiu
tower:type,defensive,torre:tipus	=	defensiu
emergency,defibrilator,emergència	=	desfibril·lador
emergency,defibrillator,emergència	=	desfibril·lador
condition,deficient,condició	=	deficient
source:prow_ref,definitive_statement,font: proa_ref	=	declaració_definitiva
embassy,delegation,ambaixada	=	delegació
diplomatic,delegation,diplomàtic	=	delegació
shop,deli,botiga	=	embotits
shop,delicatessen,botiga	=	Botigues Delicatessen
crossing_ref,delineated,referència d'encreuament	=	delineat
access,delivery,accés	=	entrega
parking_space,delivery,plaça d'aparcament	=	entrega
motor_vehicle,delivery,Vehicle de motor	=	entrega
hgv,delivery,vhg	=	entrega
design,delta,disseny	=	delta
camp_site,deluxe,càmping	=	de luxe
sac_scale,demanding_alpine_hiking,sac_escala	=	exigent_senderisme_alpí
sac_scale,demanding_mountain_hiking,sac_escala	=	exigent_muntanya_senderisme
building,demountable,tipus d'edifici	=	desmuntable
heritage:operator:short,Denkmalamt Düsseldorf,heritage:operador:curt Denkmalamt Düsseldorf
shrubbery:density,dense,shrubbery:density dense
healthcare:speciality,dental_oral_maxillo_facial_surgery,sanitat:especialitat	=	cirurgia dental maxil·lofacial oral
craft,dental_technician,artesania	=	tècnic dental
amenity,dentist,amenitat/servei	=	dentista
healthcare,dentist,cura de la salut	=	dentista
healthcare:speciality,dentist,sanitat:especialitat	=	dentista
healthcare:speciality,dentist;orthodontics,especialitat:de_salut	=	dentista;ortodòncia
healthcare:speciality,dentistry,especialitat:de_salut	=	odontologia
shop,dentures,botiga	=	dentadura postissa
massgis:SOURCE,DEP-WCP,massgis:SOURCE DEP-WCP
shop,department_store,botiga	=	grans magatzems
industrial,depot,industrial	=	dipòsit
military,depot,militar	=	dipòsit
landuse,depot,ús del sòl	=	dipòsit
healthcare:speciality,depth,sanitat:especialitat	=	profunditat
seamark:type,depth_contour,marca de mar: tipus	=	contorn de profunditat
note:name,"Der reg_name, sowie ggf. der loc_name sind dem zugehörigen Wikipediaartikel entnommen.","note:name	Der reg_name, sowie ggf. der loc_name sind dem zugehörigen Wikipediaartikel entnommen."
note:name,"Der␣reg_name,␣sowie␣ggf.␣der␣loc_name␣sind␣dem␣zugehörigen␣Wikipediaartikel␣entnommen.","nota: nom	=	Der_reg_name,_sowie_ggf._der_loc_name_sind_dem_zugehörigen_Wikipediaartikel_entnommen."
railway,derail,ferrocarril	=	fer descarrilar
waterway,derelict_canal,camí aquàtic	=	canal_abandonat
healthcare:speciality,dermatology,sanitat:especialitat	=	dermatologia
healthcare:speciality,dermatovenereology,sanitat:especialitat	=	dermatovenereologia
man_made,desalination_plant,fet per l'home	=	planta dessalinitzadora
natural,desert,natural	=	Desert
archaeological_site,desert_kite,lloc arqueològic	=	estel del desert
access,designated,accés	=	designat
bus,designated,autobús	=	designat
motorcar,designated,automòbil	=	designat
bicycle,designated,bicicleta	=	designat
mtb,designated,bicicleta de muntanya	=	designat
wheelchair,designated,cadira de rodes	=	designat
priority_road,designated,carretera_prioritària	=	designat
cycleway:foot,designated,carril bici: peu	=	designat
golf_cart,designated,carro de golf	=	designat
horse,designated,cavall	=	designat
moped,designated,ciclomotor	=	designat
emergency,designated,emergència	=	designat
dog,designated,gos	=	designat
forklift,designated,màquina elevadora	=	designat
hazmat,designated,materials perillosos	=	designat
mofa,designated,mofa	=	designat
motorcycle,designated,motocicleta	=	designat
snowmobile,designated,motoneu	=	designat
foot,designated,peu	=	designat
psv,designated,psv	=	designat
motor_vehicle,designated,Vehicle de motor	=	designat
hgv,designated,vhg	=	designat
path,desire,camí	=	desig
cuisine,dessert,cuina	=	postres
access,destination,accés	=	destinació
motorcar,destination,automòbil	=	destinació
bicycle,destination,bicicleta	=	destinació
emergency,destination,emergència	=	destinació
motorcycle,destination,motocicleta	=	destinació
foot,destination,peu	=	destinació
vehicle,destination,vehicle	=	destinació
motor_vehicle,destination,Vehicle de motor	=	destinació
hgv,destination,vhg	=	destinació
type,destination_sign,tipus	=	signe_destí
type,destinationsign,tipus	=	senyal de destinació
house,detached,casa	=	separat
building,detached,tipus d'edifici	=	separat
basin,detention,conca	=	detenció
police,detention,policia	=	detenció
route,detour,ruta	=	desviament
seamark:mooring:category,deviation_dolphin,marca:amarre:categoria	=	desviació dofí
amenity,device_charging_station,amenitat/servei	=	estació de càrrega de dispositius
seamark:radio_station:category,dgps,seamark:emissora de ràdio:categoria	=	dgps
healthcare:speciality,diagnostic_radiology,sanitat:especialitat	=	radiologia diagnòstica
parking:orientation,diagonal,estacionament: orientació	=	diagonal
parking:lane:both,diagonal,estacionament:carril:tots dos	=	diagonal
seamark:buoy_special_purpose:colour_pattern,diagonal,marca de mar: boia propòsit especial: patró de color	=	diagonal
orientation,diagonal,orientació	diagonal
healthcare,dialysis,cura de la salut	=	diàlisi
healthcare:speciality,dialysis,especialitat:de_salut	=	diàlisi
railway,diamond,ferrocarril	=	diamant
seamark:topmark:shape,diamond,marca de mar:marca de topall:forma	=	diamant
seamark:fog_signal:category,diaphone,seamark: senyal de boira: categoria	=	diàfon
pump_mechanism,diaphragm,mecanisme de bomba	=	diafragma
generator:source,diesel,generador:font	=	dièsel
healthcare:speciality,dietitian,especialitat:de_salut	=	dietista
sac_scale,difficult_alpine_hiking,sac_escala	=	senderisme_alpí_difícil
building,digester,tipus d'edifici	=	digeridor
source:position,DigitalGlobe Standard,font: posició DigitalGlobe Standard
man_made,dike,fet per l'home	=	dic
borracha,dinamitera,cuélebre	=	trasgu
boat:type,dinghy,vaixell:tipus	=
traffic_calming,dip,calmar el trànsit	=	salsa
hazard,dip,perill	=	salsa
office,diplomatic,oficina	=	diplomàtic
inlet,direct,entrada	=	directe
outlet,direct,presa de corrent	=	directe
lamp:shape,directed,llum: forma	=	dirigit
light:shape,directed,llum:forma	=	dirigit
radio_transponder:category,direction_finding,transponedor de ràdio:categoria	=	cerca de direcció
seamark:light:1:category,directional,seamark:llum:1:categoria	=	direccional
seamark:light:category,directional,seamark:llum:categoria	=	direccional
radio_transponder:category,directional,transponedor de ràdio:categoria	=	direccional
surface,dirt,superfície	=	brutícia
road_marking,dirt_road,marcació_carretera carretera_de_terra
surface,dirt/sand,superfície	=	terra/sorra
parking_space,disabled,plaça d'aparcament	=	desactivat
social_facility:for,disabled,social_facility:per	=	desactivat
emergency,disaster_help_point,emergència	=	punt dajuda en cas de desastre
emergency,disaster_response,emergència	=	resposta al desastre
sport,disc_golf,esport	=	disc de golf
leisure,disc_golf_course,temps lliure	=	camp de golf de disc
light:method,discharge,llum:mètode	=	descàrrega
switch,disconnector,canviar	=	desconnectador
shop,discount,botiga	=	descompte
access,discouraged,accés	=	desanimat
foot,discouraged,peu	=	desanimat
hgv,discouraged,vhg	=	desanimat
athletics,discus_throw,atletisme	=	llançament de disc
tower:construction,dish,torre:construcció	=	plat
seamark:landmark:category,dish_aerial,marca:punt de referència:categoria	=	antena parabòlica
landmark,dish_aerial,punt de referència	=	antena parabòlica
railway,dismantled,ferrocarril	=	desmantellat
access,dismount,accés	=	desmuntar
bicycle,dismount,bicicleta	=	desmuntar
horse,dismount,cavall	=	desmuntar
emergency:social_facility:for,displaced_people,emergència: facilitat social: per	=	persones desplaçades
boundary,disputed,Límit	=	qüestionat
seamark:type,distance_mark,marca de mar: tipus	=	distància_marca
craft,distillery,artesania	=	destil·leria
company,distribution,empresa	=	distribució
substation,distribution,subestació	=	distribució
transformer,distribution,transformador	=	distribució
usage,distribution,ús	=	distribució
telecom,distribution_point,telecomunicacions	=	punt de distribució
industrial,distributor,industrial	=	distribuïdor
historic,district,històric	=	districte
place,district,lloc	=	districte
amenity,disused,amenitat/servei	=	en desús
highway,disused,autopista	=	en desús
railway,disused,ferrocarril	=	en desús
lit,disused,il·luminat	=	en desús
building,disused,tipus d'edifici	=	en desús
water,ditch,aigua	=	abandoneu
barrier,ditch,barrera	=	abandoneu
waterway,ditch,camí aquàtic	=	abandoneu
shop,dive,botiga	=	bussejar
amenity,dive_centre,amenitat/servei	=	centre_de_busseig
sport,diving,esport	=	busseig
tower:type,diving,torre:tipus	=	busseig
shop,diy,botiga	=	bricolatge
source:maxspeed,DK:rural,font:velocitat màxima DK:rural
source:maxspeed,DK:urban,font:velocitat màxima DK:urban
created_by,dmgroom_coastlines,creat_per dmgroom_coastlines
water,dock,aigua	=	moll
waterway,dock,camí aquàtic	=	moll
bicycle_rental,docking_station,lloguer de bicicletes	=	estació d'acoblament
amenity,doctor,amenitat/servei	=	metge
healthcare,doctor,cura de la salut	=	metge
amenity,doctors,amenitat/servei	=	metges
sport,dog_agility,esport	=	agilitat del gos
amenity,dog_bin,amenitat/servei	=	paperera per a gossos
waste,dog_excrement,desaprofitament	=	excrement_de_gos
leisure,dog_park,lleure	=	parc_gos
amenity,dog_parking,amenitat/servei	=	estacionament per a gossos
sport,dog_racing,esport	=	carreres de gossos
amenity,dog_toilet,amenitat/servei	=	vàter per a gossos
amenity,dog_waste_bin,amenitat/servei	=	cub d'escombraries per a gossos
shop,doityourself,botiga	=	fes-ho tu mateix
amenity,dojo,amenitat/servei	=	dojo
sinkhole,doline,embornal	=	dolina
megalith_type,dolmen,tipus de megàlit	=	dolmen
tomb,dolmen,tomba	=	dolmen
man_made,dolphin,artificial	=	dofí
seamark:mooring:category,dolphin,marca:amarre:categoria	=	dofí
camera:type,dome,càmera: tipus	=	Fes-me
seamark:landmark:category,dome,marca:punt de referència:categoria	=	Fes-me
landmark,dome,punt de referència	=	Fes-me
roof:shape,dome,sostre:forma	=	Fes-me
tower:construction,dome,torre:construcció	=	Fes-me
amenity,donation,amenitat/servei	=	donació
design,donau,disseny	=	donau
defensive,donjon,defensiu	=	torre principal
tower:type,donjon,torre:tipus	=	torre principal
cuisine,donut,cuina	=	rosquilla
cuisine,donut;coffee_shop,cuina	=	donut;cafeteria
barrier,door,barrera	=	porta
indoor,door,interior	=	porta
craft,door_construction,artesania	=	construcció de portes
shop,doors,botiga	=	portes
amenity,dormitory,amenitat/servei	=	dormitori
building,dormitory,tipus d'edifici	=	dormitori
crossing:markings,dots,creuament:marques punts
wires,double,filferros	=	doble
cycle_barrier,double,barrera_ciclable doble
gate:type,double,porta:tipus doble
traffic_calming,double_dip,calmar el trànsit	=	doble càrrega
crossing:barrier,double_half,creuament:barrera doble meitat
roof:shape,double_saltbox,sostre: forma	=	doble_saltbox
railway:switch,double_slip,ferrocarril:interruptor doble_lliscament
man_made,dovecote,artificial	=	colomar
building,dovecote,tipus d'edifici	=	colomar
direction,down,direcció	=	a baix
incline,down,inclinació	=	a baix
mtb:type,downhill,mtb: tipus	=	costa avall
piste:type,downhill,pista: tipus	=	costa avall
aerialway,drag_lift,via aèria	=	ascensor d'arrossegament
sport,dragon_boat,esport	=	vaixell de Drac
water,drain,aigua	=	fuga
waterway,drain,camí aquàtic	=	fuga
manhole,drain,forat dhome	=	fuga
LINZ:layer,drain_cl,LINZ: capa	=	drenatge_cl
drink:viez,draught,beguda: vez	=	Barril
bridge,drawbridge,pont	=	pont llevadís
bridge:movable,drawbridge,pont: mòbil	=	pont llevadís
waterway,dredged_area,camí aquàtic	=	àrea dragada
seamark:type,dredged_area,marca de mar: tipus	=	àrea dragada
seamark:type,dregded_area,marca de mar: tipus	=	àrea dragada
amenity,dressing_room,amenitat/servei	=	Vestidor
craft,dressmaker,artesania	=	modista
fountain,drinking,font	=	Bevent
man_made,drinking_fountain,fet per l'home	=	abeurador
amenity,drinking_water,amenitat/servei	=	aigua potable
content,drinking_water,contingut	=	aigua potable
emergency,drinking_water,emergència	=	aigua potable
wholesale,drinks,majorista	=	begudes
vending,drinks,venda	=	begudes
service,drive_through,Servei	=	servei al carro
service,drive-through,Servei	=	servei al carro
amenity,driver_training,amenitat/servei	=	entrenament_del_conductor
amenity,driver_training_area,amenitat/servei	=	zona de formació de conductors
service,driveway,Servei	=	entrada de cotxes
service,driveway2,Servei	=	calçada2
training,driving,capacitació	=	conduint
golf,driving_range,golf	=	àrea de maneig
amenity,driving_school,amenitat/servei	=	autoescola
waste,drugs,desaprofitar	=	drogues
pillar:type,dry_barrel,pilar: tipus	=	barril_sec
shop,dry_cleaning,botiga	=	Neteja en sec
cooling:method,dry_cooling,mètode de refredament	=	refrigeració en sec
seamark:type,dry_dock,marca de mar: tipus	=	dic sec
emergency,dry_riser,emergència	=	elevador sec
emergency,dry_riser_inlet,emergència	=	entrada de tub vertical sec
seasonal,dry_season,estacional	=	estació seca
material,dry_stone,material	=	pedra seca
wall,dry_stone,paret	=	pedra seca
building:material,dry_stone,pedra seca com a material de l’edifici
dock,drydock,moll	=	dic sec
amenity,dryer,amenitat/servei	=	assecadora
waterway,drystream,camí aquàtic	=	corrent sec
type,dual_carriageway,tipus	=	autovia
type,dugwell,tipus	=	pou excavat
seamark:type,dumping_ground,marca de mar: tipus	=	abocador
cuisine,dumpling,cuina	=	bola de massa bullida
cuisine,dumplings,cuina	=	mandonguilles
landform,dune,forma de relleu	=	duna
natural,dune,natural	=	duna
landform,dune_system,forma de relleu	=	sistema_de_dunes
landcover,dunes,coberta terrestre	=	dunes
residential,duplex,Residencial	=	dúplex
building,duplex,tipus d'edifici	=	dúplex
trees,durian_trees,arbres	=	arbres de durià
lit,dusk-dawn,il·luminat	=	clarejar
light:lit,dusk-dawn,Llum encesa	=	clarejar
object:city,Düsseldorf,objecte:ciutat	=	Düsseldorf
communication:television,dvb-t,comunicació:televisió	=	dvb-t
communication:television,dvb-t2,comunicació:televisió	=	dvb-t2
beacon:type,DVOR,balisa: tipus	=	DVOR
railway:signal:minor:height,dwarf,ferrocarril:senyal:menor:alçada	=	nan
railway:signal:shunting:height,dwarf,ferrocarril:senyal:maniobra:alçada nan
building,dwelling_house,tipus d'edifici	=	casa d'habitatge
man_made,dyke,artificial	=	dic
embankment,dyke,terraplè	=	dic
traffic_calming,dynamic_bump,calmar el trànsit	=	cop dinàmic
source:maxaxleload,Dz.U. 2011 nr 222 poz. 1321 Art. 2 pkt. 11,font:maxaxleload Dz.U. 2011 núm. 222 poz. 1321 Art. 2 paquets. 11
cai_scale,E,escala_cai	=	el meu
direction,E,direcció E
naptan:Bearing,E,naptan: Tenint E
int_ref,E 22,int_referència E 22
int_ref,E 30,int_referència E 30
int_ref,E 40,int_referència E 40
int_ref,E 45,int_referència E 45
int_ref,E 70,int_referència E 70
int_ref,E 75,int_referència E 75
shop,e-cigarette,botiga	=	cigarret electrònic
vending,e-cigarettes,venda	=	cigarretes electròniques
int_ref,E␣22,int_ref	=	E_22
int_ref,E␣40,int_ref	=	E_40
int_ref,E␣45,int_ref	=	E_45
int_ref,E␣75,int_ref	=	E_75
cai_scale,EAI,escala cai	=	IAE
material,earth,material	=	terra
building:material,earth,material de construcció	=	terra
surface,earth,superfície	=	terra
natural,earth_bank,natural	=	banc_terra
switch,earthing,canviar	=	presa de terra
damage:type,earthquake,tipus de dany	=	terratrèmol
seamark:buoy_cardinal:category,east,marca:boia cardenal:categoria	=	aquest
addr:street:prefix,East,adreça:carrer:prefix Est
name:prefix,East,nom:prefix Est
operator:en,East Japan Railway Company,operador:en	East Japan ferrocarril Company
operator:en,East␣Japan␣Railway␣Company,operador:ca	=	Aquest_Japó_Ferrocarril_Empresa
piste:difficulty,easy,pista: dificultat	=	fàcil
seamark:restricted_area:category,ecological_reserve,seamark:àrea restringida:categoria	=	reserva ecològica
boundary,economic,Límit	=	econòmic
shop,edible_seeds,botiga	=	llavors comestibles
amenity,education,amenitat/servei	=	educació
government,education,govern	=	educació
building,education,tipus d'edifici	=	educació
landuse,education,ús del sòl	=	educació
office,educational_institution,oficina	=	institució educativa
pump_mechanism,eductor_jet,mecanisme de bomba	=	raig eductor
cai_scale,EE,escala cai	=	EE.UU.
cai_scale,EEA,escala cai	=	EEE
cai_scale,EEA:D,escala cai	=	EEE:D
cai_scale,EEA:E,escala cai	=	EEE: ÉS
cai_scale,EEA:F,escala cai	=	EEE:F
cai_scale,EEA:MD,escala cai	=	EEE: MD
cai_scale,EEA:PD,escala cai	=	EEA:PD
border_type,eez,tipus frontera	=	eez
vending,eggs,venda	=	ous
source:building,EGiB,font:edifici EGiB
whitewater,egress,aigua Blanca	=	sortida
genus:de,Eiche,gènere:de Eiche
wires,eightfold,filferros	=
royal_cypher,EIIR,royal_cypher	=	EIIR
genus,Elaeis,gènere	=	Elaeis
species,Elaeis␣guineensis,espècies	=	Elaeis_guineensis
light:method,electric,llum:mètode	=	elèctric
motorcycle:type,electric,motocicleta: tipus	=	elèctric
lamp_type,electric,tipus_lampada	=	elèctric
mechanical_driver,electric_motor,conductor mecànic	=	motor elèctric
actuator,electric_motor,solenoide	=	motor elèctric
shop,electrical,botiga	=	elèctric
wholesale,electrical,majorista	=	elèctrica
lamp_type,electrical,tipus_lampada	=	elèctric
craft,electrican,artesania	=	electricista
craft,electrician,artesania	=	electricista
generator:source,electricity,generador:font	=	electricitat
hazard,electricity,perill	=	electricitat
seamark:small_craft_facility:category,electricity,seamark:instal·lació per a embarcacions petites:categoria	=	electricitat
building,electricity,tipus d'edifici	=	electricitat
wholesale,electro,majorista	=	electro
shop,electronics,botiga	=	electrònica
wholesale,electronics,majorista	=	electrònica
product,electronics,producte	=	electrònica
vending,electronics,venda	=	electrònica
craft,electronics_repair,artesania	=	reparació_electrònica
highway,elevator,carretera	=	ascensor
room,elevator,habitació	=	ascensor
vending,elongated_coin,venda	=	moneda allargada
man_made,embankment,artificial	=	terraplè
barrier,embankment,barrera	=	terraplè
amenity,embassy,amenitat/servei	=	ambaixada
diplomatic,embassy,diplomàtic	=	ambaixada
craft,embroiderer,artesania	=	brodadora
entrance,emergency,entrada	=	emergència
healthcare:speciality,emergency,sanitat:especialitat	=	emergència
exit,emergency,sortida	=	emergència
area:highway,emergency,zona:emergència a l'autopista
route,emergency_access,ruta	=	accés_d'emergència
service,emergency_access,Servei	=	accés_d'emergència
highway,emergency_access_point,carretera	=	punt_d'accés_d'emergència
highway,emergency_bay,autopista	=	emergència_badia
amenity,emergency_phone,amenitat/servei	=	Telèfon d'emergència
amenity,emergency_service,amenitat/servei	=	servei d'emergència
cadet,emergency_services,cadet	=	serveis d'emergència
hazard,emergency_vehicles,perill	=	vehicles d'emergència
emergency,emergency_ward_entrance,emergència	=	entrada d'urgències
cuisine,empanada,cuina	=	empanada
access,employees,accés	=	empleats
private,employees,privat	=	empleats
office,employment_agency,oficina	=	agència d'ocupació
brand:wikipedia,en:7-Eleven,marca: wikipedia	=	és:7-Eleven
network:wikipedia,en:Chicago Transit Authority,network:wikipedia en:Chicago Transit Authority
network:wikipedia,en:Chicago␣Transit␣Authority,xarxa: wikipedia	=	ca:Chicago_Transit_Autoritat
operator:wikipedia,en:United States Postal Service,operador:wikipedia	en:United States Postal Service
network:wikipedia,en:Valley Metro,network:wikipedia en:Valley Metro
boundary,enclave,Límit	=	enclavament
archaeological_site,enclosure,lloc arqueològic	=	recinte
site_type,enclosure,tipus de lloc	=	recinte
zoo,enclosure,zoo	=	recinte
healthcare:speciality,endocrinology,sanitat:especialitat	=	endocrinologia
source:power,Enedis,font: poder	=	Enedis
manufacturer,Enercon,fabricant Enercon
shop,energy,botiga	=	energia
office,energy_supplier,oficina	=	proveïdor_energia
type,enforcement,tipus	=	aplicació
office,engineer,oficina	=	enginyer
faculty,engineering,facultat	=	Enginyeria
craft,engraver,artesania	=	gravador
barrier,entrance,barrera	=	entrada
entrance,entrance,entrada	=	entrada
school,entrance,escola	=	entrada
building,entrance,tipus d'edifici	=	entrada
public_transport,entrance,transport públic	=	entrada
public_transport,entrance_pass,transport públic	=	passi_d'entrada
railway:signal:main:function,entry,ferrocarril:senyal:principal:entrada de funció
seamark:restricted_area:restriction,entry_prohibited,seamark:àrea restringida:restricció	=	entrada prohibida
historic,epigraph,històric	=	epígraf
material,epoxy,material	=	epoxy
shop,equestrian,botiga	=	eqüestre
sport,equestrian,esport	=	eqüestre
statue,equestrian,estàtua	=	eqüestre
shop,erotic,botiga	=	eròtic
maxspeed,ES:rural,màxima velocitat	=	ÉS: rural
maxspeed,ES:urban,màxima velocitat	=	ÉS:urbà
highway,escape,autopista	=	Escapar
leisure,escape_game,temps lliure	=	joc d'escapament
genus:de,Esche,gènere:de Esche
landform,esker,forma de relleu	=	esquer
natural,esker,natural	=	esquer
shop,esoteric,botiga	=	esotèric
esperanto,esperanto,esperanto	=	esperanto
source:imagery,ESRI & NYS Sat Imagery,font:imatges Imatges per a ESRI i NYS Sat
source:imagery,ESRI Sat & NYS Sat Imagery,font:imatges ESRI Sat i NYS Sat Imatges
source:lanes,Esri World Imagery,font:lanes Esri World Imagery
source:oneway,Esri World Imagery,font: imatges del món d'Esri d'una sola via
source:imagery,ESRI␣&␣NYS␣Sat␣Imagery,font: imatges	=	ESRI_&_NYS_Sat_Imatges
source:oneway,Esri␣World␣Imagery,font: unidireccional	=	Esri_Món_Imatges
source:position,ESRIWorld,font: posició ESRIWorld
IBGE:CD_ADMINIS,estadual,IBGE:CD_ADMINIS	=	estadual
shop,estate_agent,botiga	=	agent immobiliari
office,estate_agent,oficina	=	agent immobiliari
sinkhole,estavelle,embornal	=	estavelle
addr:inclusion,estimate,adreça: inclusió	=	estimar
source:width,estimated,font:amplada estimada
waterway,estuary,camí aquàtic	=	estuari
is_in:country_code,ET,és_a:codi_de_país ET
roof:material,eternit,sostre: material	=	etern
is_in:country,Ethiopia,és_a:país Etiòpia
wood,eucalypt,fusta	=	eucaliptus
genus,Eucalyptus,gènere	=	Eucaliptus
species,Eucalyptus␣camaldulensis,espècies	=	Eucaliptus_camaldulensis
species,Eucalyptus␣cladocalyx,espècies	=	Eucalyptus_cladocalyx
species,Eucalyptus␣leucoxylon,espècies	=	Eucaliptus_leucoxylon
species,Eucalyptus␣sideroxylon,espècies	=	Eucaliptus_sideroxylon
political_division,euro_const,divisió política	=	euro constant
centralkey,eurokey,clau central	=	clau europea
cycle_network,EuroVelo,xarxa de bicicletes	=	EuroVelo
amenity,ev_charging,amenitat/servei	=	càrrega ev
route,evacuation,ruta	=	evacuació
denomination,evangelical,denominació	=	evangèlic
denomination,evangelical_lutheran,denominació	=	luterà evangèlic
basin,evaporation,conca	=	evaporació
addr:interpolation,even,adreça:interpolació	=	fins i tot
historic,event,històric	=	esdeveniment
rental,event,lloguer	=
leisure,events,temps lliure	=	esdeveniments
amenity,events_centre,amenitat/servei	=	centre d'esdeveniments
amenity,events_venue,amenitat/servei	=	esdeveniments_lloc
leaf_cycle,evergreen,cicle_full	=	fulles perennes
wood,evergreen,fusta	=	fulles perennes
man_made,excavation,artificial	=	excavació
trail_visibility,excellent,rastre_visibilitat	=	excel·lent
smoothness,excellent,suavitat	=	excel·lent
seamark:type,exceptional_structure,marca de mar: tipus	=	estructura excepcional
telecom,exchange,telecomunicacions	=	intercanvi
boundary,exclave,Límit	=	enclavament
autonomy,excluded,autonomia	=	exclòs
access,exclusion_zone,accés	=	Zona d'exclusió
military,exclusion_zone,militar	=	Zona d'exclusió
autonomy,exclusive,autonomia	=	exclusiu
cycleway:right:lane,exclusive,ciclovia:dreta:carril	=	exclusiu
cycleway:both:lane,exclusive,ciclovia:tots dos:carril	=	exclusiu
cycleway:left:lane,exclusive,via_ciclable:esquerra:carril exclusiu
seamark:type,exclusive_economic_zone,marca de mar: tipus	=	zona econòmica exclusiva
vending,excrement_bags,venda	=	excrement_bosses
sport,exercise,esport	=	exercici
education,exercise_area,educació	=	àrea d'exercici
amenity,exercise_point,amenitat/servei	=	punt d'exercici
amenity,exhibition_centre,amenitat/servei	=	centre d'exposicions
nysgissam:review,existing element's addr:housenumber has different addr:housenumber,nysgissam:review	existing element's adreça:housenumber has different adreça:housenumber
nysgissam:review,existing␣element's␣addr:housenumber␣has␣different␣addr:housenumber,nysgissam: revisió	=	la_direcció:número_d'element_existent_té_diferent_direcció:número_de_casa
entrance,exit,entrada	=	sortida
railway:signal:main:function,exit,ferrocarril:senyal:principal:funció	=	sortida
building,exit,tipus d'edifici	=	sortida
LINZ:layer,exotic_poly,LINZ: capa	=	exotic_poly
damage:type,explosion,tipus de dany	=	explosió
seamark:fog_signal:category,explosive,seamark: senyal de boira: categoria	=	explosiu
curves,extended,corbes	=	estès
KSJ2:curve_type,exterior,KSJ2:corba_tipus	=	exterior
prison_camp,extermination_camp,camp de presoners	=	camp d'extermini
seamark:light:status,extinguished,seamark:llum:estat	=	extingit
beauty,eyelash,bellesa	=	pestanyes
seamark:light:character,F,marca:llum:personatge	=	F
design:ref,F44,disseny: referència F44
amenity,fab_lab,amenitat/servei	=	laboratori fabulós
shop,fabric,botiga	=	tela
shop,fabrics,botiga	=	teles
railway,facility,ferrocarril	=	instal·lacions
usage,facility,ús	=	instal·lacions
seamark:radio_station:category,facsimile,seamark:emissora de ràdio:categoria	=	facsímil
industrial,factory,industrial	=	fàbrica
building,factory,tipus d'edifici	=	fàbrica
genus,Fagus,gènere	=	Fagus
species,Fagus sylvatica,espècie Fagus sylvatica
species,Fagus␣sylvatica,espècies	=	Fagus_sylvatica
condition,fair,condició	=	justa
waterway,fairway,camí aquàtic	=	carrer
golf,fairway,golf	=	carrer
seamark:type,fairway,marca de mar:tipus	=	carrer
zoo,falconry,zoo	=	falconeria
hazard,falling_rocks,perill	=	roques que cauen
oneway,FALSE,d'una sola mà	=	FALS
healthcare:speciality,family_medicine,especialitat:de_salut	=	medicina_familiar
brand:en,FamilyMart,marca:ca	=	Família Mart
name:en,FamilyMart,nom:en FamilyMart
club,fan,club	=	ventilador
addr:region,Farg'ona Viloyati,adreça:region Farg'ona Viloyati
shop,farm,botiga	=	granja
historic,farm,històric	=	granja
place,farm,lloc	=	granja
building,farm,tipus d'edifici	=	granja
landuse,farm,ús del sòl	=	granja
building,farm_auxiliary,tipus d'edifici	=	granja_auxiliar
landuse,farmland,ús del sòl	=	terres de cultiu
landuse,farmyard,ús del sòl	=	pati
shop,fashion,botiga	=	Moda
clothes,fashion,roba	=	Moda
shop,fashion_accesories,botiga	=	accessoris de moda
shop,fashion_accessories,botiga	=	Moda_accessoris
amenity,fast_food,amenitat/servei	=	menjar ràpid
shop,fast_food,botiga	=	menjar ràpid
crop,fast_growing_wood,cultiu	=	fusta_de_creixement_ràpid
piste:type,fatbike,pista:tipus	=	fatbike
geological,fault,geològic	=	culpa
source:maxspeed,"FDOT ""Maximum Speed Limits"" GIS data, updated August 27, 2011: http://www.dot.state.fl.us/planning/statistics/gis/roaddata.shtm","font:velocitat màxima Dades GIS ""Límits de velocitat màxima"" de l'FDOT, actualitzades el 27 d'agost de 2011: http://www.dot.state.fl.us/planning/statistics/gis/roaddata.shtm"
GeoBaseNHN:PROVIDER,federal,GeoBaseNHN:PROVIDER	=	federal
IBGE:CD_ADMINIS,federal,IBGE:CD_ADMINIS	=	federal
amenity,feeding_place,amenitat/servei	=	lloc_d'alimentació
natural,fell,natural	=	va caure
school:gender,female,escola:gènere	=	femení
vending,feminine_hygiene,venda	=	higiene femenina
wetland,fen,aiguamoll	=	pantà
barrier,fence,barrera	=	tanca
boundary,fence,Límit	=	tanca
sport,fencing,esport	=	Esgrima
seamark:shoreline_construction:category,fender,seamark:litoral construcció:categoria	=	defensa
route,ferrata,ruta	=	via ferrada
mooring,ferry,amarrador	=	transportar
harbour:category,ferry,port:categoria	=	transportar
route,ferry,ruta	=	transportar
man_made,ferry_cable,fet per l'home	=	transbordador
seamark:notice:category,ferry_independent,marca:avís:categoria	=	transbordador independent
seamark:notice:category,ferry_non_independent,marca:avís:categoria	=	transbordador no independent
seaway,ferry_port,via marítima	=	moll del ferri
seamark:type,ferry_route,marca de mar: tipus	=	ruta del transbordador
amenity,ferry_terminal,amenitat/servei	=	terminal del ferri
healthcare:speciality,fertility,sanitat:especialitat	=	Fertilitat
amenity,festival_grounds,amenitat/servei	=	terrenys del festival
leisure,festival_grounds,temps lliure	=	terrenys del festival
seamark:light:character,FFl,marca:llum:personatge	=	FFl
telecom:medium,fibre,telecomunicacions: mitjà	=	fibra
genus,Ficus,gènere	=	ficus
farmland,field,terres de cultiu	=	camp
landuse,field,ús del sòl	=	camp
barrier,field_boundary,barrera	=	límit_del_camp
crop,field_cropland,cultiu	=	camp_terra_de_cultiu
sport,field_hockey,esport	=	hoquei sobre herba
shelter_type,field_shelter,refugi_tipus	=	camp_refugi
archaeological_site,field_system,lloc arqueològic	=	sistema de camp
wood,filao,fusta	=	filao
church:type,filial,església:tipus	=	filial
cuisine,filipino,cuina	=	filipí
compensator,filter,compensador	=	filtrar
junction,filter,unió	=	filtrar
office,financial,oficina	=	financer
amenity,financial_advice,amenitat/servei	=	assessoria financera
office,financial_advisor,oficina	=	assessor financer
surface,fine_gravel,superfície	=	grava_fina
information,finger_post,informació	=	lloc de dit
information,finger-post,informació	=	pal de dit
information,fingerpost,informació	=	pal del dit
cadet,fire,cadet	=	foc
damage:type,fire,dany:tipus incendi
emergency,fire_alarm,emergència	=	alarma d'incendis
emergency,fire_alarm_box,emergència	=	caixa d'alarma contra incendis
emergency,fire_detection_system,emergència	=	sistema de detecció de foc
emergency,fire_equipment,emergència	=	equip contra incendis
entrance,fire_exit,entrada	=	sortida d'incendis
emergency,fire_extinguisher,emergència	=	extintor d'incendis
emergency,fire_flapper,emergència	=	aleta de foc
emergency,fire_hose,emergència	=	mànega contra incendis
amenity,fire_hydrant,amenitat/servei	=	boca d'incendi
emergency,fire_hydrant,emergència	=	boca d'incendis
emergency,fire_lookout,emergència	=	lloc de vigilància d'incendis
building,fire_lookout,tipus d'edifici	=	lloc de vigilància d'incendis
emergency,fire_point_stand,emergència	=	suport de punt de foc
emergency,fire_sand_bin,emergència	=	galleda de sorra de foc
amenity,fire_station,amenitat/servei	=	estació de bombers
emergency,fire_station,emergència	=	estació de bombers
building,fire_station,tipus d'edifici	=	estació de bombers
emergency,fire_water_pond,emergència	=	estany d'aigua contra incendis
shop,firearms,botiga	=	armes de foc
cutline,firebreak,cortina de tall
leisure,firepit,lleure	=	foguera
shop,fireplace,botiga	=	xemeneia
shop,fireworks,botiga	=	focs artificials
signal_station,firing,estació de senyals	=	tret
amenity,first_aid,amenitat/servei	=	primers auxilis
emergency,first_aid,emergència	=	primers auxilis
vending,first_aid,venda	=	primers auxilis
emergency,first_aid_kit,emergència	=	Kit de primers auxilis
amenity,firstaid,amenitat/servei	=	primers auxilis
shop,fish,botiga	=	peix
cuisine,fish,cuina	=	peix
cuisine,fish_and_chips,cuina	=	peix i papes fregides
industrial,fish_farm,industrial	=	granja de peixos
water,fish_pass,aigua	=	passi de peix
waterway,fish_pass,camí aquàtic	=	passi_de_peix
landuse,fish_pond,ús del sòl	=	estany de peixos
amenity,fish_spa,amenitat/servei	=	balneari de peix
chamber,fisherfolk,càmera	=	confraria de pescadors
landuse,fishfarm,ús del sòl	=	granja de peixos
shop,fishing,botiga	=	pescar
club,fishing,club	=	pescar
leisure,fishing,lleure	=	pescar
seamark:harbour:category,fishing,marca:port:categoria	=	pescar
port,fishing,Port	=	pescar
harbour:category,fishing,port:categoria	=	pescar
vending,fishing_bait,venda	=	esquer de pesca
seamark:type,fishing_facility,marca de mar: tipus	=	instal·lació de pesca
seaway,fishing_port,via marítima	=	Port pesquer
vending,fishing_tackle,venda	=	aparell de pescar
shop,fishmonger,botiga	=	peixater
water,fishpond,aigua	=	estany de peixos
generator:method,fission,generador: mètode	=	fissió
sport,fitness,esport	=	aptitud física
leisure,fitness_centre,lleure	=	gimnàs
amenity,fitness_station,amenitat/servei	=	estació de fitness
leisure,fitness_station,lleure	=	estació_de_fitness
route,fitness_trail,ruta	=	pista de fitness
sport,five-a-side,esport	=	cinc per costat
wires,fivefold,filferros	=
sport,fives,esport	=	cincs
camera:type,fixed,càmera: tipus	=	fixat
bollard,fixed,noray	=	fixat
cycle_barrier:installation,fixed,barrera_ciclable:instal·lació fixa
type,fixed_point,tipus	=	punt fix
bay,fjord,badia	=	fiord
natural,fjord,natural	=	fiord
seamark:light:character,Fl,marca:llum:personatge	=	Florida
design,flag,disseny	=	bandera
seamark:topmark:shape,flag,marca de mar:marca de topall:forma	=	bandera
advertising,flag,publicitat	=	bandera
man_made,flagpole,artificial	=	banya de bandera
landmark,flagpole,punt de referència	=	banya de bandera
seamark:landmark:category,flagstaff,marca:punt de referència:categoria	=	banya de bandera
man_made,flare,artificial	=	flamarada
usage,flare_header,ús	=	encapçalat de bengala
seamark:landmark:category,flare_stack,marca:punt de referència:categoria	=	Torxa
landmark,flare_stack,punt de referència	=	Torxa
building:roof,flat,edifici: sostre = pla
roof:shape,flat,sostre: forma	=	plànol
building,flats,tipus d'edifici	=	pisos
busbar,flexible,barra col·lectora	=	flexible
amenity,flight_school,amenitat/servei	=	escola de vol
wall,flint,paret	=	pedernal
dock,floating,moll	=	flotant
bridge:structure,floating,pont:estructura	=	flotant
waterway,floating_barrier,camí aquàtic	=	barrera flotant
seamark:type,floating_dock,marca de mar: tipus	=	dic flotant
man_made,floating_storage,fet per l'home	=	emmagatzematge flotant
manufacturer,Flock Safety,fabricant Flock Safety
hazard_type,flood,tipus de perill	=	inundació
historic,flood_mark,històric	=	marca d'inundació
memorial,flood_mark,monument	=	marca d'inundació
retaining_wall,flood_wall,mur de contenció	=	mur d'inundació
wall,flood_wall,paret	=	inundació_paret
tunnel,flooded,túnel	=	inundat
seamark:light:category,floodlight,seamark:llum:categoria	=	Llum d'inundació
lamp_type,floodlight,tipus_lampada	=	Llum d'inundació
crane:type,floor-mounted_crane,grua:tipus	=	grua muntada al pis
addr:floor,Floor␣1,adreça:pis	=	Pis_1
addr:floor,Floor␣2,adreça:pis	=	Pis_2
sport,floorball,esport	=	pilota de pis
craft,floorer,artesania	=	netejador de pis
shop,flooring,botiga	=	pis
description,Floresta Estacional Semidecidual Montano,descripció Floresta Estacional Semidecidual Montano
note:post_town,Florissant,nota:post_town	=	florissant
shop,florist,botiga	=	florista
wholesale,florist,majorista	=	floristeria
shop,flower,botiga	=	flor
vending,flower_seeds,venda	=	llavors de flors
landuse,flowerbed,ús del sòl	=	llit de flors
shop,flowers,botiga	=	flors
landcover,flowers,coberta terrestre	=	flors
crop,flowers,cultiu	=	flors
vending,flowers,venda	=	flors
usage,flowline,ús	=	línia de flux
waterway,flowline,
light:method,fluorescent,llum:mètode	=	fluorescent
lamp_type,fluorescent,tipus_lampada	=	fluorescent
lamp_type,fluorescent_bulb,tipus_lampada	=	Bombeta fluorescent
kerb,flush,frenar	=	esbandir
toilets:disposal,flush,vàters: eliminació	=	esbandir
communication:radio,fm,comunicació:ràdio	=	FM
seamark:light:exhibition,fog,marca:llum:exposició	=	boira
hazard,fog,perill	=	boira
seamark:light:category,fog_detector,seamark:llum:categoria	=	detector de boira
seamark:type,fog_signal,marca de mar: tipus	=	senyal de boira
source:highway_authority_ref,foi_request,font:highway_authority_referència foi_request
bollard,foldable,bolàrd plegable
barrier,foldable_pie_slice,barrera	=	llesca de pastís plegable
historic,folly,històric	=	bogeria
building,font,tipus d'edifici	=	font
shop,food,botiga	=	aliment
wholesale,food,majorista	=	menjar
product,food,producte	=	aliment
vending,food,venda	=	aliment
social_facility,food_bank,instal·lacions_socials	=	Banc de menjar
amenity,food_court,amenitat/servei	=	zona de menjars
industrial,food_industry,industrial	=	indústria d'aliments
industrial,food_processing,industrial	=	processament d'aliments
amenity,food_sharing,amenitat/servei	=	compartir menjar
wholesale,foods,majorista	=	aliments
route,foot,ruta	=	peu
leisure,foot_bath,temps lliure	=	Bany de peus
amenity,foot_shower,amenitat/servei	=	dutxa de peus
sport,football,esport	=	futbol americà
sport,footballgolf,esport	=	futbolgolf
basin,footbath,conca	=	Bany de peus
construction,footway,construcció	=	senda
highway,footway,"Un camí per a vianants és un camí o passeig designat exclusivament per a l'ús de vianants, on els vehicles no estan permesos | carretera	=	senda"
area:highway,footway,zona:carretera	=	senda
man_made,footwear_decontamination,fet per l'home	=	descontaminació de calçat
crop,forage,cultiu	=	farratge
highway,ford,autopista	=	gual
landuse,forest,"L'ús forestal del sòl designa zones cobertes d'arbres i gestionades per a silvicultura, fusta i conservació | ús del sòl	=	bosc"
boundary,forest,Límit	=	bosc
boundary,forest_compartment,Límit	=	bosc_compartiment
access,forestry,accés	=	silvicultura
boundary,forestry,Límit	=	silvicultura
office,forestry,oficina	=	silvicultura
landuse,forestry,ús del sòl	=	silvicultura
vehicle,forestry,vehicle	=	silvicultura
motor_vehicle,forestry,Vehicle de motor	=	silvicultura
boundary,forestry_compartment,Límit	=	compartiment_forestal
signpost,forestry_compartment,senyalitzar	=	compartiment forestal
historic,fort,històric	=	fort
building,fort,tipus d'edifici	=	fort
archaeological_site,fortification,lloc arqueològic	=	fortificació
site_type,fortification,tipus_lloc	=	fortificació
seamark:type,fortified_structure,marca de mar: tipus	=	estructura fortificada
castle_type,fortress,tipus castell	=	fortalesa
direction,forward,direcció	=	davanter
railway:preferred_direction,forward,ferrocarril: adreça_preferida	=	davanter
railway:signal:direction,forward,ferrocarril:senyal:direcció	=	davanter
traffic_sign:direction,forward,senyal_de_tràfic:direcció	=	davanter
traffic_signals:direction,forward,senyals_de_tràfic:direcció	=	davanter
conveying,forward,transport endavant
designated_direction,forward,direcció_designada endavant
HU:ed_direction,forward,HU:direcció_ed endavant
seamark:restricted_area:category,foul_ground,seamark:àrea restringida:categoria	=	terreny brut
nysgissam:review,found > 1 existing matching address,nysgissam:review	found > 1 existing matching adreçaess
nysgissam:review,found␣>␣1␣existing␣matching␣address,nysgissam: revisió	=	trobat_>_1_existent_coincident_direcció
office,foundation,oficina	=	Fundació
building,foundation,tipus d'edifici	=	Fundació
amenity,fountain,amenitat/servei	=	font
disused:amenity,fountain,en desús: amenitat/servei	=	font
sport,four_square,esport	=	ferm
zone:maxspeed,FR:30,zona:velocitat_màxima	=	FR:30
operator:wikipedia,fr:Enedis,operador:wikipedia	fr:Enedis
operator:wikipedia,fr:La Poste (entreprise française),operador:wikipedia	fr:La Poste (entreprise française)
operator:wikipedia,fr:RTE (entreprise),operador:wikipedia	fr:RTE (entreprise)
maxspeed:type,FR:rural,velocitat màxima:tipus FR:rural
source:maxspeed,FR:rural,font:velocitat màxima FR:rural
maxspeed:type,FR:urban,velocitat màxima: tipus	=	FR:urbà
source:maxspeed,FR:urban,font:velocitat màxima FR:urbà
maxspeed:type,FR:zone30,velocitat màxima: tipus	=	FR:zone30
source:maxspeed,FR:zone30,font:velocitat màxima FR:zone30
species,Fra,espècies	=	fra
hazard,frail_pedestrians,perill	=	vianants fràgils
shop,frame,botiga	=	marc
generator:type,francis_turbine,generador: tipus	=	turbina francis
genus,Fraxinus,gènere	=	Fraxí
species,Fraxinus americana,espècie Fraxinus americana
species,Fraxinus excelsior,espècie Fraxinus excelsior
species,Fraxinus pennsylvanica,espècie Fraxinus pennsylvanica
species,Fraxinus␣americana,espècies	=	Fraxinus_americana
species,Fraxinus␣angustifolia,espècies	=	Fraxinus_angustifolia
species,Fraxinus␣excelsior,espècies	=	Fraxinus_excelsior
species,Fraxinus␣excelsior␣'Westhofs␣Glorie',espècies	=	Fraxinus_excelsior_'Westhofs_Glorie'
species,Fraxinus␣ornus,espècies	=	Fraxinus_ornus
species,Fraxinus␣pennsylvanica,espècies	=	Fraxinus_pennsylvanica
species,Fraxinus␣sp.,espècies	=	Fraxinus_sp.
species,Fre,espècies	=	lliure
parking:condition:left,free,estacionament:condició:esquerra	=	lliure
parking:condition:right,free,estacionament:estat:correcte	=	lliure
parking:condition:both,free,estacionament:estat:tots dos	=	lliure
shop,free_flying,botiga	=	vol lliure
sport,free_flying,esport	=	vol_lliure
import,freemapkapor,importar	=	freemapkapor
club,freemasonry,club	=	maçoneria
amenity,freeshop,amenitat/servei	=	compra gratis
tower:construction,freestanding,torre:construcció	=	de peu
border_type,freguesia,tipus frontera	=	freguesia
railway:traffic_mode,freight,ferrocarril:traffic_mode	=	transport
usage,freight,ús	=	transport
cuisine,french,cuina	=	francès
nhd:fdate,Fri Dec 28 00:00:00 PST 2007,nhd:fdata divendres 28 de desembre 00:00:00 PST 2007
nhd:fdate,Fri␣Dec␣28␣00:00:00␣PST␣2007,nhd:data	=	Dè_Dic_28_00:00:00_PST_2007
amenity,fridge,amenitat/servei	=	nevera
cuisine,friture,cuina	=	fregit
species,Fro,espècies	=	Per
seamark:light:category,front,seamark:llum:categoria	=	part davantera
man_made,frost_fan,fet per l'home	=	ventilador de gebre
hazard,frost_heave,perill	=	estirada de gebre
shop,frozen_food,botiga	=	aliments congelats
wholesale,fruits,majorista	=	fruites
species,Frx,espècies	=	Frx
amenity,fuel,amenitat/servei	=	combustible
shop,fuel,botiga	=	combustible
waterway,fuel,camí aquàtic	=	combustible
content,fuel,contingut	=	combustible
railway,fuel,ferrocarril	=	combustible
vending_machine,fuel,màquina expenedora	=	combustible
service,fuel,Servei	=	combustible
substance,fuel,substància	=	combustible
vending,fuel,venda	=	combustible
aeroway,fuel,via aèria	=	combustible
man_made,fuel_column,fet per l'home	=	columna de combustible
seamark:small_craft_facility:category,fuel_station,seamark:instal·lació per a embarcacions petites:categoria	=	benzinera
crossing:barrier,full,encreuament:barrera	=	complet
access_control,full,control_d'accés complet
barrier,full-height_turnstile,barrera	=	torniquete_de_altura_completa
natural,fumarole,natural	=	fumarola
operational_status_quality,functional,estat_operatiu_qualitat	=	funcional
message,funding,missatge	=	fons
man_made,funding_sign,fet per l'home	=	senyal de finançament
advertising,funding_sign,publicitat	=	senyal de finançament
shop,funeral_directors,botiga	=	directors_funeraris
amenity,funeral_hall,amenitat/servei	=	saló_funerari
building,funeral_hall,tipus d'edifici	=	saló funerari
station,funicular,estació	=	funicular
railway,funicular,ferrocarril	=	funicular
route,funicular,ruta	=	funicular
sport,funnel_ball,esport	=	bola d'embut
playground,funnel_ball,parc infantil	=	bola d'embut
shop,furnace,botiga	=	forn
shop,furniture,botiga	=	mobles
industrial,furniture,industrial	=	moble
product,furniture,producte	=	moble
generator:method,fusion,generador: mètode	=	fusió
sport,futsal,esport	=	futbol sala
network:en,G-BUS,xarxa: en G-BUS
tiger:MTFCC,G4110,tigre:MTFCC	=	G4110
source:name,GA Surface Hydro,font:nom GIS Direcció de l'Organització Central d'Informàtica de Bahrain (www.bahrainlocator.gov.bh)
wall,gabion:value,paret	=	avió: valor
roof:shape,gabled,sostre: forma	=	a dues aigües
roof:shape,gabled_row,sostre: forma	=	gabled_row
sport,gaelic_football,esport	=	futbol gaèlic
sport,gaelic_games,esport	=	jocs_gaèlics
sport,gaga,esport	=	gagà
shop,gallery,botiga	=	galeria
tourism,gallery,turisme	=	galeria
megalith_type,gallery_grave,tipus de megàlit	=	galeria tomba
historic,gallows,històric	=	forca
amenity,gambling,amenitat/servei	=	joc
shop,gambling,botiga	=	joc
leisure,gambling,temps lliure	=	joc
roof:shape,gambrel,sostre: forma	=	esbroncada
amenity,game_feeding,amenitat/servei	=	joc_alimentacio
animal_breeding,gamecock,cria d'animals	=	gall de baralla
shop,games,botiga	=	jocs
man_made,gantry,artificial	=	portal
crane:type,gantry_crane,grua:tipus	=	grua pòrtic
entrance,garage,entrada	=	garatge
driveway,garage,entrada de cotxes	=	garatge
parking,garage,estacionament	=	garatge
building,garage,tipus d'edifici	=	garatge
parking,garage_boxes,estacionament	=	garatge_caixes
amenity,garages,amenitat/servei	=	garatges
building,garages,tipus d'edifici	=	garatges
landuse,garages,ús del sòl	=	garatges
leisure,garden,lleure	=	jardí
denotation,garden,denotació jardí
shop,garden_centre,botiga	=	centre_jardineria
shop,garden_furniture,botiga	=	Moble de jardí
craft,gardener,artesania	=	jardiner
church:type,garrison,església:tipus	=	guarnició
shop,gas,botiga	=	gas
content,gas,contingut	=	gas
power_source,gas,font d'alimentació	=	gas
generator:source,gas,generador:font	=	gas
industrial,gas,industrial	=	gas
plant:source,gas,planta:font	=	gas
substance,gas,substància	=	gas
type,gas,tipus	=	gas
utility,gas,utilitat	=	gas
vending,gas_bottles,venda	=	ampolles de gas
generator:type,gas_turbine,generador: tipus	=	turbina de gas
plant:type,gas_turbine,planta: tipus	=	turbina de gas
man_made,gas_well,artificial	=	pou_de_gas
generator:method,gasification,generador: mètode	=	gasificació
plant:method,gasification,planta:mètode	=	gasificació
lamp_type,gaslight,tipus_lampada	=	llum de gas
generator:source,gasoline,generador:font	=	benzina
man_made,gasometer,artificial	=	gasòmetre
building,gasometer,tipus d'edifici	=	gasòmetre
healthcare:speciality,gastroenterological_surgery,sanitat:especialitat	=	cirurgia gastroenterològica
healthcare:speciality,gastroenterology,sanitat:especialitat	=	gastroenterologia
highway,gate,autopista	=	porta
barrier,gate,barrera	=	porta
entrance,gate,entrada	=	porta
seamark:type,gate,marca de mar: tipus	=	porta
valve,gate,vàlvula	=	porta
aeroway,gate,via aèria	=	porta
aeroway,gate/Archived_proposal,via aèria	=	porta/proposta arxivada
building,gatehouse,tipus d'edifici	=	porta d'entrada
usage,gathering,ús	=	reunió
addr:source,Gatineau.ca/donneesouvertes 08Aug2015,adreça:source Gatineau.ca/donneesouvertes 08Aug2015
railway,gauge_conversion,ferrocarril	=	conversió de calibre
shelter_type,gazebo,refugi_tipus	=	Kiosko
building,gazebo,tipus d'edifici	=	Kiosko
loading_gauge,GB,indicador_de_càrrega	=	ÉS
road_marking,GB:1001,marcació_carretera GB:1001
road_marking,GB:1003A,marcació_carretera GB:1003A
road_marking,GB:1062,marcació_carretera GB:1062
maxspeed:type,GB:motorway,velocitat màxima:tipus GB:autopista
maxspeed:type,GB:nsl_dual,velocitat màxima: tipus	=	GB: nsl_dual
maxspeed:type,GB:nsl_restricted,velocitat màxima: tipus	=	GB: nsl_restricted
maxspeed:type,GB:nsl_single,velocitat màxima: tipus	=	GB: nsl_single
maxspeed:type,GB:zone20,velocitat màxima:tipus GB:zona20
structure_gauge,GC,calibre_estructura	=	CG
loading_gauge,GC,indicador_de_càrrega	=	CG
manufacturer,GE,fabricant	=	GE
pump_mechanism,gear,mecanisme de bomba	=	engranatge
protection_title,Gebietsverbot,títol de protecció	=	Gebietsverbot
species:de,Gemeine Esche,espècie: de Gemeine Esche
shop,general,botiga	=	general
wholesale,general,majorista	=	general
harbour:category,general,port:categoria	=	general
healthcare:speciality,general,sanitat:especialitat	=	general
shop,general_store,botiga	=	magatzem general
shop,general_stores,botiga	=	botigues generals
substation,generation,subestació	=	generació
power,generator,energia	=	generador
transformer,generator,transformador	=	generador
created_by,geobaseNHN2osm,creat_per geobaseNHN2osm
site,geodesic,lloc	=	geodèsic
office,geodesist,oficina	=	geodèsic
man_made,geoglyph,artificial	=	geoglif
cuisine,georgian,cuina	=	georgià
generator:source,geothermal,generador:font	=	geotèrmia
natural,geothermal,natural	=	geotèrmia
plant:source,geothermal,planta:font	=	geotèrmia
natural,geothermal_area,natural	=	àrea geotèrmica
natural,geothermal_field,natural	=	camp geotèrmic
building,ger,tipus d'edifici	=	ger
healthcare:speciality,geriatrics,sanitat:especialitat	=	geriatria
cuisine,german,cuina	=	alemany
natural,geyser,natural	=	guèiser
memorial,ghost_bike,monument	=	bicicleta fantasma
shop,gift,botiga	=	regal
genus,Ginkgo,gènere	=	Gingko
species,Ginkgo biloba,espècie Ginkgo biloba
species,Ginkgo␣biloba,espècies	=	Ginkgo_biloba
source:name,GIS Directorate of Central Informatics Organization Bahrain (www.bahrainlocator.gov.bh),font: nom IBGE
amenity,give_box,amenitat/servei	=	donar caixa
road_marking,give_way,marcació_carretera cedeix_pas
highway,give_way,carretera	=	Cedir el pas
natural,glacier,natural	=	glacera
shop,glass,botiga	=	vidre
material,glass,material	=	vidre
building:material,glass,material de construcció	=	vidre
roof:material,glass,sostre: material	=	vidre
craft,glassblower,artesania	=	bufador de vidre
building,glasshouse,tipus d'edifici	=	hivernacle
craft,glaziery,artesania	=	vidre
shop,glaziery,botiga	=	vidrieria
genus,Gleditsia,gènere	=	gleditsia
species,Gleditsia triacanthos,espècie Gleditsia triacanthos
species,Gleditsia␣triacanthos,espècies	=	Gleditsia_triacanthos
aerodrome:type,gliding,aeròdrom: tipus	=	lliscant
valve,globe,vàlvula	=	globus
source:name,GNS,nom de la font	=	GNS
shop,gold_buyer,botiga	=	comprador d'or
craft,goldsmith,artesania	=	orfebre
shop,golf,botiga	=	golf
club,golf,club	=	golf
sport,golf,esport	=	golf
shop,golf_cart,botiga	=	carro de golf
leisure,golf_course,lleure	=	camp_de_golf
aerialway,gondola,via aèria	=	góndola
seamark:fog_signal:category,gong,seamark: senyal de boira: categoria	=	gong
condition,good,condició	=	bé
building:condition,good,edifici: condició	=	bé
lit:perceived,good,encès: percebut	=	bé
trail_visibility,good,rastre_visibilitat	=	bé
smoothness,good,suavitat	=	bé
aerialway,goods,via aèria	=	béns
man_made,goods_conveyor,artificial	=	transportador de mercaderies
road_marking,gore_chevron,marcació_carretera xavró_de_gor
natural,gorge,natural	=	gola
office,government,oficina	=	govern
operator:type,government,operador: tipus	=	govern
building,government,tipus d'edifici	=	govern
building,government_office,tipus d'edifici	=	oficina governamental
flag:type,governmental,bandera: tipus	=	governamental
landuse,governmental,ús del sòl	=	governamental
highway:class:pl,GP,autopista:classe:pl GP
naptan:StopAreaType,GPBS,naftan:StopAreaType	=	GPBS
geobase:acquisitionTechnique,GPS,geobase: tècnica d'adquisició	=	GPS
created_by,GPSBabel-1.3.6,creat_per GPSBabel-1.3.6
source:ele,gpx,font:el	=	gpx
maxspeed,GR:urban,màxima velocitat	=	GR:urbà
import,grabremote,importar	=	agafar control remot
listed_status,Grade II,estat_de_llistat Grau II
listed_status,Grade_I,estat llistat	=	Grau I
listed_status,Grade␣II,llistat_estat	=	Grau_II
tracktype,grade1,tipus de pista	=	grau 1
tracktype,grade2,tipus de pista	=	grau 2
tracktype,grade3,tipus de pista	=	grau 3
tracktype,grade4,tipus de pista	=	grau 4
tracktype,grade5,tipus de pista	=	grau 5
tracktype,gradex,tipus de pista	=	graux
man_made,graduation_tower,fet per l'home	=	torre de graduació
content,grain,contingut	=	gra
local_authority:IN,gram_panchayat,autoritat_local:IN	=	gram_panchayat
building,granary,tipus d'edifici	=	graner
building,grandstand,tipus d'edifici	=	tribuna
material,granite,material	=	granit
surface,granite,superfície	=	granit
material,granite_stone,material	=	Pedra de granit
crop,grape,cultiu	=	raïm
office,graphic_design,oficina	=	disseny gràfic
landcover,grass,coberta terrestre	=	gespa
crop,grass,cultiu	=	gespa
natural,grass,natural	=	herba
roof:material,grass,sostre: material	=	herba
surface,grass,"Una superfície d'herba està coberta d'herba viva i vegetació, comunament trobada en parcs i zones recreatives | superfície	=	gespa"
landuse,grass,ús del sòl	=	gespa
zoning,grass,zonificació	=	gespa
surface,grass_paver,superfície	=	pavimentadora_herba
natural,grassland,"Una prada és una zona coberta predominantment d'herbes i plantes herbàcies, amb pocs o cap arbre | natural	=	prada"
inlet,grate,entrada	=	ratllar
cemetery,grave,cementiri	=	tomba
archaeological_site,grave_field,lloc arqueològic	=	camp de tombes
amenity,grave_yard,amenitat/servei	=	cementiri
landuse,grave_yard,ús del sòl	=	cementiri
landcover,gravel,coberta terrestre	=	grava
resource,gravel,recurs	=	grava
roof:material,gravel,sostre: material	=	grava
surface,gravel,superfície	=	grava
observatory:type,gravitational,observatori:tipus	=	gravitacional
colour,gray,color	=	gris
building:colour,gray,edifici:color	=	gris
cuisine,greek,cuina	=	grec
denomination,greek_orthodox,denominació grega_ortodoxa
colour,green,color	=	verd
colour:back,green,color:esquena	=	verd
colour:arrow,green,color:fletxa	=	verd
colour:text,green,color:text	=	verd
building:colour,green,edifici:color	=	verd
golf,green,golf	=	verd
fire_hydrant:position,green,hidrant_d'incendi:posició	=	verd
seamark:topmark:colour,green,marca de mar:marca de topall:color	=	verd
seamark:beacon_lateral:colour,green,marca:balisa lateral:color	=	verd
seamark:light:colour,green,marca:llum:color	=	verd
seamark:beacon_special_purpose:colour,green,seamark:beaamb propòsit especial:color	=	verd
seamark:buoy_special_purpose:colour,green,seamark:boia propòsit especial:color	=	verd
seamark:buoy_lateral:colour,green,seamark:boia_lateral:color	=	verd
light:colour,green,llum:color_verd
highway,green_lane,autopista	=	carril verd
seamark:beacon_lateral:colour,green;red;green,marca:balisa lateral:color	=	verd;vermell;verd
seamark:buoy_lateral:colour,green;red;green,marca:boia lateral:color	=	verd;vermell;verd
seamark:beacon_lateral:colour,green;white;green;white,marca:balisa lateral:color	=	verd;blanc;verd;blanc
seamark:buoy_lateral:colour,green;white;green;white,marca:boia lateral:color	=	verd;blanc;verd;blanc
osmc:symbol,green:green:yellow_pointer,osmc:símbol	=	verd:verd:punter_groc
landcover,greenery,coberta terrestre	=	verdor
landuse,greenery,ús del sòl	=	verdor
landuse,greenfield,ús del sòl	=	greenfield
shop,greengrocer,botiga	=	verduler
wholesale,greengrocer,majorista	=	verdulero
building,greenhouse,tipus d'edifici	=	hivernacle
landuse,greenhouse_horticulture,ús del sòl	=	hivernacle_horticultura
colour,grey,color	=	gris
building:colour,grey,edifici:color	=	gris
seamark:topmark:colour,grey,marca de mar:marca de topall:color	=	gris
seamark:beacon_special_purpose:colour,grey,seamark:beaamb propòsit especial:color	=	gris
electricity,grid,electricitat graella
seamark:type,gridiron,marca de mar: tipus	=	graella
shop,grill,botiga	=	graella
cuisine,grill,cuina	=	graella
craft,grinding_mill,artesania	=	molí_de_mòlta
industrial,grinding_mill,industrial	=	molí_de_mòlta
amenity,grit_bin,amenitat/servei	=	grit_bin
maintenance,gritting,manteniment	=	sorra
shop,grocery,botiga	=	botiga de queviures
cave,grotto,cova	=	gruta
location,ground,localització	=	terrestre
marker,ground,marcador	=	terrestre
natural,ground,natural	=	terrestre
surface,ground,superfície	=	terrestre
support,ground,suport	=	terrestre
hazard,ground_clearance,perill	=	claredat del pis
man_made,ground_station,fet per l'home	=	estació terrestre
building,ground_station,tipus d'edifici	=	estació terrestre
power,grounding,poder	=	presa de terra
shop,groundskeeping,botiga	=	manteniment de jardins
type,group,tipus	=	grup
social_facility,group_home,instal·lacions_socials	=	inici_del_grup
man_made,groyne,artificial	=	escullera
seamark:shoreline_construction:category,groyne,seamark:litoral construcció:categoria	=	esculleres
railway:radio,gsm-r,ferrocarril:ràdio	=	gsm-r
*-tip/pista,guagua,ALERTA:Si vols buscar guagua usa bus
building,guard_post,tipus d'edifici	=	lloc de guàrdia
barrier,guard_rail,barrera	=	Barana
man_made,guard_stone,fet per l'home	=	pedra de guàrdia
building,guardhouse,tipus d'edifici	=	presó militar
source:en,Guaynabo Municipality,font:en Municipi de Guaynabo
source:en,Guaynabo␣Municipality,font:es	=	Guaynabo_Municipi
mooring,guest,amarrador	=	hoste
tourism,guest_house,turisme	=	Casa de convidats
office,guide,oficina	=	guia
information,guidepost,informació	=	pal indicador
natural,gully,natural	=	fallta
addr:village,Gumare,adreça:poble	=	Gumaré
shop,gun,botiga	=	pistola
bunker_type,gun_emplacement,tipus búnquer	=	emplaçament d'armes
shop,guns,botiga	=	pistoles
building,gurdwara,tipus d'edifici	=	Gurdwara
source:addr,GURS,font: direcció	=	GURS
source:geometry,GURS,font: geometria	=	GURS
source:construction_date,GURS,font:data_construcció GURS
man_made,guy,fet per l'home	=	noi
man_made,guy_insulator,fet per l'home	=	tipus aïllant
man_made,guy_wire,fet per l'home	=	filferro tipus
design,guyed_h-frame,disseny	=	guyed_h-marc
tower:construction,guyed_lattice,torre:construcció	=	gelosia arriostrada
tower:construction,guyed_tube,torre:construcció	=	tub tensat
design,guyed_v-frame,disseny	=	guyed_v-marco
amenity,gym,amenitat/servei	=	gimnàstica
amenity,gym_(Don't_use),amenitat/servei	=	gimnàs (no fer servir)
sport,gymnastics,esport	=	gimnàstica
healthcare:speciality,gynaecology,sanitat:especialitat	=	ginecologia
cuisine,gyros,cuina = gyros (menjar grec)
design,h-frame,disseny	=	marc en h
barrier,ha-ha,barrera	=	ja ja
shop,haberdashery,botiga	=	merceria
leisure,hackerspace,temps lliure	=	espai hacker
healthcare:speciality,haematology,sanitat:especialitat	=	hematologia
category,haffir,categoria haffir
barrier,haha,barrera	=	ja ja
genus:de,Hainbuche,gènere:de Hainbuche
beauty,hair,bellesa	=	cabell
beauty,hair_removal,bellesa	=	depilació
shop,hairdresser,botiga	=	perruquer
wholesale,hairdresser,majorista	=	perruqueria
shop,hairdresser_supply,botiga	=	perruqueria_subministraments
curve,hairpin,corba	=	forquilla
source:name,Haiti_DMA_Topo,nom de la font	=	Haití DMA Topo
crossing:barrier,half,encreuament:barrera	=	meitat
roof:shape,half_hipped,sostre:forma	=	mig maluc
roof:shape,half-hipped,sostre: forma	=	a mig maluc
owner,Halifax Regional Municipality,owner	Halifax Regional Municipality
owner,Halifax␣Regional␣Municipality,propietari	=	Halifax_Regional_Municipi
building,hall,tipus d'edifici	=	saló
building,hall_of_residence,tipus d'edifici	=	Sala de residència
disused:railway,halt,en desús: ferrocarril	=	aturar
railway,halt,ferrocarril	=	aturar
public_transport,halt,transport públic	=	aturar
residential,halting_site,Residencial	=	lloc_de_aturada
shop,ham,botiga	=	pernil
abandoned:place,hamlet,abandonat:lloc=llogaret
place,hamlet,lloc	=	llogaret
bath:type,hammam,bany:tipus	=	bany turc
athletics,hammer_throw,atletisme	=	llançament de martell
barrier,hampshire_gate,barrera	=	hampshire_gate
sport,handball,esport	=	handbol
craft,handicraft,artesania	=	artesania
man_made,handpump,artificial	=	bomba de mà
barrier,handrail,barrera	=	mural
building,hangar,tipus d'edifici	=	hangar
aeroway,hangar,via aèria	=	hangar
lamp_operator,Hansestadt Rostock,lamp_operador Hansestadt Rostock
lamp_operator,Hansestadt␣Rostock,operador_de_lampares	=	Hansestadt_Rostock
sport,hapkido,esport	=	hapkido
water,harbour,aigua	=	port
seamark:type,harbour,marca de mar: tipus	=	port
landuse,harbour,ús del sòl	=	port
seamark:type,harbour_area,marca de mar: tipus	=	zona del port
seamark:type,harbour_basin,marca de mar: tipus	=	conca del port
seamark:beacon_lateral:category,harbour_left,marca:balisa lateral:categoria	=	port a l'esquerra
border_type,harbour_limits,tipus frontera	=	límits del port
seamark:building:function,harbour_master,marca:edifici:funció	=	capità de Port
office,harbour_master,oficina	=	capitania marítima
seamark:beacon_lateral:category,harbour_right,marca:balisa lateral:categoria	=	dret del port
building:material,hard,material de construcció	=	difícil
surface,hard,superfície	=	dur
bunker_type,hardened_aircraft_shelter,tipus búnquer	=	refugi reforçat per a avions
shop,hardware,botiga	=	ferreteria
wholesale,hardware,majorista	=	maquinari
crop,hay,cultiu	=	fenc
whitewater,hazard,aigua Blanca	=	perill
boundary,hazard,Límit	=	perill
trees,hazel_plants,arbres	=	avellana_plantes
usage,headrace,ús	=	carrera
insurance,health,assegurança	=	salut
shop,health,botiga	=	salut
boundary,health,Límit	=	salut
type,health,tipus	=	salut
shop,health_food,botiga	=	Menjar saludable
amenity,health_post,amenitat/servei	=	lloc_de_salut
healthcare,health_post,cura de la salut	=	lloc de salut
government,healthcare,govern	=	cura de la salut
office,healthcare,oficina	=	cura de la salut
landuse,healthcare,ús del sòl	=	cura de la salut
man_made,heap,artificial	=	munt
shop,hearing_aid_dispenser,botiga	=	dispensador d'audiòfons
shop,hearing_aids,botiga	=	audiòfons
type,heat,tipus	=	calor
generator:type,heat_pump,generador: tipus	=	bomba de calor
natural,heath,natural	=	bruc
utility,heating,utilitat	=	calefacció
industrial,heating_station,industrial	=	estació de calefacció
seamark:distance_mark:units,hectometres,marca de mar:marca de distància:unitats	=	hectòmetres
barrier,hedge,barrera	=	cobertura
landcover,hedge,coberta terrestre	=	cobertura
barrier,hedge_bank,barrera	=	banc de cobertura
hedge,hedge_bank,cobertura	=	hedge_bank
historic:period,heian,històric: període	=	Heian
barrier,height_restrictor,barrera	=	restrictor_d'alçada
power,heliostat,poder	=	heliòstat
aeroway,helipad,via aèria	=	heliport
aeroway,heliport,via aèria	=	heliport
gbfs:system_id,hellocycling,gbfs:id_sistema hellocycling
source:address,Helsingborgs kommun,font: adreça Helsingborgs kommun
source:address,Helsingborgs␣kommun,Adreça de la font	=	Helsingborgs_kommun
healthcare:speciality,hepatology,sanitat:especialitat	=
shop,herbalist,botiga	=	herbolari
government,heritage,govern	=	patrimoni
historic,heritage,històric	=	herència
genus,Hevea,gènere	=	hevea
shop,hgv,botiga	=	vhg
logistics,hgv,logística	=	vhg
parking_space,hgv,plaça d'aparcament	=	vhg
car:type,hgv,tipus de carro	=	vhg
shop,hifi,botiga	=	d'alta fidelitat
NHD:Resolution,High,NHD:Resolució	=	Alt
NHD:RESOLUTION,High,NHD:RESOLUTION	High
embassy,high_commission,ambaixada	=	alta Comissió
diplomatic,high_commission,diplomàtic	=	alta Comissió
athletics,high_jump,atletisme	=	salt alt
lamp_mount,high_mast,muntatge_de_lampada	=	pal alt
light:method,high_pressure_sodium,llum:mètode	=	sodi d'alta pressió
lamp_type,high_pressure_sodium,tipus_lampada	=	sodi d'alta pressió
sport,high_rope_course,esport	=	curs de corda alta
historic,highwater_mark,històric	=	alta marca d'aigua
office,highway,oficina	=	autopista
landuse,highway,ús del sòl	=	carretera
aeroway,highway_strip,via aèria	=	franja de carretera
piste:type,hike,pista:tipus	=	caminada
checkpoint,hiking,control	=	senderisme
guidepost,hiking,pal indicador	=	senderisme
route,hiking,ruta	=	senderisme
sac_scale,hiking,sac_escala	=	senderisme
natural,hill,natural	=	Turó
fortification_type,hill_fort,tipus de fortificació	=	fort al turó
religion,hindu,religió	=	hindú
door,hinged,porta	=	amb frontisses
roof:shape,hipped,sostre: forma	=	a quatre aigües
species,hippocastanum,espècies	=	hippocastanum
railway,hirail_access,ferrocarril	=	accés hirail
source:position,HiRes aerial imagery,font: posició Imatges aèries d'alta resolució
railway,historic,ferrocarril	=	històric
boundary,historic,Límit	=	històric
route,historic,ruta	=	històric
boundary,historic_parish,Límit	=	parròquia_històrica
railway,historical,ferrocarril	=	històric
thc:designation,Historical Marker,thc:designació Marcador històric
museum,history,museu	=	història
board_type,history,tipus_tauler	=	història
amenity,hitching_post,amenitat/servei	=	pal d'enganxament
road_marking,HK:604[right],marcació_carretera HK:604[dreta]
shop,hobby,botiga	=	passatemps
sport,hockey,esport	=	hoquei
aeroway,holding_position,via aèria	=	holding_position
aeroway,holding_position_line,via aèria	=	línia de posició d'espera
disc_golf,hole,disc de golf	=	forat
golf,hole,golf	=	forat
hazard,hole,perill	=	forat
species:de,Holländische-Linde,espècie: de Linde holandès
valve,hollow_jet,vàlvula	=	jet buit
historic,hollow_way,històric	=	camí_buit
place_of_worship,holy_well,lloc d'adoració	=	pou sant
entrance,home,entrada	=	llar
social_facility:for,homeless,social_facility:per	=	Vagabund
healthcare:speciality,homeopathy,especialitat:de_salut	=	homeopatia
shop,honey,botiga	=	mel
species:en,Honey Locust,espècie: en Llagosta melífera
man_made,hongsalmun,fet per l'home	=	hongsalmun
consulate,honorary_consul,consolat	=	cònsol honorari
diplomatic,honorary_consulate,diplomàtic	=	consolat honorari
shop,hookah,botiga	=	narguile
amenity,hookah_lounge,amenitat/servei	=	saló_de_la_cachimba
crop,hop,cultiu	=	saltar
landuse,hop_garden,ús del sòl	=	jardí de llúpol
trees,hop_plants,arbres	=	llúpol_plantes
playground,hopscotch,parc infantil	=	xarranca
seamark:beacon_lateral:colour_pattern,horizontal,marca de mar: balisa lateral: patró de color	=	horitzontal
seamark:buoy_lateral:colour_pattern,horizontal,marca de mar: boia lateral: patró de color	=	horitzontal
seamark:buoy_special_purpose:colour_pattern,horizontal,marca de mar: boia propòsit especial: patró de color	=	horitzontal
seamark:topmark:colour_pattern,horizontal,marca de mar: marca de topall: patró de color	=	horitzontal
survey_point:purpose,horizontal,punt d'enquesta: propòsit	=	horitzontal
seamark:beacon_cardinal:colour_pattern,horizontal,seamark: beacon cardinal: patró de color	=	horitzontal
seamark:buoy_isolated_danger:colour_pattern,horizontal,seamark:boia perill aïllat:patró de color	=	horitzontal
seamark:buoy_cardinal:colour_pattern,horizontal,seamark:buoy_cardinal:color_patró	=	horitzontal
seamark:beacon_isolated_danger:colour_pattern,horizontal,seamark:far perill aïllat:patró de color	=	horitzontal
line_arrangement,horizontal,disposició_línia horitzontal
generator:type,horizontal_axis,generador: tipus	=	eix horitzontal
playground,horizontal_bar,parc infantil	=	barra horitzontal
seamark:fog_signal:category,horn,seamark: senyal de boira: categoria	=	botzina
barn,horreo,El hórreo és un típic magatzem elevat d’Astúries i Galícia
barn,hórreo,El hórreo és un típic magatzem elevat d’Astúries i Galícia
trail_visibility,horrible,rastre_visibilitat	=	horrible
smoothness,horrible,suavitat	=	horrible
route,horse,ruta	=	cavall
barrier,horse_jump,barrera	=	salt de cavall
amenity,horse_parking,amenitat/servei	=	estacionament de cavalls
sport,horse_racing,esport	=	les curses de cavalls
hazard,horse_riders,perill	=	genets
leisure,horse_riding,lleure	=	equitació (hípica)
barrier,horse_stile,barrera	=	muntant de cavall
animal,horse_walker,animal	=	passejador de cavalls
sport,horseshoes,esport	=	ferradures
tower:type,hose,torre:tipus	=	mànega
amenity,hospice,amenitat/servei	=	hospici
healthcare,hospice,cura de la salut	=	hospici
social_facility,hospice,instal·lació social	=	hospici
healthcare,hospital,cura de la salut	=	hospital
church:type,hospital,església:tipus	=	hospital
building,hospital,"Un edifici d'hospital és una instal·lació mèdica que proporciona atenció sanitària, tractament i serveis mèdics | edifici	=	hospital"
amenity,hospital,"Un hospital és una instal·lació mèdica que proporciona atenció sanitària integral, tractament d'emergències i serveis mèdics especialitzats | amenitat/servei	=	hospital"
tourism,hostel,turisme	=	Hostal
spring:type,hot,primavera: tipus	=	calenta
cuisine,hot_dog,cuina	=	Panxo
cuisine,hot_pot,cuina	=	olla calenta
bath:type,hot_spring,bany:tipus	=	primavera calorosa
natural,hot_spring,natural	=	primavera calorosa
leisure,hot_spring,temps lliure	=	primavera calorosa
leisure,hot_tub,temps lliure	=	Banyera d´hidromassatge
content,hot_water,contingut	=	aigua calenta
substance,hot_water,substància	=	aigua calenta
man_made,hot_water_tank,fet per l'home	=	tanc d'aigua calenta
tourism,hotel,turisme	=	hotel
tourism,hotel,turisme = hotel
building,hotel,Un edifici d'hotel proporciona allotjament temporal i serveis d'hostaleria per a viatgers i visitants | edifici	=	hotel
cuisine,hotpot,cuina	=	estofat
construction,house,construcció	=	casa
historic,house,històric	=	casa
building,house,Una casa és un edifici residencial dissenyat per a l'habitatge i vida humana | edifici	=	casa
landuse,house,ús del sòl	=	casa
building:part,house,edifici:part casa
destroyed:building,house,destruït: construcció d'una casa
building,houseboat,tipus d'edifici	=	casa flotant
shop,household_linen,botiga	=	roba de casa
shop,houseware,botiga	=	articles per a la llar
park_ride,hov,passeig del Parc	=	hov
source:url,http://cea.vitoria-gasteiz.org,font:url	=	http://cea.vitoria-gasteiz.org
source:file,http://centrodedescargas.cnig.es/CentroDescargas/equipamiento/BD_Municipios-Entidades.zip,arxiu font	=	http://centrodedescargas.cnig.es/CentroDescargas/equipament/BD_Municipis-Entitats.zip
source:file,http://centrodedescargas.cnig.es/CentroDescargas/equipamiento/NGBE_de_caracter_Provisional.zip,arxiu font	=	http://centrodedescargas.cnig.es/CentroDescargas/equipament/NGBE_de_caracter_Provisional.zip
source_ref:name,http://data.gov.au/dataset/36f1ca48-ed2d-4a58-a15b-6fb4b97fdbd7,font_ref:nom http://data.gov.au/dataset/36f1ca48-ed2d-4a58-a15b-6fb4b97fdbd7
source:url,http://gis.naga.gov.ph/pmwiki/pmwiki.php/Main/Data,font:url	=	http://gis.naga.gov.ph/pmwiki/pmwiki.php/Main/Data
source:maxspeed,http://monolitos.montevideo.gub.uy/resoluci.nsf/WEB/Numero/954-13,font:velocitat màxima http://monolitos.montevideo.gub.uy/resoluci.nsf/WEB/Numero/954-13
source_ref,http://nlftp.mlit.go.jp/ksj/jpgis/datalist/KsjTmplt-A13.html,source_referència http://nlftp.mlit.go.jp/ksj/jpgis/datalist/KsjTmplt-A13.html
source:ref,http://wiki.openstreetmap.org/wiki/Import/Catalogue/Strassen_NRW,font: referència http://wiki.opencarrermap.org/wiki/Import/Catalogue/Strassen_NRW
source:lit,http://www.autobahn-bilder.de,font: lit http://www.autobahn-bilder.de
source:url,http://www.bilbao.eus/opendata,font:url	=	http://www.bilbao.eus/opendata
source:wfs,http://www.idee.es/IGN-WFS-Geodesia/ogcwebservice,font:wfs	=	http://www.idee.es/IGN-WFS-Geodesia/ogcwebservice
contact:website,https://5ka.ru,contacte: lloc web https://5ka.ru
source:url,https://data.kinmen.gov.tw/Cus_OpenData_DealData.aspx?s=EE8E4A0BF2004468,font:url https://data.kinmen.gov.tw/Cus_OpenData_DealData.aspx?s=EE8E4A0BF2004468
source:highway:class:pl,https://edziennik.gddkia.gov.pl/DU_GDDKIA/2025/7/akt.pdf,font:highway:class:pl https://edziennik.gddkia.gov.pl/DU_GDDKIA/2025/7/akt.pdf
source:hgv,https://gamccd.net/Documents/OSP_GaOversizeTrkRouteMap.pdf,font:camions https://gamccd.net/Documents/OSP_GaOversizeTrkRouteMap.pdf
source:hgv,https://gis-idot.opendata.arcgis.com/datasets/IDOT::designated-truck-routes-state-jurisdiction-truck-route/explore?location=40.542466%2C-88.991188%2C14.60;https://www.gettingaroundillinois.com/MapViewer/?config=DTRconfig.json,font:camions https://gis-idot.opendata.arcgis.com/datasets/IDOT::designated-truck-routes-state-jurisdiction-truck-route/explore?location=40.542466%2C-88.991188%2C14.60;https://www.gettingaroundillinois.com/MapViewer/?config=DTRconfig.json
source:data,https://gis.ny.gov/gisdata,dades font	=	https://gis.ny.gov/gisdata
source:hgv:national_network,https://hepgis-usdot.hub.arcgis.com/apps/usdot::national-network-conventional-combination-trucks-map/explore,font: camions: xarxa_nacional https://hepgis-usdot.hub.arcgis.com/apps/usdot::national-network-conventional-combination-trucks-map/explore
source:maxweight,https://hub.arcgis.com/datasets/KYTC::kytc-truck-weight-classification/explore,font:name data.gov.au
source:url,https://maps.lib.utexas.edu/maps/topo/nicaragua/,font:url	=	https://maps.lib.utexas.edu/maps/topo/nicaragua/
source:url,https://trouver.datasud.fr/dataset/marseille-eclairage,font:url	=	https://trouver.datasud.fr/dataset/marseille-eclairage
contact:twitter,https://twitter.com/Ozon_ru,contacte: twitter https://twitter.com/Ozon_ru
contact:vk,https://vk.com/ozon,contacte: vk https://vk.com/ozon
url,https://wiki.openstreetmap.org/Import_Borno_eHealth_Africa_Smaller_Settlements,URL	=	https://wiki.openstreetmap.org/Import Borno eHealth Africa Assentaments més petits
source:hgv,https://www.dot.state.pa.us/public/pubsforms/Publications/TruckersMap.pdf,font:camions https://www.dot.state.pa.us/public/pubsforms/Publications/TruckersMap.pdf
heritage:website,https://www.duesseldorf.de/denkmalschutz/gasleuchten,patrimoni: lloc web https://www.duesseldorf.de/denkmalschutz/gasleuchten
source:hgv:national_network,https://www.ecfr.gov/current/title-23/chapter-I/subchapter-G/part-658;https://hepgis-usdot.hub.arcgis.com/apps/usdot::national-network-conventional-combination-trucks-map,font: camions: xarxa_nacional https://www.ecfr.gov/current/title-23/chapter-I/subchapter-G/part-658;https://hepgis-usdot.hub.arcgis.com/apps/usdot::national-network-conventional-combination-trucks-map
contact:facebook,https://www.facebook.com/ozon.ru,contacte: facebook https://www.facebook.com/ozon.ru
source_ref:url,https://www.flickr.com/photos/openstreetmap-albania,font_ref:url https://www.flickr.com/photos/opencarrermap-albania
source_ref:url,https://www.flickr.com/photos/openstreetmap-albania/,font_ref:url	=	https://www.flickr.com/photos/openstreetmap-albania/
contact:website,https://www.hellocycling.jp,contacte: lloc web https://www.hellocycling.jp
source:url,https://www.hsinchu.gov.tw/OpenDataDetail.aspx?n=902&s=2663,font: url https://www.hsinchu.gov.tw/OpenDataDetail.aspx?n=902&s=2663
contact:instagram,https://www.instagram.com/ozonru,contacte: instagram https://www.instagram.com/ozonru
source:url,https://www.klcg.gov.tw/tw/civil/2209-292163.html,font:url https://www.klcg.gov.tw/tw/civil/2209-292163.html
source:hgv,https://www.michigan.gov/mdot/-/media/Project/Websites/MDOT/Travel/Map/Truck-Operators-Map/Truck-Operators-Map.pdf,font:camions https://www.michigan.gov/mdot/-/media/Project/Websites/MDOT/Travel/Map/Truck-operadors-Map/Truck-operadors-Map.pdf
contact:website,https://www.ozon.ru,contacte: lloc web https://www.ozon.ru
contact:website,https://www.ozon.ru/,contacte:lloc web	=	https://www.ozon.ru/
operator:website,https://www.usps.com,operador:website	https://www.usps.com
source:maxspeed,HU:urban,font:velocitat màxima HU:urbà
seamark:type,hulk,marca de mar: tipus	=	casc
seamark:wreck:category,hull_showing,marca:naufragi:categoria	=	mostrant el casc
natural,human,natural	=	humà
healthcare:speciality,humanistic,sanitat:especialitat	=
natural,hummock,natural	=	monticle
traffic_calming,hump,calmar el trànsit	=	gepa
railway,hump_yard,ferrocarril	=	gepa
bridge:structure,humpback,pont:estructura	=	geperut
genus,Humulus,gènere	=	húmul
shop,hunting,botiga	=	caça
club,hunting,club	=	caça
amenity,hunting_stand,amenitat/servei	=	lloc_de_caça
man_made,hunting_stand,fet per l'home	=	lloc de caça
building,hut,tipus d'edifici=mulassa de pedra seca | edifici	=	cabana
archaeological_site,hut_circle,lloc arqueològic	=	barraca cercle
site_type,hut_circle,tipus de lloc	=	barraca cercle
craft,hvac,artesania	=	climatització
shop,hvac,botiga	=	climatització
wholesale,hvac,majorista	=	climatització
amenity,hydrant,amenitat/servei	=	boca d'aigües
utility,hydrant,utilitat	=	boca d'aigües
actuator,hydraulic_cylinder,solenoide	=	Cilindre hidràulic
power_source,hydro,font d'alimentació	=	hidre
generator:source,hydro,generador:font	=	hidre
plant:source,hydro,planta:font	=	hidre
generator:type,hydrodynamic_screw,generador: tipus	=	cargol hidrodinàmic
shop,hydroponics,botiga	=	hidroponia
genus,Hylocereus,gènere	=	Hylocereus
tomb,hypogeum,tomba	=	hipogeu
crown_type,i,tipus_corona i
seamark:buoy_lateral:system,iala-a,seamark:boia_lateral:sistema	=	iala-a
seamark:beacon_lateral:system,iala-a,seamark:beacon_lateral:system iala-a
source:highway_classification,IBGE,font:highway_classification IBGE
source:name,IBGE,font:nom ImproveOSM
source:population,"IBGE, DOU de 31/08/2023","font: població IBGE, DOU de 31/08/2023"
hazard,ice,perill	=	gel
surface,ice,superfície	=	gel
amenity,ice_cream,amenitat/servei	=	gelat
shop,ice_cream,botiga	=	gelat
cuisine,ice_cream,cuina	=	gelat
vending,ice_cream,venda	=	gelat
cuisine,ice_cream;burger,cuina	=	gelat;hamburguesa
vending,ice_cubes,venda	=	cubs de gel
industrial,ice_factory,industrial	=	fàbrica de gel
sport,ice_hockey,esport	=	hoquei sobre gel
man_made,ice_house,fet per l'home	=	casa de gel
leisure,ice_rink,temps lliure	=	Pista de gel
surface,ice_road,superfície	=	camí de gel
sport,ice_skating,esport	=	patinatge sobre gel
sport,ice_stock,esport	=	brou de gel
is_in:country_code,ID,és_a:codi_de_país ID
source:name:oc,ieo-bdtopoc,font:nom:oc	=	ieo-bdtopoc
denomination,iglesia_filipina_independiente,denominació	=	església filipina independent
species,Ilex␣aquifolium,espècies	=	Ilex_aquifolium
hazard,illegal_crossing,perill	=	encreuament il·legal
beacon:type,ILS,balisa: tipus	=	ILS
holding_position,ILS,posició d'espera	=	ILS
holding_position:type,ILS,posició d'espera: tipus	=	ILS
healthcare:speciality,immunology,sanitat:especialitat	=
smoothness,impassable,suavitat	=	infranquejable
historic:civilization,imperial_chinese,històric: civilització	=	xinès_imperial
healthcare:speciality,implantology,especialitat:de_salut	=	implantologia
source:maxspeed,implicit,font:maxspeed	=	implícit
maxspeed,implicit,màxima velocitat	=	implícit
source:name,ImproveOSM,font:nom coneixement local
description,in the depot/yard,descripció al dipòsit/pati
railway:signal:position,in_track,ferrocarril:senyal:posició a la_via
coastline:survey_quality,inadequate,litoral: qualitat d'aixecament	=	inadequat
tactile_paving,incorrect,paviment tàctil	=	incorrecte
survey_point:structure,indented_pin,punt d'enquesta: estructura	=	passador amb sagnia
cuisine,indian,cuina	=	indi
is_in:country,Indonesia,és_a:país Indonèsia
cuisine,indonesian,cuina	=	indonesi
location,indoor,ubicació	=	interior
surveillance,indoor,vigilància interior
leisure,indoor_play,temps lliure	=	joc d'interior
abutters,industrial,confina amb	=	industrial
historic,industrial,històric	=	industrial
landuse,industrial,"L'ús industrial del sòl designa zones per a la fabricació, producció, emmagatzematge i activitats industrials | ús del sòl	=	industrial"
harbour:category,industrial,port:categoria	=	industrial
substation,industrial,subestació	=	industrial
building,industrial,"Un edifici industrial és una instal·lació dissenyada per a la fabricació, producció i operacions industrials | edifici	=	industrial"
usage,industrial,ús	=	industrial
source:population,INE,font:població	=	INE
source:population,ine.gob.bo;2016,font:població	=	ine.gob.bo;2016
healthcare:speciality,infectious_diseases,sanitat:especialitat	=
baseball,infield,beisbol	=	dins del camp
basin,infiltration,conca	=	infiltració
crossing,informal,creuament informal
seamark:notice:function,information,seamark:avís:funció	=	informació
tourism,information,turisme	=	informació
craft,information_electronics,artesania	=	electrònica d'informació
swimming_pool,inground,piscina	=	soterrada
damage:assessment,initial,avaluació de danys	=	inicial
usage,injection,ús	=	injecció
vending,ink_cartridges,venda	=	cartutxos de tinta
route,inline_skates,ruta	=	patins en línia
building:usage:pl,inny niemieszkalny,edifici:ús:pl inny niemieszkalny
building:use:pl,Inny niemieszkalny,building:use:pl Inny niemieszkalny
building:usage:pl,Inny niemieszkalny lub podziemny,building:usage:pl Inny niemieszkalny lub podziemny
building:use:pl,Inny␣niemieszkalny,edifici:ús:pl	=	Inny_niemieszkalny
man_made,insect_hotel,artificial	=	insecte_hotel
source:population,INSEE 2024,font: població INSEE 2024
source:population,INSEE␣2022,font:població	=	INSEE_2022
seamark:type,inshore_traffic_zone,marca de mar: tipus	=	zona de trànsit costaner
postal_code:source,INSSE - SIRUTA,postal_code:source	INSSE - SIRUTA
postal_code:source,INSSE␣-␣SIRUTA,codi_postal:font	=	INSSE_-_SIRUTA
artwork_type,installation,illustration_tipus instal·lació
heritage:operator,Institut für Denkmalschutz und Denkmalpflege Düsseldorf,patrimoni:operador Institut für Denkmalschutz und Denkmalpflege Düsseldorf
landuse,institutional,ús del sòl	=	institucional
railway:vacancy_detection,insulated_rail_joint,ferrocarril: detecció de vacants	=	junta de riel aïllada
craft,insulation,artesania	=	aïllament
power,insulator,energia	=	aïllant
shop,insurance,botiga	=	assegurança
office,insurance,oficina	=	assegurança
tower:type,intake,torre:tipus	=	consum
industrial,integrated_circuit,industrial	=	circuit integrat
seamark:light:visibility,intensified,marca:llum:visibilitat	=	intensificat
healthcare:speciality,intensive,sanitat:especialitat	=
embassy,interests_section,ambaixada	=	secció d'interessos
shop,interior_decoration,botiga	=	decoració d'interiors
craft,interior_decorator,artesania	=	decorador d'interiors
craft,interior_work,artesania	=	treball interior
surface,interlock,superfície	=	entrellaçar
railway:signal:main:function,intermediate,ferrocarril:senyal:principal:funció	=	intermedi
generator:plant,intermediate,generador: planta	=	intermedi
piste:difficulty,intermediate,pista: dificultat	=	intermedi
holding_position,intermediate,posició d'espera	=	intermedi
holding_position:type,intermediate,posició d'espera: tipus	=	intermedi
trail_visibility,intermediate,rastre_visibilitat	=	intermedi
smoothness,intermediate,suavitat	=	enterrar
water,intermittent,aigua	=	intermitent
stream,intermittent,corrent	=	intermitent
healthcare:speciality,internal,sanitat:especialitat	=	intern
aerodrome:type,international,aeròdrom: tipus	=	internacional
cuisine,international,cuina	=	internacional
passenger,international,passatger	=	internacional
office,international_organization,oficina	=	organització Internacional
signal_station,international_port_traffic,estació de senyals	=	trànsit portuari internacional
amenity,internet_cafe,amenitat/servei	=	Cafè internet
company,internet_shop,empresa	=	botiga virtual
source:addr:housenumber,interpolation,font: adreça: interpolació del número de casa
junction,intersection,unió	=	intersecció
NHS,Interstate,Servei Nacional de Salut	=	Interestatal
lit,interval,il·luminat	=	interval
culvert,inverted_siphon,claveguera	=	sifó invertit
power,inverter,poder	=	inversor
seamark:light:character,IQ,marca:llum:personatge	=	CI
is_in:country,Iran,és_a:país Iran
is_in,"Iraq , جمهورية العراق","és_a l'Iraq, la República Democràtica del Congo"
material,iron,material	=	planxar
building:roof,iron_sheet,edifici: sostre	=	full de ferro
building:material,iron_sheet,material de construcció = fulla de ferro
service,irregular,Servei	=	irregular
water_source,irrigated,font d'aigua	=	irrigat
service,irrigation,Servei	=	irrigació
usage,irrigation,ús	=	irrigació
traffic_calming,island,calmar el trànsit	=	illa
crossing,island,encreuament	=	illa
place,island,lloc	=	illa
place,islet,lloc	=	illot
natural,islet,natural	=	illot
denomination,ismaili,denominació	=	ismaili
seamark:light:character,Iso,marca:llum:personatge	=	Jo així
place,isolated_dwelling,lloc	=	habitatge_aïllat
railway,isolated_track_section,ferrocarril	=	secció de via aïllada
natural,isthmus,natural	=	istme
company,it,empresa	=	això
government,it,govern	=	això
office,it,oficina	=	informàtica
maxspeed,IT:rural,màxima velocitat	=	TI:rural
source:maxspeed,IT:urban,font:maxspeed	=	TI:urbà
maxspeed,IT:urban,màxima velocitat	=	TI:urbà
maxspeed:type,IT:urban,velocitat màxima:tipus IT:urbà
cuisine,italian,cuina	=	italià
cuisine,italian_pizza,cuina	=	pizza_italiana
cuisine,italian;pizza,cuina	=	italià;pizza
seamark:light:character,IUQ,marca:llum:personatge	=	CIU
seamark:light:character,IVQ,marca:llum:personatge	=	IVQ
aerialway,j-bar,via aèria	=	j-barra
aerialway:drag_lift,j-bar,via aèria: elevador d'arrossegament	=	j-barra
religion,jain,religió	=	jainista
operator:en,Japan Post,operador:en	Japan Post
cuisine,japanese,cuina	=	japonès
species,japonica,espècies	=	roser japonès
ref:opendataparis:domanialit,JARDIN,ref:opendataparis:domanialit	=	JARDÍ
cuisine,jause,cuina	=	jause
athletics,javelin_throw,atletisme	=	llançament de javelina
denomination,jehovahs_witness,denominació testimoni_de_Jehovà
barrier,jersey_barrier,barrera	=	jersey_barrera
wall,jersey_barrier,paret	=	jersey_barrera
aeroway,jet_bridge,via aèria	=	pont de raig
shop,jetski,botiga	=	moto aquàtica
man_made,jetty,fet per l'home	=	embarcador
craft,jeweller,artesania	=	joier
shop,jewellery,botiga	=	joieria
shop,jewelry,botiga	=	joies
wholesale,jewelry,majorista	=	joieria
religion,jewish,religió	=	jueu
amenity,jobcentre,amenitat/servei	=	centre de treball
denomination,jodo_shinshu,denominació	=	jódo shinshu
denomination,jodo_shu,denominació	=	jodo shu
craft,joiner,artesania	=	fuster
carpenter,joiner,fuster	=	fuster
railway:electricity,joint,ferrocarril:electricitat	=	articulació
created_by,JOSM,creat per	=	JOSM
operator:short:en,JP,operador:curt:en	JP
sport,judo,esport	=	judo
junction,jughandle,unió	=	malabarista
genus,Juglans,gènere	=	Juglans
species,Juglans regia,espècie Juglans regia
species,Juglans␣regia,espècies	=	Juglans_regia
cuisine,juice,cuina	=	suc
amenity,juice_bar,amenitat/servei	=	Bar de sucs
railway,junction,ferrocarril	=	unió
type,junction,tipus	=	unió
shop,junk_yard,botiga	=	dipòsit de ferralla
social_facility:for,juvenile,social_facility:per	=	juvenil
booth,K6,estand K6
denomination,kabbalah,denominació	=	kábala
waterway:type,KANAL_SEKUNDER,canal: tipus	=	KANAL_SEKUNDER
waterway:type,KANAL_TERSIER,canal: tipus	=	KANAL_TERSIER
generator:type,kaplan_turbine,generador: tipus	=	turbina kaplan
import_ref,kapor_names,import_ref	=	kapor_names
source:conscriptionnumber,kapor2,font: número de conscripció	=	kapor2
amenity,karaoke_box,amenitat/servei	=	caja_karaoke
sport,karate,esport	=	karate
sport,karting,esport	=	kàrting
addr:division,Kawempe,adreça:divisió	=	Kawempe
boat:type,kayak,vaixell:tipus	=
cuisine,kebab,cuina	=	broqueta
cuisine,kebab;pizza,cuina	=	kebab;pizza
defensive,keep,defensiu	=	mantenir
barrier,kent_carriage_gap,barrera	=	bretxa de carruatge de kent
alt_name,Kentucky Fried Chicken,nom_alt Kentucky Fried Chicken
barrier,kerb,barrera	=	frenar
inlet,kerb_grate,entrada	=	reixeta de bord
inlet,kerb_opening,entrada	=	obertura de la vorera
craft,key_cutter,artesania	=	tallador_de_claus
emergency,key_depot,emergència	=	dipòsit de claus
memorial,khachkar,monument	=	jachkar
stone_type,khachkar,tipus de pedra	=	jachkar
amenity,kick-scooter_rental,amenitat/servei	=	lloguer de patinets
sport,kickboxing,esport	=	kickboxing
attraction,kiddie_ride,atracció	=	passeig per a nens
man_made,kiln,artificial	=	forn
seamark:distance_mark:units,kilometres,seamark:distance_mark:unitats	=	quilòmetres
amenity,kindergarten,amenitat/servei	=	escola bressol
building,kindergarten,tipus d'edifici	=	escola bressol
healthcare:speciality,kinesitherapy,especialitat:de_salut	=	kinesiteràpia
building,kingdom_hall,tipus d'edifici	=	saló del Regne
amenity,kiosk,amenitat/servei	=	quiosc
shop,kiosk,botiga	=	quiosc
location,kiosk,localització	=	quiosc
building,kiosk,tipus d'edifici	=	quiosc
barrier,kissing_gate,barrera	=	besando_gate
amenity,kitchen,amenitat/servei	=	cuina
shop,kitchen,botiga	=	cuina
building,kitchen,tipus d'edifici	=	cuina
garden:style,kitchen,jardí:estil cuina
shop,kitchenware,botiga	=	bateria de cuina
sport,kitesurfing,esport	=	surf de vela
ice_skates,kluning,patins de gel	=	kluning
amenity,kneipp_water_cure,amenitat/servei	=	kneipp_water_cure
amenity,Kneippbecken,amenitat/servei	=	Kneippbecken
turning_circle,knuckle,cercle_de_gir articulació
genus,Koelreuteria,gènere	=	Koelreuteria
species,Koelreuteria␣paniculata,espècies	=	Koelreuteria_paniculata
water,kolk,aigua	=	kolk
heritage:operator,kons,patrimoni:operador	=	kons
cuisine,korean,cuina	=	coreà
sport,korfball,esport	=	pilota korf
sport,krachtbal,esport	=	krachtbal
castle_type,kremlin,tipus castell	=	kremlin
LINZ2OSM:dataset,kx_wellington_city_council,LINZ2OSM: conjunt de dades	=	kx_wellington_city_consejo
source:postal_code,La Poste - 12/2014,font: codi postal La Poste - 12/2014
denomination,la_luz_del_mundo,denominació	=	la llum del món
source:postal_code,La␣Poste␣-␣12/2014,font: codi_postal	=	La_Poste_-_12/2014
healthcare,laboratory,cura de la salut	=	laboratori
room,laboratory,habitació	=	laboratori
craft,lacquerer,artesania	=	lacador
sport,lacrosse,esport	=	lacrosse
crossing:markings,ladder,creuament:marques escala
emergency,ladder_site,emergència	=	lloc d'escala
crossing:markings,ladder:skewed,creuament:marques escala:esbiaixat
genus,Lagerstroemia,gènere	=	lagerstroèmia
species,Lagerstroemia␣indica,espècies	=	Lagerstroèmia_indica
water,lagoon,aigua	=	llacuna
species,Lagunaria␣patersonia,espècies	=	Lagunaria_patersonia
water,lake,aigua	=	llac
natural,lake,natural	=	llac
LINZ:layer,lake_poly,LINZ: capa	=	llac_poly
nhd:ftype,LakePond,nhd: tipus f	=	llacestany
gnis:ftype,LakePond,gnis:ftipus LakePond
NHD:FTYPE,LakePond,NHD:Ftipus	LakePond
man_made,lamp,artificial	=	llum
post_box:type,lamp,post_box: tipus	=	llum
shop,lamps,botiga	=	llums
natural,land,natural	=	terra
type,land_area,tipus	=	àrea terrestre
abandoned:landuse,landfill,abandonat: ús de la terra	=	abocador
disused:landuse,landfill,en desús: ús de la terra	=	abocador
landuse,landfill,ús del sòl	=	abocador
natural,landform,natural	=	forma de relleu
emergency,landing_site,emergència	=	lloc d'aterratge
aeroway,landingpad,via aèria	=	pista d'aterratge
denotation,landmark,denotació	=	punt de referència
seamark,landmark,marca	=	punt de referència
seamark:type,landmark,marca de mar:tipus	=	punt de referència
source:position,Landsat,font: posició Landsat
leisure,landscape_reserve,temps lliure	=	reserva paisatgística
garden:type,landscaping,jardí:tipus paisatgisme
natural,landslide,natural	=	lliscament de terra
hazard,landslide,perill	=	lliscament de terra
hazard_type,landslide,tipus de perill	=	lliscament de terra
highway,lane,autopista	=	carril
cycleway,lane,carril bici	=	carril
cycleway:right,lane,carril bici: dreta	=	carril
cycleway:both,lane,carril bici:tots dos	=	carril
cycleway:left,lane,ciclovia:esquerra	=	carril
parking,lane,estacionament	=	carril
parking:right,lane,estacionament: dret	=	carril
parking:left,lane,estacionament: esquerra	=	carril
parking:both,lane,estacionament:tots dos	=	carril
fire_hydrant:position,lane,hidrant_d'incendi:posició	=	carril
busway,lane,via d'autobús	=	carril
busway:right,lane,via d'autobús: dreta	=	carril
busway:left,lane,via d'autobús: esquerra	=	carril
road_marking,lane_divider,marcació_carretera divisor_de_carril
type,lane_restriction,tipus	=	restricció de carril
training,language,capacitació	=	idioma
amenity,language_school,amenitat/servei	=	escola d'idiomes
light_source,lantern,font de llum	=	llanterna
craft,lapidary,artesania	=	lapidari
landmark,large_rock,punt de referència	=	Roca gran
genus,Larix,gènere	=	larix
sport,laser_tag,esport	=	etiqueta làser
golf,lateral_water_hazard,golf	=	lateral_water_hazard
structure,lattice,estructura	=	enreixat
seamark:beacon_special_purpose:shape,lattice,seamark:beaamb propòsit especial:forma	=	enreixat
tower:construction,lattice,torre:construcció	=	enreixat
tower:type,lattice,torre:tipus	=	enreixat
aeroway,launch_complex,via aèria	=	complex de llançament
man_made,launch_pad,fet per l'home	=	plataforma de llançament
military,launchpad,militar	=	plataforma de llançament
aeroway,launchpad,via aèria	=	plataforma de llançament
seamark:small_craft_facility:category,launderette,seamark:instal·lació per a embarcacions petites:categoria	=	bugaderia
seamark:small_craft_facility:category,laundrette,seamark:instal·lació per a embarcacions petites:categoria	=	bugaderia
shop,laundromat,botiga	=	bugaderia
shop,laundry,botiga	=	roba bruta
vending,laundry_detergent,venda	=	detergent de bugaderia
natural,lava,natural	=	lava
amenity,lavoir,amenitat/servei	=	rentar
office,lawyer,oficina	=	advocat
parking,layby,estacionament	=	apartat
network:type,lcn,tipus de xarxa	=	lcn
emergency,leader_site,emergència	=	lloc líder
seamark:beacon_special_purpose:category,leading,seamark:beaamb propòsit especial:categoria	=	principal
type,leading_light,tipus	=	Llum guia
type,leading_line,tipus	=	línia principal
leaf_type,leafless,tipus_full	=	sense fulles
shelter_type,lean_to,refugi_tipus	=	inclinar-se
roof:shape,lean_to,sostre: forma	=	inclinar-se
tourism,lean_to,turisme	=	recolzar-se en
dog,leashed,gos	=	lligat
craft,leather,artesania	=	cuir
shop,leather,botiga	=	cuir
cuisine,lebanese,cuina	=	libanès
light:method,LED,llum:mètode	=	DIRIGIÓ
lamp_type,LED,tipus_lampada	=	DIRIGIÓ
lamp_type,led,llum_tipus led
hazard,leeches,perill	=	sangoneres
naptan:PlusbusZoneRef,LEEDS,naptà:PlusbusZoneRef	=	LEEDS
side,left,costat	=	esquerra
railway:signal:position,left,ferrocarril:senyal:posició	=	esquerra
railway:turnout_side,left,ferrocarril:turnout_side	=	esquerra
turn:lanes,left,gir:carrils	=	esquerra
turn:lanes:both_ways,left,girar:carrils:tots dos_senders	=	esquerra
footway,left,senda	=	esquerra
sidewalk,left,vorera	=	esquerra
placement:forward,left_of:1,col·locació: endavant	=	esquerra_de:1
placement,left_of:2,col·locació	=	esquerra_de:2
placement,left_of:3,placement	esquerra_of:3
road_marking,left;through,marcació_carretera esquerra;a través de
turn:lanes,left;through|right,girar:carrils esquerra;a través|dreta
turn:lanes:backward,left;through|right,gir:carrils:enrere esquerra;passant|dreta
turn:lanes:forward,left;through|right,gir:carrils:avançar esquerra;passant|dreta
turn:lanes,left;through|through,girar:carrils esquerra;a través|a través
turn:lanes,left;through|through;right,girar:carrils esquerra;a través|a través;dreta
turn:lanes:forward,left|,girar:carrils: endavant	=	esquerra|
turn:lanes:backward,left|,girar:carrils:darrere	=	esquerra|
turn:lanes,left|,girar:carrils esquerra|
turn:lanes,left||,gir:carrils	=	esquerra||
turn:lanes:forward,left||,girar:carrils: endavant	=	esquerra||
turn:lanes:backward,left||,girar:carrils:darrere	=	esquerra||
turn:lanes,left|||,gir:carrils	=	esquerra|||
turn:lanes,left|||right,gir:carrils	=	esquerra|||dreta
turn:lanes,left|left,gir:carrils esquerra|esquerra
turn:lanes:forward,left|none,girar:carrils: endavant	=	esquerra|cap
turn:lanes:backward,left|none,girar:carrils:darrere	=	esquerra|cap
turn:lanes,left|none|none,gir:carrils	=	esquerra|cap|cap|
turn:lanes:backward,left|none|none,gir:carrils:enrere esquerra|cap|cap
turn:lanes:forward,left|none|none,gir:carrils:avançar esquerra|cap|cap
turn:lanes,left|none|none|none,gir:carrils esquerra|cap|cap|cap
turn:lanes,left|right,gir:carrils	=	esquerra|dreta
turn:lanes:forward,left|right,girar:carrils: endavant	=	esquerra|dreta
turn:lanes:backward,left|right,girar:carrils:darrere	=	esquerra|dreta
turn:lanes,left|through,gir:carrils	=	esquerra | a través
turn:lanes:forward,left|through,girar:carrils: endavant	=	esquerra | a través
turn:lanes:backward,left|through,girar:carrils:darrere	=	esquerra | a través
turn:lanes,left|through;right,gir:carrils	=	esquerra|a través;dreta
turn:lanes:forward,left|through;right,girar:carrils: endavant	=	esquerra|a través;dreta
turn:lanes:backward,left|through;right,girar:carrils:darrere	=	esquerra|a través;dreta
turn:lanes,left|through|right,gir:carrils esquerra|passant|dreta
turn:lanes:forward,left|through|right,gir:carrils:avançar esquerra|passant|dreta
turn:lanes,left|through|through,gir:carrils	=	esquerra|a través|a través
turn:lanes,left|through|through;right,gir:carrils	=	esquerra|a vaig travessar
turn:lanes,left|through|through|right,gir:carrils	=	esquerra|a través|a través|dreta
government,legislative,govern	=	legislatiu
building:foundation_height,less_than_1,=	menys que 1
building:age,less_than_10,"edifici:edat, antiguitat = menys de 10"
building:floor_area,less_than_500,edifici:àrea_pis	=	menys_de_500
amenity,letter_box,amenitat/servei	=	bústia
man_made,levee,fet per l'home	=	dic
indoor,level,interior	=	nivell
disused:railway,level_crossing,en desús: ferrocarril	=	pas a nivell
railway,level_crossing,ferrocarril	=	pas a nivell
handle,lever,manejar	=	palanca
heritage:operator,lfd,patrimoni:operador	=	lfd
seamark:light:character,LFl,marca:llum:personatge	=	LFl
diplomatic,liaison,diplomàtic	=	enllaç
liaison,liaison_office,enllaç	=	oficina d'enllaç
natural,liana,natural	=	liana
amenity,library,amenitat/servei	=	biblioteca
amenity,library_dropoff,amenitat/servei	=	entrega de la biblioteca
access,licence,accés	=	llicència
fishing,licence,pescar	=	llicència
access,license,accés	=	llicència
symbol,Liegende gelbe Raute auf weißem Grund,símbol Color groc destacat Carretera sobre fons blanc
amenity,life_ring,amenitat/servei	=	anell de vida
emergency,life_ring,emergència	=	anell de vida
seamark:rescue_station:category,lifeboat,seamark:estació de salvament:categoria	=	pot salvavides
seamark:rescue_station:category,lifeboat_on_mooring,seamark:estació de salvament:categoria	=	pot salvavides en amarratge
amenity,lifeboat_station,amenitat/servei	=	estació de pots salvavides
emergency,lifeboat_station,emergència	=	estació de pots salvavides
cadet,lifeguard,cadet	=	Salvavides
emergency,lifeguard,emergència	=	Salvavides
office,lifeguard,oficina	=	Salvavides
emergency,lifeguard_base,emergència	=	base de salvavides
emergency,lifeguard_place,emergència	=	lloc de salvavides
emergency,lifeguard_platform,emergència	=	plataforma de salvavides
emergency,lifeguard_tower,emergència	=	torre de salvavides
bridge:movable,lift,"pont: mòbil = elevador, ascensor"
barrier,lift_gate,barrera	=	ascensor_porta
bridge:support,lift_pier,pont: suport	=	ascensor moll
railway:signal:distant:form,light,ferrocarril:senyal:distant:forma	=	llum
railway:signal:shunting:form,light,ferrocarril:senyal:maniobra:formulari	=	llum
railway:signal:minor:form,light,ferrocarril:senyal:menor:formulari	=	llum
railway:signal:main:form,light,ferrocarril:senyal:principal:formulari	=	llum
railway:signal:speed_limit:form,light,ferrocarril:senyal:speed_limit:formulari	=	llum
seamark:type,light,marca de mar: tipus	=	lleuger
material,light,material	=	lleuger
building:material,light,material de construcció	=	llum
railway:signal:combined:form,light,ferrocarril:signal:combined:form	light
railway:signal:speed_limit_distant:form,light,ferrocarril:senyal:límit_de_velocitat_distant:forma lleugera
seamark:type,light_float,marca de mar: tipus	=	flotador lleuger
seamark:type,light_major,marca de mar:tipus	=	llum_major
seamark:type,light_minor,marca de mar: tipus	=	llum_menor
construction,light_rail,construcció	=	Tren Lleuger
station,light_rail,estació	=	Tren Lleuger
railway,light_rail,ferrocarril	=	Tren Lleuger
route,light_rail,ruta	=	Tren Lleuger
seamark:type,light_vessel,marca de mar: tipus	=	vaixell lleuger
building:colour,lightgrey,edifici:color gris clar
man_made,lighthouse,artificial	=	far
seamark,lighthouse,marca	=	far
building,lighthouse,tipus d'edifici	=	far
shop,lighting,botiga	=	Encenent
tower:type,lighting,torre:tipus	=	Encenent
tower:type,lightning_protection,torre:tipus	=	protecció contra raigs
genus,Ligustrum,gènere	=	tauleta
species,Ligustrum␣lucidum,espècies	=	Ligustrum_lucidum
fortification_type,limes,tipus de fortificació	=	llimes
material,limestone,material	=	calcària
wheelchair,limited,cadira de rodes	=	limitat
lit,limited,il·luminat	=	limitat
ale_supply,limited,subministrament de cervesa	=	limitat
changing_table,limited,taula per canviar bolquers	=	limitat
seamark:notice:category,limited_headroom,marca:avís:categoria	=	marge limitat
boundary,limited_traffic_zone,Límit	=	zona de trànsit limitat
genus:de,Linde,gènere:de	=	Linde
genus:en,Linden,gènere: ca	=	Til·ler
barrier,line,barrera	=	línia
communication,line,comunicació	=	línia
removed:power,line,eliminat: poder	=	línia
power,line,energia	=	línia
crossing:markings,lines,creuament:marques línies
political_division,linguistic_community,divisió política	=	comunitat lingüística
footway,link,senda	=	Enllaç
house,link-detached,casa	=	enllaç separat
club,linux,club	=	linux
cargo,liquid_bulk,càrrega	=	líquid a granel
genus,Liquidambar,gènere	=	Liquidàmbar
species,Liquidambar styraciflua,espècie Liquidambar styraciflua
species,Liquidambar␣styraciflua,espècies	=	Liquidambar_styraciflua
genus,Liriodendron,gènere	=	lliriodendre
species,Liriodendron␣tulipifera,espècies	=	Liriodendron_tulipifera
landuse,livestock,ús del sòl	=	bestiar
museum,living_history,museu	=	història viva
highway,living_street,carretera	=	viure_carrer
construction,living_street,construcció	=	carrer viu
content,LNG,contingut	=	GNL
substance,LNG,substància	=	GNL
amenity,loading_dock,amenitat/servei	=	moll_de_càrrega
railway,loading_gauge,ferrocarril	=	indicador de càrrega
railway,loading_rack,ferrocarril	=	prestatge de càrrega
railway,loading_ramp,ferrocarril	=	rampa de càrrega
cuisine,local,cuina	=	local
museum,local,museu	=	local
passenger,local,passatger	=	local
priority,local,prioritat	=	local
network:type,Local,tipus de xarxa	=	Local
traffic,local,trànsit	=	local
hgv,local,camions local
source:name,local knowledge,font:nom logic_undp
boundary,local_authority,Límit	=	autoritat local
place,locality,lloc	=	localitat
water,lock,aigua	=	tancar
signal_station,lock,estació de senyals	=	tancar
seamark:signal_station_traffic:category,lock,seamark: trànsit de l'estació de senyals: categoria	=	tancar
seamark:type,lock_basin,marca de mar: tipus	=	conca de bloqueig
waterway,lock_gate,camí aquàtic	=	lock_gate
amenity,locker,amenitat/servei	=	armari
craft,locksmith,artesania	=	serraller
shop,locksmith,botiga	=	serraller
historic,locomotive,històric	=	locomotora
genus:en,Locust,gènere: ca	=	llagosta
barrier,log,barrera	=	Inicia sessió
landuse,logging,ús del sòl	=	Inici sessió
source:name,logic_undp,font:nom LPI NSW Base Map
bicycle:type,logistics,bicicleta: tipus	=	logística
company,logistics,empresa	=	logística
industrial,logistics,industrial	=	logística
office,logistics,oficina	=	logística
megalith_type,long_barrow,tipus de megàlit	=	carretó llarg
athletics,long_jump,atletisme	=	salt llarg
sport,long_jump,esport	=	salt llarg
curve,loop,corba	=	cercle
hazard,loose_gravel,perill	=	graveta solta
species,Lophostemon␣confertus,espècies	=	Lophostemon_confertus
seamark:radio_station:category,loran,seamark:emissora de ràdio:categoria	=	lloren
office,lost_property,oficina	=	propietat perduda
amenity,lost_property_office,amenitat/servei	=	oficina d'objectes perduts
boundary,lot,Límit	=	lot
shop,lottery,botiga	=	loteria
utility,loudspeaker,utilitat	=	altparlant
amenity,lounger,amenitat/servei	=	faragan
place_of_worship,lourdes_grotto,lloc d'adoració	=	gruta de lourdes
amenity,love_hotel,"amenitat/servei = Casa de cites , habitacions per hores"
standing,low,de peu	=	baix
boundary,low_emission_zone,Límit	=	zona de baixa emissió
hazard,low_flying_aircraft,perill	=	avions de baix vol
lamp_type,low_pressure_sodium,tipus_lampada	=	sodi_baixa_pressió
bridge,low_water_crossing,pont	=	cruce_de_aguas_bajas
seamark:light:1:category,lower,seamark:llum:1:categoria	=	més baix
seamark:light:category,lower,seamark:llum:categoria	=	més baix
kerb,lowered,frenar	=	baixat
content,LPG,contingut	=	GLP
source:name,LPI NSW Base Map,font:nom minvskadreçaess
source:name,LPI_NSW_Base_Map,nom de la font	=	Mapa base de LPI NSW
source:geometry,LPI_NSW_Imagery,font: geometria	=	Imatges LPI NSW
source:maxspeed,LT:urban,font:velocitat màxima LT:urbà
railway,lubricator,ferrocarril	=	lubricador
amenity,luggage_locker,amenitat/servei	=	caseller d'equipatge
species,Luma␣apiculata,espècies	=	Luma_apiculata
denomination,lutheran,denominació luterana
craft,luthier,artesania	=	luthier
clothes,luxury,roba	=	luxe
network:type,lwn,tipus de xarxa	=	lwn
school:MG,lycée,escola:MG	=	liceu
barrier,lych_gate,barrera	=	porta lych
boules,lyonnaise,petanca	=	Lleonesa
genus,Macadamia,gènere	=	macadàmia
trees,macadamia_trees,arbres	=	macadamia_trees
industrial,machine_shop,industrial	=	botiga de màquina
product,machinery,producte	=	maquinària
aerialway,magic_carpet,via aèria	=	catifa màgica
survey_point:structure,magnet,punt d'enquesta: estructura	=	imant
genus,Magnolia,gènere	=	Magnòlia
species,Magnolia␣grandiflora,espècies	=	Magnòlia_grandiflora
amenity,mailroom,amenitat/servei	=	sala de correu
entrance,main,entrada	=	principal
railway:track_type,main,ferrocarril:tipus_de_via	=	principal
water_source,main,font d'aigua	=	principal
transformer,main,transformador	=	principal
usage,main,ús	=	principal
entrance,main_entrance,entrada	=	entrada principal
LINZ:dataset,mainland,LINZ:conjunt de dades	=	continent
house,maisonette,casa	=	caseta
crop,maize,cultiu	=	blat de moro
description,Maize,descripció Blat de moro
HFCS,Major Collector,Col·lector principal HFCS
HFCS,Major␣Collector,JMAF	=	Major_Col·leccionista
cuisine,malaysian,cuina	=	malasi
school:gender,male,escola:gènere	=	masculí
shop,mall,botiga	=	centre comercial
site,mall,lloc	=	centre comercial
genus,Malus,gènere	=	Malus
species,Malus␣domestica,espècies	=	Malus_domèstica
type,maneuver,tipus	=	maniobra
type,maneuvre,tipus	=	maniobra
genus,Mangifera,gènere	=	Mangifera
trees,mango_trees,arbres	=	arbres_de_mango
wetland,mangrove,aiguamoll	=	mangle
man_made,manhole,artificial	=	forat dhome
type,manoeuvre,tipus	=	maniobra
historic,manor,històric	=	senyoriu
castle_type,manor,tipus castell	=	senyoriu
roof:shape,mansard,sostre: forma	=	golfes
pump,manual,bomba	=	manual
mechanical_driver,manual,conductor mecànic	=	manual
actuator,manual,solenoide	=	manual
building,manufacture,tipus d'edifici	=	fabricar
shop,manufactured_home,botiga	=	casa prefabricada
content,manure,contingut	=	fems
roof:shape,many,sostre: forma	=	molts
information,map,informació	=	mapa
playground,map,parc infantil	=	mapa
source:position,"MapBox (0,0)","font: posició MapBox (0,0)"
source:destination,mapillary,origen Destinació	=	mapellar
genus:en,Maple,gènere: ca	=	Arce
shop,maps,botiga	=	mapes
source:outline,"Maps4BW (LGL-BW, www.lgl-bw.de)","font: esquema Maps4BW (LGL-BW, www.lgl-bw.de)"
source:outline,"maps4bw (LGL, www.lgl-bw.de)","font: esquema maps4bw (LGL, www.lgl-bw.de)"
source:outline,"maps4bw (LGL, www.lgl-bw.de); Mapbox Satellite","font: esquema maps4bw (LGL, www.lgl-bw.de); Mapbox Satellite"
source:outline,"maps4bw␣(LGL,␣www.lgl-bw.de);␣Mapbox␣Satellite","font: esquema	=	maps4bw_(LGL,_www.lgl-bw.de);_Mapbox_Satèl·lit"
seamark:landmark:function,marabout,marca:punt de referència:funció	=	morabit
amenity,marae,amenitat/servei	=	marae
material,marble,material	=	marbre
building:material,marble,material de construcció	=	marbre
leisure,marina,lleure	=	port petit
seamark:harbour:category,marina,marca:port:categoria	=	port petit
harbour,marina,port	=	port petit
harbour:category,marina,port:categoria	=	port petit
shop,marine,botiga	=	marina
seamark:type,marine_farm,marca de mar:tipus	=	granja_marina
emergency,marine_refuge,emergència	=	refugi marí
emergency,marine_rescue,emergència	=	rescat marí
military_service,marines,servei militar	=	infanteria de marina
historic,maritime,històric	=	marítim
boundary,maritime,Límit	=	marítim
crossing,marked,encreuament	=	marcat
parking:lane:both,marked,estacionament:carril:tots dos	=	marcat
pipeline,marker,canonada	=	marcador
boundary,marker,Límit	=	marcador
power,marker,poder	=	marcador
crop,market_gardening,cultiu	=	mercat_jardineria
amenity,marketplace,amenitat/servei	=	mercat
building,marketplace,tipus d'edifici	=	mercat
aeroway,marking,via aèria	=	qualificació
building,marquee,tipus d'edifici	=	marquesina
wetland,marsh,aiguamoll	=	pantà
natural,marsh,natural	=	pantà
man_made,marsh_terrace,terrassa_de_aiguamoll_artificial
sport,martial_arts,esport	=	Arts marcials
material,masonry,material	=	paleta
building:material,masonry,material de construcció	=	paleta
place_of_worship,mass_rock,lloc d'adoració	=	roca massiva
beauty,massage,bellesa	=	massatges
shop,massage,botiga	=	massatge
healthcare:speciality,massage_therapy,especialitat:de_salut	=	massatge_teràpia
source:hgv,MassGIS,font:hgv	=	MassGIS
source:maxspeed,massgis,font:velocitat màxima massgis
man_made,mast,artificial	=	pal
seamark:landmark:category,mast,marca:punt de referència:categoria	=	pal
lamp_mount,mast,muntatge_de_lampada	=	pal
landmark,mast,punt de referència	=	pal
school:FR,maternelle,escola:FR	=	maternelle
healthcare:speciality,maternity,especialitat:de_salut	=	maternitat
age,mature,anys	=	madur
tomb,mausoleum,tomba	=	mausoleu
source:surface,MaxarPremium,font:superfície	=	MaxarPremium
healthcare:speciality,maxillofacial_surgery,sanitat:especialitat	=
enforcement,maxspeed,aplicació	=	màxima velocitat
man_made,maypole,artificial	=	maig
attraction,maze,atracció	=	laberint
leisure,maze,temps lliure	=	laberint
addr:ward,Mbagala,adreça: sala	=	Mbagala
addr:ward,Mbagala kuu,adreça:ward Mbagala kuu
addr:ward,Mbagala␣kuu,adreça: sala	=	Mbagala_kuu
man_made,MDF,artificial	=	MDF
source:ele,MDT5,font:el	=	MDT5
natural,meadow,natural	=	prat
landuse,meadow,ús del sòl	=	prat
orchard,meadow_orchard,horta	=	hort del prat
meadow,meadow_orchard,prat	=	prat_hort
landuse,meadow_orchard,ús del sòl	=	hort del prat
substation,measurement,subestació	=	mesurament
man_made,measurement_station,fet per l'home	=	estació de mesura
wholesale,meat,majorista	=	carn
switch,mechanical,canviar	=	mecànic
cooling:method,mechanical_draft,mètode de refredament	=	tir mecànic
survey_point:structure,medallion,punt d'enquesta: estructura	=	medalló
traffic_calming,median,mediana de calma del trànsit
barrier,median_strip,barrera	=	franja divisòria
shop,medical,botiga	=	metge
office,medical,oficina	=	metge
healthcare:speciality,medical_examination,sanitat:especialitat	=	revisió mèdica
healthcare,medical_imaging,cura de la salut	=	imatges mèdiques
shop,medical_supply,botiga	=	suplement mèdic
amenity,meditation_centre,amenitat/servei	=	centre de meditació
cuisine,mediterranean,cuina	=	Mediterrani
NHD:RESOLUTION,Medium,NHD:RESOLUCIÓ	=	Mitjà
archaeological_site,megalith,lloc arqueològic	=	megàlit
site_type,megalith,tipus_lloc	=	megàlit
species,Melaleuca␣armillaris,espècies	=	Melaleuca_armillaris
species,Melaleuca␣linariifolia,espècies	=	Melaleuca_linariifolia
species,Melaleuca␣styphelioides,espècies	=	Melaleuca_styphelioides
species,Melia␣azedarach,espècies	=	Melia_azedarach
private,members,privat	=	membres
historic,memorial,històric	=	monument
seamark:landmark:category,memorial,marca:punt de referència:categoria	=	monument
memorial,memorial,monument	=	monument
landmark,memorial_plaque,punt de referència	=	placa commemorativa
megalith_type,menhir,tipus de megàlit	=	menhir
social_facility:for,mental_health,social_facility:per	=	salut mental
dinner,menu,sopar	=	menú
lamp_type,mercury,tipus_lampada	=	mercuri
water,mere,aigua	=	simple
man_made,meridian_marker,fet per l'home	=	marcador de meridià
created_by,Merkaartor 0.11,creat_per Merkaartor 0.11
created_by,Merkaartor 0.12,creat_per Merkaartor 0.12
created_by,Merkaartor 0.13,creat_per Merkaartor 0.13
created_by,Merkaartor_0.11,creat per	=	Merkaartor 0.11
natural,mesa,natural	=	turó baix
fence_type,metal,cerca_tipus	=	metall
building:roof,metal,edifici: sostre	=	metall
material,metal,material	=	metall
building:material,metal,material de construcció	=	metall
roof:material,metal,sostre: material	=	metall
surface,metal,superfície	=	metall
roof:material,metal sheet,sostre:material metall full
craft,metal_construction,artesania	=	construcció de metall
surface,metal_grid,superfície	=	reixeta_metalica
building:material,metal_plates,material de construcció	=	Plats de metall
industrial,metal_processing,industrial	=	processant metall
roof:material,metal_sheet,sostre: material	=	làmina de metall
lamp_type,metal-halide,tipus_lampada	=	halogenurs metàl·lics
lamp_type,metal-halogenide,halogenur metàl·lic tipus_làmpada
material,metal;wood,material	=	metall;fusta
building:material,metal;wood,material de construcció	=	metall;fusta
roof:material,metal␣sheet,sostre: material	=	metall xapa
historic,meteor_crater,històric	=	cràter de meteorit
natural,meteor_crater,natural	=	cràter de meteorit
observatory:type,meteorological,observatori:tipus	=	meteorològic
denomination,methodist,denominació metodista
cuisine,mexican,cuina	=	mexicà
heritage:operator,mhs,patrimoni:operador	=	mhs
healthcare:speciality,microbiology,sanitat:especialitat	=
amenity,microwave,amenitat/servei	=	microona
placement,middle_of:1,col·locació	=	mitjà_de:1
placement,middle_of:2,col·locació	=	mitjà_de:2
placement,middle_of:3,placement	middle_of:3
healthcare,midwife,cura de la salut	=	Partera
building:use:pl,mieszkalne,edifici:ús:pl	=	mieszkalne
building:use:pl,Mieszkalny,edifici:ús:pl	=	Mieszkalny
building:usage:pl,mieszkalny,edifici:ús:pl mieszkalny
waterway,milestone,camí aquàtic	=	fita
highway,milestone,carretera	=	fita
railway,milestone,ferrocarril	=	fita
historic,milestone,històric	=	fita
access,military,accés=militar
aerodrome:type,military,aeròdrom: tipus	=	militar
flag:type,military,bandera: tipus	=	militar
cadet,military,cadet	=	militar
museum,military,museu	=	militar
foot,military,peu	=	militar
harbour:category,military,port:categoria	=	militar
seamark:restricted_area:category,military,seamark:àrea restringida:categoria	=	militar
building,military,tipus d'edifici	=	militar
usage,military,ús	=	militar
landuse,military,ús del sòl	=	militar
seamark:type,military_area,marca de mar: tipus	=	zona militar
club,military_cadets,club	=	cadets militars
boundary,military_district,Límit	=	districte militar
shop,military_surplus,botiga	=	excedent militar
vending,milk,venda	=	Llet
amenity,milk_dispenser,amenitat/servei	=	dispensador de llet
seamark:landmark:category,minaret,marca:punt de referència:categoria	=	minar
tower:type,minaret,torre:tipus	=	minar
man_made,mine,artificial	=	meva
historic,mine,històric	=	meva
industrial,mine,industrial	=	meva
landuse,mine,ús del sòl	=	meva
historic,mine_shaft,històric	=	pou de mina
hazard,minefield,perill	=	camp de mines
site_type,mineral_extraction,tipus_lloc	=	extracció_de_minerals
man_made,mineshaft,artificial	=	pou de mina
traffic_calming,mini_bumps,calmar el trànsit	=	mini_cops
highway,mini_roundabout,carretera	=	mini_rotonda
railway,miniature,ferrocarril	=	miniatura
sport,miniature_golf,esport	=	minigolf
leisure,miniature_golf,temps lliure	=	minigolf
bus,minibus,autobús	=	microbús
route,minibus,ruta	=	microbús
archaeological_site,minilith,lloc arqueològic	=	minilit
site_type,minilith,tipus de lloc	=	minilit
lit:perceived,minimal,encès: percebut	=	mínim
source:ref,Ministerial Decision Γ25871/1963 (ΦΕΚ Β 319/23.07.1963),font:referència Decisió Ministerial Γ25871/1963 (ΦΕΚ Β 319/23.07.1963)
source:ref,Ministerial Decision ΔΟΥ/οικ/5776/2015 (ΦΕΚ ΑΑΠ 253/21.12.2015),font:referència Decisió Ministerial ΔΟΥ/οικ/5776/2015 (ΦΕΚ ΑΑΠ 253/21.12.2015)
government,ministry,govern	=	ministeri
stop,minor,atureu-vos	=	menor
highway,minor,autopista	=	menor
construction,minor,construcció	=	menor
railway:track_type,minor,ferrocarril:tipus_via menor
HFCS,Minor Arterial,Arterial menor HFCS
substation,minor_distribution,subestació	=	distribució_menor
power,minor_line,energia	=	línia_menor
HFCS,Minor␣Arterial,JMAF	=	Menor_Arterial
craft,mint,artesania	=	menta
source:name,minvskaddress,font:nom MRWA-514
building:material,mirror,material de construcció	=	mirall
military,missile,militar	=	míssil
embassy,mission,ambaixada	=	missió
amenity,mist_spraying_cooler,amenitat/servei	=	refredador de polvorització de boira
autonomy,mixed,autonomia	=	barrejat
leaf_cycle,mixed,cicle_full	=	barrejat
abutters,mixed,confina amb	=	barrejat
school:gender,mixed,escola:gènere	=	barrejat
railway:traffic_mode,mixed,ferrocarril:traffic_mode	=	barrejat
wood,mixed,fusta	=	barrejat
building:material,mixed,material de construcció	=	barrejat
roof:shape,mixed,sostre: forma	=	barrejat
leaf_type,mixed,tipus_full	=	barrejat
waste,mixed,brossa = barrejada
aerialway,mixed_lift,via aèria	=	aixecament mixt
building,mixed_use,tipus d'edifici	=	Ús mixt
naptan:BusStopType,MKD,naptan:BusStopType	=	MKD
naptan:PlusbusZoneRef,MNCRPIC,naptà:PlusbusZoneRef	=	MNCRPIC
seamark:light:character,Mo,marca:llum:personatge	=	Mes
collection_times,Mo-Fr 08:00,horaris_de_col·lecció dl-dv 08:00
opening_hours,Mo-Fr 08:00-16:00,horaris	Mo-Fr 08:00-16:00
collection_times,Mo-Fr 09:00; Sa 07:00,horaris_de_col·lecció dl-dv 09:00; Ds 07:00
collection_times,Mo-Fr␣08:00,temps_de_col·lecció	=	dl-vie_08:00
collection_times,Mo-Fr␣09:00;␣Sa␣07:00,temps_de_col·lecció	=	dl-vie_09:00;_dissab_07:00
collection_times,Mo-Sa 09:00,horari_de_recollida Dl-Ds 09:00
water,moat,aigua	=	fossat
industrial,mobile_equipment,industrial	=	equip mòbil
shop,mobile_home,botiga	=	casa mòbil
building,mobile_home,tipus d'edifici	=	casa mòbil
amenity,mobile_library,amenitat/servei	=	biblioteca mòbil
amenity,mobile_money_agent,amenitat/servei	=	agent_diners_movil
shop,mobile_phone,botiga	=	telèfon mòbil
communication,mobile_phone,comunicació	=	telèfon mòbil
shop,mobility_scooter,botiga	=	scooter
shop,model,botiga	=	model
sport,model_aerodrome,esport	=	model_aeròdrom
source:shape,Modified MS Footprints https://cugir.library.cornell.edu,source:shape Empremtes de MS modificades https://cugir.library.cornell.edu
source:shape,Modified␣MS␣Footprints␣https://cugir.library.cornell.edu,font:forma	=	Modificat_MS_Footprints_https://cugir.library.cornell.edu
seamark:light:category,moire,seamark:llum:categoria	=	muaré
amenity,monastery,amenitat/servei	=	monestir
historic,monastery,històric	=	monestir
garden:type,monastery,jardí: tipus	=	monestir
building,monastery,tipus d'edifici	=	monestir
church:type,monastic,església:tipus	=	monàstic
shop,money_lender,botiga	=	prestador
amenity,money_transfer,amenitat/servei	=	transferència de diners
shop,moneylender,botiga	=	prestador
tower:type,monitoring,torre:tipus	=	supervisió
man_made,monitoring_station,artificial	=	estació_de_monitoreig
mooring,monobuoy,amarrador	=	monoboia
design,monopolar,disseny	=	monopolar
poles,monopole,poles	monopole
tower:construction,monopole,torre:monopol de construcció
construction,monorail,construcció	=	monocarril
station,monorail,estació	=	monocarril
railway,monorail,ferrocarril	=	monocarril
route,monorail,ruta	=	monocarril
historic,monument,històric	=	Monument
seamark:landmark:category,monument,marca:punt de referència:categoria	=	Monument
tower:type,monument,torre:tipus	=	Monument
natural,moor,natural	=	Param
waterway,mooring,camí aquàtic	=	amarrador
seamark:type,mooring,marca de mar: tipus	=	amarrador
seamark:buoy_special_purpose:category,mooring,seamark:boia propòsit especial:categoria	=	amarrador
geological,moraine,geològic	=	morena
glacier:part,moraine,glacera: part	=	morena
natural,moraine,natural	=	morena
denomination,mormon,denominació	=	mormó
amenity,mortuary,amenitat/servei	=	mortuori
genus,Morus,gènere	=	Morus
species,MORUS␣ALBA,espècies	=	MORUS_ALBA
seamark:landmark:function,mosque,marca:punt de referència:funció	=	mesquita
building,mosque,tipus d'edifici	=	mesquita
natural,moss,natural	=	molsa
landcover,mostly_rock,coberta terrestre	=	sobretot_rock
tourism,motel,turisme	=	motel
sport,motocross,esport	=	motocròs
sport,motor,esport	=	motor
route,motorboat,ruta	=	motora
boat:type,motorboat,vaixell:tipus	=
shop,motorcycle,botiga	=	motocicleta
club,motorcycle,club	=	motocicleta
trailer:type,motorcycle,remolc: tipus	=	motocicleta
clothes,motorcycle,roba	=	motocicleta
taxi_type,motorcycle,tipus de taxi	=	motocicleta
taxi_vehicle,motorcycle,vehicle taxi	=	motocicleta
barrier,motorcycle_barrier,barrera	=	barrera de motos
amenity,motorcycle_parking,amenitat/servei	=	moto_estacionament
shop,motorcycle_parts,botiga	=	parts de motocicleta
amenity,motorcycle_rental,amenitat/servei	=	lloguer de motos
shop,motorcycle_repair,botiga	=	reparació_de_motos
amenity,motorcycle_taxi,amenitat/servei	=	mototaxi
shop,motorhome,botiga	=	casa rodant
caravan_site,motorhome_stopover,lloc de caravanes	=	escala d'autocaravanes
shop,motorsports,botiga	=	automobilisme
highway,motorway,carretera	=	autopista
construction,motorway,construcció	=	autopista
proposed,motorway,proposat	motorway
highway,motorway_junction,carretera	=	cruce_autopista
highway,motorway_link,carretera	=	autopista_enllaç
construction,motorway_link,construcció	=	enllaç d'autopista
fortification_type,motte,tipus de fortificació	=	mota
man_made,mound,artificial	=	monticle
glacier:type,mountain,glacera: tipus	=	muntanya
sac_scale,mountain_hiking,sac_escala	=	Muntanyisme
natural,mountain_range,natural	=	serralada
emergency,mountain_rescue,emergència	=	rescat de muntanya
man_made,mountaineers_mailbox,fet per l'home	=	bústia de muntanyencs
man_made,mounting_block,fet per l'home	=	bloc de muntatge
bridge,movable,pont	=	mòbil
vending,movies,venda	=	pel·lícules
office,moving_company,oficina	=	empresa de mudances
highway,moving_walkway,autopista	=	passarel·la mòbil
source:name,MRWA-514,font:nom Nomenclator Geográfico Básico de España
mapper,mspray9,mapejador	=	mspray9
gns:dsg,MT,gns:dsg	=	MUNTANYA
bicycle,mtb,bicicleta	=	bicicleta de muntanya
route,mtb,ruta	=	bicicleta de muntanya
amenity,mtb_school,amenitat/servei	=	escola mtb
wetland,mud,aiguamoll	=	fang
tidal,mud,de marea	=	fang
building:material,mud,material de construcció	=	fang
natural,mud,natural	=	fang
surface,mud,superfície	=	fang
building:material,mud;wood,material de construcció	=	fang;fusta
route,mudflat_hiking,ruta	=	senderisme aiguamolls
sport,multi,esport	=	multi
parking,multi-storey,estacionament	=	de molts pisos
religion,multifaith,religió	=	multireligiós
type,multilinestring,tipus	=	multilínia
type,multipolygon,tipus	=	multipolígon
flag:type,municipal,bandera: tipus	=	municipal
ownership,municipal,propietat	=	municipal
source:street,municipality,font: carrer	=	municipi
source:streetnumber,municipality,font:número del carrer	=	municipi
place,municipality,lloc	=	municipi
source:en,Municipality of Caguas,font:en Municipi de Caguas
source:en,Municipality␣of␣Caguas,font:es	=	Municipi_de_Cagües
bunker_type,munitions,tipus búnquer	=	proveïments
artwork_type,mural,tipus_d'obra	=	mural
genus,Musa,gènere	=	musa
building,museum,tipus d'edifici	=	museu
tourism,museum,turisme	=	museu
shop,music,botiga	=	música
training,music,capacitació	=	música
club,music,club	=	música
amenity,music_school,amenitat/servei	=	escola de Musica
amenity,music_venue,amenitat/servei	=	lloc de música
leisure,music_venue,temps lliure	=	lloc de música
craft,musical_instrument,artesania	=	instrument musical
shop,musical_instrument,botiga	=	instrument musical
shop,musical_instruments,botiga	=	instruments musicals
religion,muslim,religió	=	musulmà
man_made,mussel_raft,artificial	=	balsa_de_musclos
network:short,MVV,xarxa: MVV curt
metcouncil:dfz,N,metcouncil:dfz	=	nord
metcouncil:site_hfn,N,metcouncil:lloc_hfn	=	nord
tiger:CPI,N,tigre: IPC	=	nord
tiger:PCINECTA,N,tigre: PCINECTA	=	nord
tiger:PCICBSA,N,tigre:PCICBSA	=	nord
naptan:Bearing,N,naptan: Tenint N
roof:orientation:compass,N-S,sostre:orientació:brúixola	=	N-S
species,n.␣sp.,espècies	=	n._sp.
KSJ2:filename,N03-090320_02_new.xml,KSJ2: nom de fitxer	=	N03-090320_02_nou.xml
KSJ2:filename,N03-090320_16_new.xml,KSJ2: nom de fitxer	=	N03-090320_16_nou.xml
beauty,nails,bellesa	=	ungles
natural,naled,natural	=	naled
construction,narrow_gauge,construcció	=	via estreta
railway,narrow_gauge,ferrocarril	=	trocha_angosta
seamark:sea_area:category,narrows,marca:àrea del mar:categoria	=	s'estreny
fountain,nasone,font	=	nasone
border_type,nation,tipus frontera	=	nació
flag:type,national,bandera: tipus	=	nacional
importance,national,importància	=	nacional
boundary,national,Límit	=	nacional
passenger,national,passatger	=	nacional
priority,national,prioritat	=	nacional
traffic,national,trànsit	=	nacional
ownership,national,ownership	national
boundary,national_park,Límit	=	parc Nacional
source:en,"National-Land Numerical Information (Forest) 2006, MLIT Japan","font:en Informació numèrica nacional de terres (forestal) 2006, MLIT Japó"
source:en,"National-Land␣Numerical␣Information␣(Forest)␣2006,␣MLIT␣Japan","font:es	=	National-Land_Numerical_Information_(Bosc)_2006,_MLIT_Japó"
crop,native_pasture,cultiu	=	pastura_natiu
LINZ:layer,native_poly,LINZ: capa	=	natiu_poli
tree_form,natural,arbre_forma	=	natural
content,natural_gas,contingut	=	gas natural
denotation,natural_monument,denotació	=	monument natural
museum,nature,museu	=	naturalesa
board_type,nature,tipus_tauler	=	naturalesa
protected_area,nature_reserve,àrea protegida	=	reserva natural
leisure,nature_reserve,lleure	=	reserva natural
seamark:restricted_area:category,nature_reserve,seamark:àrea restringida:categoria	=	reserva natural
healthcare:speciality,naturopathy,especialitat:de_salut	=	naturopatia
seamark:small_craft_facility:category,nautical_club,seamark:instal·lació per a embarcacions petites:categoria	=	club nàutic
seamark:fog_signal:category,nautophone,seamark: senyal de boira: categoria	=	nautòfon
military,naval_base,militar	=	base naval
police,naval_base,policia	=	base naval
seamark:type,navigation_line,marca de mar:tipus	=	línia_navegació
aeroway,navigationaid,via aèria	=	Ajuda a la navegació
military_service,navy,servei militar	=	Armada
route,ncn,ruta	=	ncn
beacon:type,NDB,balisa: tipus	=	NBD
naptan:Bearing,NE,naptan: Tenint NE
archaeological_site,necropolis,lloc arqueològic	=	necròpolis
site_type,necropolis,tipus_lloc	=	necròpolis
species,NECUNOSCUTA,espècies	=	NECUNOSCUTA
valve,needle,vàlvula	=	agulla
leaf_type,needleleaved,tipus_full	=	amb fulles d'agulla
operational_status_quality,needs_maintenance,estat_operatiu_qualitat	=	necessita manteniment
TMC:Direction,negative,TMC:Direcció	=	negatiu
place,neighbourhood,lloc	=	veïnat
historic:civilization,neolithic,històric: civilització	=	neolític
healthcare:speciality,neonatology,sanitat:especialitat	=
damage:event,nepal_earthquake_2015,dany:esdeveniment	=	nepal_terremoto_2015
healthcare:speciality,nephrology,sanitat:especialitat	=
man_made,Nesting_site,fet per l'home	=	Lloc de nidificació
sport,netball,esport	=	bàsquet
type,network,tipus	=	xarxa
healthcare:speciality,neurology,sanitat:especialitat	=
healthcare:speciality,neurophysiology,sanitat:especialitat	=
healthcare:speciality,neuropsychiatry,sanitat:especialitat	=
healthcare:speciality,neurosurgery,sanitat:especialitat	=
shop,new_age,botiga	=	nova era
species,New␣Tree␣Pit,espècies	=	Nou_Arbre_Pou
vending,news_papers,venda	=	diaris
shop,newsagent,botiga	=	venedor de diaris
office,newspaper,oficina	=	diari
vending,newspapers,venda	=	diaris
operator:short,NGCP,operador:curt	NGCP
office,ngo,oficina	=	ong
denomination,nichiren,denominació	=	nichiren
heritage:operator,nid,patrimoni:operador	=	niu
is_in:country,Nigeria,és_a:país Nigèria
amenity,nightclub,amenitat/servei	=	Club nocturn discoteca
species,nigra,espècies	=	negra
addr:community,Nima,adreça:comunitat	=	nima
sport,nine_mens_morris,esport	=	nou mens morris
wood,nipa_palm,fusta	=	palmell nipa
source:hgv:state_network,NJDOT http://www.state.nj.us/transportation/about/rules/pdf/chapter32truckaccess.pdf,font: camions: xarxa_state NJDOT http://www.state.nj.us/transportation/about/rules/pdf/chapter32truckaccess.pdf
source:hgv:state_network,NJDOT␣http://www.state.nj.us/transportation/about/rules/pdf/chapter32truckaccess.pdf,font: hgv: state_network	=	NJDOT_http://www.state.nj.us/transportation/about/rules/pdf/chapter32truckaccess.pdf
zone:maxspeed,NL:30,zona:maxspeed	=	NL:30
zone:maxspeed,NL:60,zona:maxspeed	=	NL:60
political_division,NL:kamerkieskring,divisió política	=	NL:kamerkieskring
zone:traffic,NL:rural,zona:tràfic	=	ÉS:rural
political_division,NL:statenkieskring,divisió política	=	ES:statenkieskring
zone:traffic,NL:urban,zona:tràfic	=	ÉS:urbà
source:maxspeed,NL:zone30,font:velocitat màxima NL:zone30
source:location,NLS.fi Topographic Database,font:ubicació Base de dades topogràfica NLS.fi
road_marking,no,marcació_carretera no Activar sí/no
access,no,accés = no  Activar sí/no
internet_access,no,accés a Internet = no  Activar sí/no
access:roof,no,accés: sostre = no  Activar sí/no
access:delivery,no,accés:lliurament = no  Activar sí/no
managed,no,administrat = no  Activar sí/no
agricultural,no,agrícola = no  Activar sí/no
drinking_water,no,aigua potable = no  Activar sí/no
segregated,no,aïllat = no  Activar sí/no
highspeed,no,alta velocitat = no  Activar sí/no
oneway:bus,no,anada: autobús = no  Activar sí/no
oneway:bicycle,no,anada: bicicleta = no  Activar sí/no
oneway:motorcycle,no,anada: motocicleta = no  Activar sí/no
animated,no,animat = no  Activar sí/no
area,no,àrea = no  Activar sí/no
car,no,auto = no  Activar sí/no
bus,no,autobús = no  Activar sí/no
motorcar,no,automòbil = no  Activar sí/no
expressway,no,Autopista = no  Activar sí/no
highway,no,autopista = no  Activar sí/no
self_service,no,autoservei = no  Activar sí/no
dual_carriageway,no,autovia = no  Activar sí/no
overtaking,no,avançament = no  Activar sí/no
toilets,no,banys = no  Activar sí/no
toilets:handwashing,no,banys: rentat de mans	=	no
barrier,no,barrera	=	no
goods,no,béns	=	no
bicycle,no,bicicleta	=	no
mtb,no,bicicleta de muntanya	=	no
lockable,no,bloquejable	=	no
locked,no,bloquejat	=	no
pump,no,bomba	=	no
shop,no,botiga	=	no
button_operated,no,botó_operat	=	no
wheelchair,no,cadira de rodes	=	no
atm,no,Caixer automàtic	=	no
traffic_calming,no,calmar el trànsit	=	no
gutter,no,canal	=	no
change:backward,no,canvi: al revés	=	no
change:forward,no,canvi: endavant	=	no
change:lanes:forward,no,canviar: carrils: endavant	=	no
change:lanes:backward,no,canviar:carrils:darrere	=	no
capacity:disabled,no,capacitat: deshabilitat	=	no
capacity:parent,no,capacitat: pare	=	no
capacity:women,no,capacitat:dones	=	no
motorroad,no,carretera	=	no
cycleway,no,carril bici	=	no
cycleway:right,no,carril bici: dreta	=	no
cycleway:foot,no,carril bici: peu	=	no
cycleway:both,no,carril bici:tots dos	=	no
carriage,no,carro	=	no
horse,no,cavall	=	no
moped,no,ciclomotor	=	no
cycleway:right:buffer,no,ciclovia:dreta:amortidor	=	no
cycleway:right:oneway,no,ciclovia:dreta:sentit únic	=	no
cycleway:left,no,ciclovia:esquerra	=	no
covered,no,cobert	=	no
bin,no,compartiment	=	no
crop,no,cultiu	=	no
oneway,no,d'una sola mà	=	no
smoking,no,de fumar	=	no
tidal,no,de marea	=	no
dispensing,no,dispensant	=	no
building:fireproof,no,edifici: incombustible	=	no
electrified,no,electrificat	=	no
ship,no,Embarcació	=	no
emergency,no,emergència	=	no
crossing,no,encreuament	=	no
crossing:island,no,encreuament: illa	=	no
crossing:light,no,encreuament: llum	=	no
crossing:barrier,no,encreuament:barrera	=	no
crossing:bell,no,encreuament:campana	=	no
entrance,no,entrada	=	no
delivery,no,entrega	=	no
school:selective,no,escola: selectiva	=	no
shoulder,no,espatlla	=	no
ski,no,esquí	=	no
seasonal,no,estacional	=	no
parking,no,estacionament	=	no
parking:right,no,estacionament: dret	=	no
parking:left,no,estacionament: esquerra	=	no
parking:lane:both,no,estacionament:carril:tots dos	=	no
parking:both,no,estacionament:tots dos	=	no
flour_fortified,no,farina_fortificada	=	no
railway:milestone:catenary_mast,no,ferrocarril: fita: catenary_mast	=	no
railway:milestone:emergency_brake_override,no,ferrocarril: fita: emergency_brake_override	=	no
railway:lzb,no,ferrocarril: lzb	=	no
railway:ballastless,no,ferrocarril: sense balast	=	no
railway:atb,no,ferrocarril:atb	=	no
railway:etcs,no,ferrocarril:etc.	=	no
railway:gnt,no,ferrocarril:gnt	=	no
railway:switch:electric,no,ferrocarril:interruptor:elèctric	=	no
railway:ls,no,ferrocarril:ls	=	no
railway:local_operated,no,ferrocarril:operat_localment	=	no
railway:pzb,no,ferrocarril:pzb	=	no
railway:tbl,no,ferrocarril:tbl	=	no
physically_present,no,físicament present	=	no
FMMP_modified,no,FMMP_modificat	=	no
FMMP_reviewed,no,FMMP_revisat	=	no
kerb,no,frenar	=	no
backup_generator,no,generador_de_respatller	=	no
dog,no,gos	=	no
historic,no,històric	=	no
opening_hours:signed,no,horari_d'obertura:signat	=	no
collection_times:signed,no,horaris de recollida:signat	=	no
lit,no,il·luminat	=	no
indoor,no,interior	=	no
intermittent,no,intermitent	=	no
internet_access:fee,no,internet_access:tarifa	=	no
irrigated,no,irrigat	=	no
LandPro08:reviewed,no,LandPro08: revisat	=	no
toilets:wheelchair,no,lavabos: cadira de rodes	=	no
passing_places,no,llocs de pas	=	no
luminous,no,lluminós	=	no
wholesale,no,majorista	=	no
forklift,no,màquina elevadora	=	no
seamark:radar_reflector,no,marca de mar: reflector de radar	=	no
lane_markings,no,marques_de_carril	=	no
hazmat,no,materials perillosos	=	no
maxspeed,no,màxima velocitat	=	no
median,no,mitjana	=	no
mofa,no,mofa	=	no
motorcycle,no,motocicleta	=	no
snowmobile,no,motoneu	=	no
motorboat,no,motora	=	no
handrail,no,mural	=	no
naptan:verified,no,naptan: verificat	=	no
name:signed,no,nom: signat	=	no
osmarender:render,no,osmarender:renderitzar	=	no
osmarender:renderRef,no,osmarender:renderRef	=	no
osmarender:renderName,no,osmarender:representarNom	=	no
payment:cash,no,Pagament en efectiu	=	no
payment:credit_cards,no,pagament:credit_cards	=	no
payment:debit_cards,no,pagament:targetes_dèbit	=	no
passenger_information_display,no,pantalla_d'informació_del_passatger	=	no
wall,no,paret	=	no
passenger,no,passatger	=	no
park_ride,no,passeig del Parc	=	no
tactile_paving,no,paviment_tactil	=	no
toll,no,peatge	=	no
maxweight:signed,no,pes màxim: signat	=	no
foot,no,peu	=	no
pole,no,pol	=	no
bridge,no,pont	=	no
flood_prone,no,propens a inundar-se	=	no
psv,no,psv	=	no
survey_point:datum_aligned,no,punt d'aixecament: datum alineat	=	no
ramp,no,rampa	=	no
trail_visibility,no,rastre_visibilitat	=	no
recycling:glass,no,reciclatge:vidre	=	no
rednap:nodo,no,rednap: node	=	no
shelter,no,refugi	=	no
backrest,no,respatller	=	no
review,no,revisió	=	no
salt,no,sal	=	no
outdoor_seating,no,seients a l'aire lliure	=	no
noexit,no,Sense sortida	=	no
traffic_signals:vibration,no,senyals_de_tràfic: vibració	=	no
traffic_signals:sound,no,senyals_de_trànsit:so	=	no
drive_through,no,servei al carro	=	no
winter_service,no,servei_d'hivern	=	no
departures_board,no,sortides a bord	=	no
roof:downpipe,no,sostre: baixant	=	no
supervised,no,supervisat	=	no
fee,no,tarifa	=	no
bench,no,taula de treball	=	no
changing_table,no,taula per canviar bolquers	=	no
tiger:reviewed,no,tigre: revisat	=	no
tiger:separated,no,tigre: separat	=	no
building,no,tipus d'edifici	=	no
ferry,no,transportar	=	no
train,no,tren	=	no
tunnel,no,túnel	=	no
oneway:moped,no,unidireccional: ciclomotor	=	no
oneway:mofa,no,unidireccional: mofa	=	no
oneway:psv,no,unidireccional: psv	=	no
boat,no,vaixell	=	no
vehicle,no,vehicle	=	no
motor_vehicle,no,Vehicle de motor	=	no
hgv,no,vhg	=	no
roundtrip,no,viatge anada i tornada	=	no
sidewalk,no,vorera	=	no
sidewalk:right,no,vorera: dreta	=	no
sidewalk:left,no,vorera: esquerra	=	no
air_conditioning,no,aire_condicionat no
armrest,no,reposabraços no
automated,no,automatitzat no
canoe,no,canoa núm
caravans,no,caravanes núm
cash_in,no,cash_in núm
crossing:markings,no,creuament:marques no
crossing:signals,no,encreuament:senyals no
cycleway:both:buffer,no,via_ciclable:ambdues:interferència no
cycleway:left:oneway,no,via_ciclable:esquerra:sentit únic no
cycleway:right:segregated,no,via_ciclable:dreta:segregada no
diet:halal,no,dieta: halal no
diet:kosher,no,dieta: kosher no
diet:vegan,no,dieta: vegà no
door,no,porta no
female,no,femení no
fire_hydrant:diameter:signed,no,hidrant_incendi:diàmetre:signat núm
flashing_lights,no,llums_intermitents no
floating,no,flotant no
generator:solar:tracking,no,generador:solar:seguiment no
geometry:reviewed,no,geometria: revisat núm
hgv:national_network,no,camions:xarxa_nacional no
indoor_seating,no,seients_interiors no
informal,no,informal no
LINZ:reviewed,no,LINZ:revisat no
maxheight:signed,no,alçada_màxima:signed no
maxstay,no,estada màxima no
overtaking:hgv,no,overtaking:camions	no
parking:both:fee,no,aparcament:ambdós:fee	no
parking:fee,no,aparcament:fee	no
parking:left:fee,no,aparcament:esquerra:fee	no
parking:right:fee,no,aparcament:dreta:fee	no
payment:cards,no,pagament:cards	no
payment:cryptocurrencies,no,pagament:cryptocurrencies	no
payment:notes,no,pagament:notes	no
power_supply,no,power_supply	no
railway:atc,no,ferrocarril:atc	no
railway:ctc,no,ferrocarril:ctc	no
railway:evm,no,ferrocarril:evm	no
railway:kvb,no,ferrocarril:kvb	no
railway:ptc,no,ferrocarril:ptc	no
railway:tilting,no,ferrocarril:inclinació no
railway:tvm,no,ferrocarril:tvm no
ramp:wheelchair,no,rampa:cadira de rodes no
recycling:plastic,no,reciclatge:plàstic no
ref:signed,no,ref:signat no
reservation,no,reserva no
sidewalk:both,no,sidewalk:ambdós no
takeaway,no,per emportar no
tourist_bus,no,autobús turístic no
trailblazed,no,sender_traçat no
trolley_wire,no,cable_de_trolei no
nysgissam:review,no matching street nearby,nysgissam:review	no matching carrer nearby
seamark:restricted_area:restriction,no_anchorage,seamark:àrea restringida:restricció	=	sense ancoratge
seamark:notice:category,no_anchoring,marca:avís:categoria	=	sense ancoratge
seamark:restricted_area:restriction,no_anchoring,seamark:àrea restringida:restricció	=	sense ancoratge
seamark:notice:category,no_berthing,marca:avís:categoria	=	sense atracament
seamark:restricted_area:restriction,no_boating,seamark:àrea restringida:restricció	=	sense passejades en pot
seamark:restricted_area:restriction,no_diving,seamark:àrea restringida:restricció	=	no bussejar
seamark:notice:category,no_entry,marca:avís:categoria	=	No hi ha entrada
seamark:restricted_area:restriction,no_entry,seamark:àrea restringida:restricció	=	No hi ha entrada
seamark:buoy_special_purpose:category,no_entry,seamark:boia propòsit especial:categoria	=	No hi ha entrada
seamark:restricted_area:restriction,no_fishing,seamark:àrea restringida:restricció	=	no pescar
restriction,no_left_turn,restricció	=	no_girar_a_l'esquerra
parking:lane:right,no_parking,estacionament:carril:dreta	=	No estacionar
parking:lane:left,no_parking,estacionament:carril:esquerra	=	No estacionar
parking:lane:both,no_parking,estacionament:carril:tots dos	=	No estacionar
parking:both:restriction,no_parking,aparcament:ambdós:restriction	no_aparcament
parking:left:restriction,no_parking,aparcament:esquerra:restriction	no_aparcament
parking:right:restriction,no_parking,aparcament:dreta:restriction	no_aparcament
restriction,no_right_turn,restricció	=	sense gir a la dreta
restriction,no_right_turn_on_red,restricció	=	no girar a la dreta en vermell
parking:lane:right,no_stopping,estacionament:carril:dreta	=	sense parar
parking:lane:left,no_stopping,estacionament:carril:esquerra	=	sense parar
parking:lane:both,no_stopping,estacionament:carril:tots dos	=	sense parar
parking:both:restriction,no_stopping,aparcament:ambdós:restriction	no_stopping
parking:left:restriction,no_stopping,aparcament:esquerra:restriction	no_stopping
parking:right:restriction,no_stopping,aparcament:dreta:restriction	no_stopping
restriction,no_straight_on,restricció	=	no_straight_on
restriction,no_u_turn,restricció	=	No el teu torn
seamark:restricted_area:category,no_wake,seamark:àrea restringida:categoria	=	sense despertar
seamark:restricted_area:restriction,no_wake,seamark:àrea restringida:restricció	=	sense despertar
change:lanes,no|no,canviar carrils	=	no|no
foot,no␣@␣(Mo-Su␣18:00-07:00),peu	=	no_@_(Lu-Do_18:00-07:00)
nysgissam:review,no␣matching␣street␣nearby,nysgissam: revisió	=	sin_coincidència_carrer_cercana
mechanical_coupling,nodding_donkey,acoblament mecànic	=	ruc assentint
type,node,tipus	=	node
network:type,node_network,tipus de xarxa	=	node_xarxa
wall,noise_barrier,paret	=	barrera_soroll
outlet,noise_barrier,presa de corrent	=	barrera de soroll
seamark:restricted_area:category,noise_limit,seamark:àrea restringida:categoria	=	límit de soroll
source:name,Nomenclator Geográfico Básico de España,font:nom Nomenclátor Geográfico de Municipios y Entidades de Población
source:name,Nomenclátor Geográfico de Municipios y Entidades de Población,font:name NSW LPI Base Map
seamark:wreck:category,non-dangerous,marca:naufragi:categoria	=	no perillós
office,non-governmental_organization,oficina	=	organització no governamental
road_marking,none,marcació_carretera cap
canvec:STRUCTYPE,None,canvec:TIPUS D'ESTRUCTURA	=	Cap
cycleway,none,carril bici	=	cap
lit:perceived,none,encès: percebut	=	cap
maxspeed,none,màxima velocitat	=	cap
religion,none,religió	=	cap
footway,none,senda	=	cap
sidewalk,none,vorera	=	cap
maxweight:conditional,none @ destination,pes màxim:condicional cap a la destinació
maxweightrating:hgv:conditional,none @ destination,classificació de pes màxim:camió pesant:condicional cap a la destinació
turn:lanes,none|none|merge_to_left,gir:carrils	=	cap|cap|combinar_a_l'esquerra
turn:lanes,none|none|right,gir:carrils cap|cap|dreta
turn:lanes,none|none|slight_right,gir:carrils	=	cap|cap|lleugeri_bé
cuisine,noodle,cuina	=	fideus
trees,nopal_plants,arbres	=	plantes_de_nopal
piste:type,nordic,pista: tipus	=	nòrdic
route,nordic_walking,ruta	=	caminada nòrdica
railway:signal:distant:height,normal,ferrocarril:senyal:distant:alçada	=	normal
railway:signal:main:height,normal,ferrocarril:senyal:principal:alçada	=	normal
railway:signal:speed_limit_distant:height,normal,ferrocarril:senyal:velocitat_límit_distant:alçada	=	normal
parking_space,normal,plaça d'aparcament	=	normal
type,normal,tipus	=	normal
railway:signal:speed_limit:height,normal,via fèrria:senyal:límit_velocitat:alçada	=	normal
railway:signal:combined:height,normal,ferrocarril:signal:combined:height	normal
railway:signal:minor:height,normal,ferrocarril:senyal:menor:alçada normal
railway:signal:shunting:height,normal,ferrocarril:senyal:maniobra:alçada normal
seamark:buoy_cardinal:category,north,marca:boia cardenal:categoria	=	nord
addr:street:prefix,North,adreça:carrer:prefix Nord
name:prefix,North,nom:prefix Nord
species:en,Norway Maple,espècie: en Auró de Noruega
species:en,Norway␣Maple,espècies:	=	Noruega_Arce
seamark:distance_mark:category,not_installed,marca de mar: marca de distància: categoria	=	no instal·lat
change:lanes:backward,not_left|yes,canvi:carrils:enrere no_esquerra|sí
change:lanes:forward,not_left|yes,canvi:carrils:endavant no_esquerra|sí
lawyer,notary,advocat	=	notari
office,notary,oficina	=	notari
seamark:type,notice,marca de mar: tipus	=	avís
seamark:beacon_special_purpose:category,notice,seamark:beaamb propòsit especial:categoria	=	adonar-se'n
board_type,notice,tipus_tauler	=	avís
piste:difficulty,novice,pista: dificultat	=	principiant
source:geometry,NPWS_Estate,font: geometria	=	Finca NPWS
source:position,NPWS_Estate,font:posició	=	Finca NPWS
source:name,NPWS_Estate,nom de la font	=	Finca NPWS
heritage:operator,nrhp,patrimoni:operador	=	nrhp
geobase:datasetName,NRN:British Columbia,geobase:datasetName NRN:Columbia Britànica
addr:source,NRW-Atlas,adreça:source NRW-Atles
source:name,NSW LPI Base Map,font:nom OS OpenData Locator
source:geometry,NSW_LPI_Base_Map,font: geometria	=	Mapa base de LPI de Nova Gal·les del Sud
source:name,NSW_LPI_Base_Map,nom de la font	=	Mapa base de LPI de Nova Gal·les del Sud
source:geometry,NSW_LPI_Imagery,font: geometria	=	Imatges LPI de Nova Gal·les del Sud
power_source,nuclear,font d'alimentació	=	nuclear
generator:source,nuclear,generador:font	=	nuclear
hazard,nuclear,perill	=	nuclear
plant:source,nuclear,planta:font	=	nuclear
healthcare:speciality,nuclear,sanitat:especialitat	=
shelter_type,nuclear,tipus de refugi	=	nuclear
military,nuclear_explosion_site,militar	=	lloc_explosió_nuclear
club,nudism,club	=	nudisme
embassy,nunciature,ambaixada	=	nunciatura
megalith_type,nuraghe,tipus de megàlit	=	nuraga
healthcare,nurse,cura de la salut	=	infermer
amenity,nursery,amenitat/servei	=	guarderia
amenity,nursing_home,amenitat/servei	=	asil_de_ancians
social_facility,nursing_home,instal·lacions_socials	=	asil_de_ancians
healthcare,nutrition_counseling,cura de la salut	=	assessorament nutricional
healthcare,nutrition_counselling,cura de la salut	=	assessorament nutricional
shop,nutrition_supplements,botiga	=	suplements_nutrició
shop,nuts,botiga	=	nous
naptan:Bearing,NW,naptan: Tenint NW
old_railway_operator,NYC,antic operador ferroviari	=	Nova York
old_railway_operator,NYH&H,antic operador ferroviari	=	NYH&H
old_railway_operator,NYNH&H,antic operador ferroviari	=	NYNH&H
source:hgv:state_network,NYSDOT https://www.dot.ny.gov/divisions/operating/oom/transportation-systems/repository/2010%20trk%20access%20bk.pdf,font:camions:state_network NYSDOT https://www.dot.ny.gov/divisions/operating/oom/transportation-systems/repository/2010%20trk%20access%20bk.pdf
source:hgv:state_network,NYSDOT␣https://www.dot.ny.gov/divisions/operating/oom/transportation-systems/repository/2010%20trk%20access%20bk.pdf,font: hgv: state_network	=	NYSDOT_https://www.dot.ny.gov/divisions/operating/oom/transportation-systems/repository/2010%20trk%20access%20bk.pdf
genus:en,Oak,gènere:en Oak
crop,oats,cultiu	=	civada
man_made,obelisk,artificial	=	obelisc
seamark:landmark:category,obelisk,marca:punt de referència:categoria	=	obelisc
memorial:type,obelisk,memorial: tipus	=	obelisc
memorial,obelisk,monument	=	obelisc
landmark,obelisk,punt de referència	=	obelisc
tomb,obelisk,tomba	=	obelisc
railway,obliterated,ferrocarril	=	esborrat
tower:type,observation,torre:tipus	=	observació
type,observation_spot,tipus	=	punt d'observació
man_made,observatory,artificial	=	observatori
landuse,observatory,ús del sòl	=	observatori
waterway:type,observed,canal: tipus	=	observat
sport,obstacle_course,esport	=	pista d'obstacles
military,obstacle_course,militar	=	pista d'obstacles
seamark:type,obstruction,marca de mar:tipus	=	obstrucció
seamark:light:character,Oc,marca:llum:personatge	=	Cap
species,occidentalis,espècies	=	occidentalis
healthcare:speciality,occupational,sanitat:especialitat	=
office,occupational_safety,oficina	=	seguretat Ocupacional
healthcare,occupational_therapist,cura de la salut	=	terapeuta ocupacional
place,ocean,lloc	=	Oceà
seamark:light:character,OcFl,marca:llum:personatge	=	OcFl
addr:city:en,October␣Gardens␣City,adreça:ciutat:ca	=	Octubre_Jardins_Ciutat
seamark:buoy_special_purpose:category,odas,seamark:boia propòsit especial:categoria	=	odes
addr:interpolation,odd,adreça:interpolació	=	estrany
source:old_ref:fap,ODOT http://www.dot.state.oh.us/Divisions/Planning/TechServ/prod_services/Pages/RI06.aspx http://www.dot.state.oh.us/Divisions/ContractAdmin/Contracts/Pages/NHS-FAP.aspx,.aspx
source:old_ref:fap,ODOT␣http://www.dot.state.oh.us/Divisions/Planning/TechServ/prod_services/Pages/RI06.aspx␣http://www.dot.state.oh.us/Divisions/ContractAdmin/Contracts/Pages/NHS-FAP.aspx,font:antiga_ref:fap	=
opening_hours:covid19,off,horari_d'obertura:covid19	=	apagat
amenity,office,amenitat/servei	=	oficina
construction,office,construcció	=	oficina
health_facility:type,office,establiment de salut: tipus	=	oficina
room,office,habitació	=	oficina
information,office,informació	=	oficina
military,office,militar	=	oficina
pilotage,office,pilotatge	=	oficina
building,office,Un edifici d'oficines és una estructura comercial dissenyada per a l'administració empresarial i treball d'oficina | edifici	=	oficina
shop,office_supplies,botiga	=	material d'oficina
police,offices,policia	=	oficines
access,official,accés	=	oficial
bicycle,official,bicicleta	=	oficial
foot,official,peu	=	oficial
waterway,offshore_field,camí aquàtic	=	camp costa fora
man_made,offshore_platform,artificial	=	plataforma marina
source:name:br,ofis publik ar brezhoneg,font:nom:br traducció correcta
source:name:br,ofis␣publik␣ar␣brezhoneg,font:nom:br	=	ofis_publik_ar_brezhoneg
historic,ogham_stone,històric	=	pedra ogham
highway,ohm:military:Trench,autopista	=	ohm:militar:trinxera
highway,ohm:ww1:militaryTrench,autopista	=	ohm:ww1:militaryTrinxera
content,oil,contingut	=	oli
waste,oil,desaprofitar	=	petroli
power_source,oil,font d'alimentació	=	petroli
generator:source,oil,generador:font	=	petroli
industrial,oil,industrial	=	oli
plant:source,oil,planta:font	=	petroli
product,oil,producte	=	petroli
substance,oil,substància	=	oli
type,oil,tipus	=	petroli
utility,oil,utilitat	=	petroli
seamark:type,oil_barrier,marca de mar: tipus	=	barrera d'oli
man_made,oil_gas_separator,fet per l'home	=	separador de gas d'oli
craft,oil_mill,artesania	=	trull
industrial,oil_mill,industrial	=	trull
trees,oil_palms,arbres	=	palmes_d'oli
harbour:category,oil_platform,port:categoria	=	plataforma petroliera
man_made,oil_well,artificial	=	pou de petroli
operational_status_quality,ok,estat_operatiu_qualitat	=	OK
addr:subdistrict,Olaines pagasts,adreça:subdistricte Olaines pagasts
genus,Olea,gènere	=	Olea
species,Olea europaea,espècie Olea europaea
species,Olea␣europaea,espècies	=	Olea_europaea
species,Olea␣europea,espècies	=	Olea_europea
trees,olive_trees,arbres	=	Oliveres
species:it,Olivo,espècies:	=	oliva
addr:street:en,Omar Ibn Al Khatab Street,adreça:carrer:en Omar Ibn Al Khatab carrer
seamark:radio_station:category,omega,seamark:emissora de ràdio:categoria	=	omega
seamark:light:exhibition,on_demand,marca:llum:exposició	=	Sota demanda
parking,on_kerb,estacionament	=	a la vorera
parking:lane:right:parallel,on_street,estacionament:carril:dreta:paral·lel	=	al carrer
parking:lane:hgv,on_street,estacionament:carril:hgv	=	al carrer
parking:lane:both:parallel,on_street,estacionament:carril:tots dos:paral·lel	=	al carrer
healthcare:speciality,oncology,sanitat:especialitat	=
notes,One Family Year-Round Residence,notes	One Family Year-Round Residence
design,one-level,disseny	=	un nivell
roof:shape,onion,sostre: forma	=	ceba
road_marking,only,només_marcació_carretera
by_night,only,a la nit	=	només
diet:kosher,only,dieta: kosher	=	només
wholesale,only,majorista	=	només
organic,only,orgànic	=	només
second_hand,only,segona mà	=	només
takeaway,only,treure	=	només
restriction,only_left_turn,restricció	=	solo_giro_a la_esquerra
restriction,only_right_turn,restricció	=	solo_girar_a_la_dreta
restriction,only_straight_on,restricció	=	sol_recte_en
heritage:operator,OnroerendErfgoed,patrimoni:operador	=	OnroerendErfgoed
source:postcode,ONS,font: codi postal	=	ONS
bath:type,onsen,bany:tipus	=	onsen
operational_status,open,estat operatiu	=	obert
opening_hours:covid19,open,horari_d'obertura:covid19	=	obert
museum,open_air,museu	=	aire lliure
theatre:type,open_air,teatre: tipus	=	aire lliure
source:building,OpenData Kreis Gütersloh - NAS,font:edifici OpenData Kreis Gütersloh - NAS
source:building,OpenData Land Nordrhein-Westfalen - Hausumringe,font:edifici OpenData Land Nordrhein-Westfalen - Hausumringe
editor,opengislab 2018,editor opengislab 2018
editor,"opengislab, caicedonia, edificios","editor opengislab, caicedonia, edificis"
editor,"opengislab,␣caicedonia,␣edificios","editor	=	opengislab,_caicedònia,_edificis"
editor,opengislab␣2018,editor	=	opengislab_2018
project,opensidewalks,projecte	=	voreres obertes
theatre:type,opera_house,teatre: tipus	=	teatre de l'Òpera
operational_status,operational,estat operatiu	=	Operacional
healthcare:speciality,ophthalmology,sanitat:especialitat	=	oftalmologia
naptan:Indicator,opp,naptà: Indicador	=	oportunitat
naptan:Indicator,Opp,naptan:Indicador Opp
cycleway,opposite,carril bici	=	oposat
cycleway,opposite_lane,carril bici	=	carril_oposat
cycleway:right,opposite_lane,carril bici: dreta	=	carril oposat
cycleway:left,opposite_lane,ciclovia:esquerra	=	carril oposat
busway,opposite_lane,via d'autobús	=	carril oposat
cycleway,opposite_share_busway,carril bici	=	via d'autobús compartida oposada
cycleway,opposite_shared_busway,carril bici	=	via d'autobús compartida oposada
cycleway,opposite_track,carril bici	=	pista_oposada
cycleway:right,opposite_track,carril bici: dreta	=	pista oposada
cycleway:left,opposite_track,ciclovia:esquerra	=	pista oposada
telescope:type,optical,telescopi: tipus	=	òptic
historic,optical_telegraph,històric	=	telègraf òptic
craft,optician,artesania	=	òptic
shop,optician,botiga	=	òptic
bicycle,optional_sidepath,bicicleta	=	ruta_lateral_opcional
bicycle:backward,optional_sidepath,bicicleta: al revés	=	vorera opcional
bicycle:forward,optional_sidepath,bicicleta: endavant	=	vorera opcional
healthcare,optometrist,cura de la salut	=	optometrista
healthcare:speciality,optometry,especialitat:de_salut	=	optometria
genus,Opuntia,gènere	=	Opuntia
colour,orange,color	=	taronja
light:colour,orange,color clar	=	taronja
seamark:topmark:colour,orange,marca de mar:marca de topall:color	=	taronja
seamark:light:colour,orange,marca:llum:color	=	taronja
seamark:beacon_special_purpose:colour,orange,seamark:beaamb propòsit especial:color	=	taronja
seamark:buoy_special_purpose:colour,orange,seamark:boia propòsit especial:color	=	taronja
building:colour,orange,edifici:color taronja
ref:colour,orange,ref:color taronja
trees,orange_trees,arbres	=	tarongers
landuse,orchard,ús del sòl	=	horta
craft,organ_builder,artesania	=	constructor d'òrgans
shop,organic,botiga	=	orgànic
waste,organic,desaprofitar	=	orgànic
flag:type,organisation,bandera: tipus	=	organització
sport,orienteering,esport	=	orientació
support,ornamental,suport	=	ornamental
healthcare:speciality,orthodontics,sanitat:especialitat	=	ortodòncia
denomination,orthodox,denominació ortodoxa
denomination,orthodox_presbyterian_church,denominació	=	església presbiteriana ortodoxa
geobase:acquisitionTechnique,Orthoimage,geobase:adquisicióTècnica Ortoimatge
healthcare:speciality,orthopaedics,sanitat:especialitat	=	ortopèdia
source:addr:postcode,OS Open Data Codepoint,font: adreça: codi postal OS Open Data Codepoint
source:addr:postcode,OS Opendata Codepoint,font: adreça: codi postal OS Opendata Codepoint
source:name,OS OpenData Locator,font:nom SO OpenData carrerView
source:name,OS OpenData StreetView,font:nom pmgsy
source:name,OS_OpenData_Locator,nom de la font	=	Localitzador de dades obertes del sistema operatiu
source:name,OS_OpenData_OS_Locator,nom de la font	=	US OpenData US Locator
source:ref,OS_OpenData_StreetView,font: referència	=	Sistema operatiu OpenData StreetView
source:building,OS_OpenData_StreetView,font:edifici	=	OS_OpenData_StreetView
source:name,OS_OpenData_StreetView,nom de la font	=	Sistema operatiu OpenData StreetView
source:addr:postcode,OS␣Open␣Data␣Codepoint,font:direcció:codi postal	=	OS_Open_Data_Codepoint
source:addr:postcode,OS␣Opendata␣Codepoint,font:direcció:codi postal	=	OS_Opendata_Codepoint
amenity,osmica,amenitat/servei	=	osmica
created_by,Osmose_Editor,creat per	=	Editor d'osmosi
generator:source,osmotic,generador:font	=	osmòtic
healthcare:speciality,osteopathy,sanitat:especialitat	=	osteopatia
genus,Ostrya,gènere	=	Ostrya
building:material,other,material de construcció	=	un altre
building,other,tipus d'edifici	=	un altre
project,OTI_HRI_COSMHA_STM020,projecte	=	OTI_HRI_COSMHA_STM020
healthcare:speciality,otolaryngology,sanitat:especialitat	=	otorinolaringologia
healthcare:speciality,otorhinolaryngology,especialitat:de_salut	=	otorinolaringologia
operational_status,out_of_order,estat operatiu	=	fora de servei
building,outbuilding,tipus d'edifici	=	dependència
geological,outcrop,geològic	=	aflorament
shop,outdoor,botiga	=	exterior
swimming_pool,outdoor,piscina	=	exterior
location,outdoor,ubicació	=	exterior
surveillance,outdoor,vigilància	=	exterior
telecom,outdoor_dslam,telecomunicacions	=	ball a l'aire lliure
shop,outdoor_power_equipment,botiga	=	equip d'energia a l'aire lliure
leisure,outdoor_seating,lleure	=	seients a l'aire lliure
man_made,outfall,fet per l'home	=	desguàs
amenity,outfitter,amenitat/servei	=	camiser
power,outlet,poder	=	presa de corrent
shop,outpost,botiga	=	avançada
generator:plant,output,generador: planta	=	producció
social_facility,outreach,instal·lacions_socials	=	superar a
toilets:position,outside,banys: posició	=	fora de
smoking,outside,de fumar	=	fora de
location,overground,ubicació	=	de superfície
door,overhead,porta	=	despeses generals
location,overhead,ubicació	=	despeses generals
seamark:restricted_area:restriction,overtaking_prohibited,seamark:àrea restringida:restricció	=	Prohibit avançar
building:ownership,owner,edifici:propietat	=	propietari
railway,owner_change,ferrocarril	=	canvi de propietari
water,oxbow,aigua	=	meandre
man_made,oxidation_ditch,fet per l'home	=	rasa d'oxidació
massgis:LEV_PROT,P,massgis:LEV_PROT P
species,P.␣Americana,espècies	=	P._Americana
historic,pa,històric	=	Pennsilvània
wholesale,packaging,majorista	=	embalatge
product,packaging,producte	=	embalatge
marker,paddle,marcador	=	paleta
sport,paddle_tennis,esport	=	pàdel
leisure,paddling_pool,temps lliure	=	piscina infantil
meadow,paddock,prat	=	pàdoc
sport,padel,esport	=	pàdel
healthcare:speciality,paediatric_surgery,sanitat:especialitat	=
healthcare:speciality,paediatrics,sanitat:especialitat	=	pediatria
religion,pagan,religió	=	pagà
seamark:landmark:function,pagoda,marca:punt de referència:funció	=	pagoda
building,pagoda,tipus d'edifici	=	pagoda
man_made,paifang,fet per l'home	=	paifang
shop,paint,botiga	=	pintar
wholesale,paint,majorista	=	pintura
sport,paintball,esport	=	bola de pintura
traffic_calming,painted_island,calmar el trànsit	=	illa pintada
traffic_calming,painted_table,calmar el trànsit	=	taula pintada
craft,painter,artesania	=	pintor
flood_mark,painting,marca d'inundació	=	pintura
artwork_type,painting,tipus d'obra d'art	=	pintura
building,pajaru,tipus d'edifici	=	pajarú
cuisine,pakistani,cuina	=	pakistanès
castle_type,palace,tipus castell	=	palau
building,palace,tipus d'edifici	=	palau
geological,palaeontological_site,geològic	=	lloc paleontològic
natural,palaeontological_site,natural	=	lloc paleontològic
historic,paleontological_site,històric	=	lloc paleontològic
healthcare:speciality,palliative,sanitat:especialitat	=
species,palm,espècies	=	palmera
wood,palm,fusta	=	palmera
genus,palm,gènere	=	palmera
type,palm,tipus	=	palmera
leaf_type,palm,tipus_full	=	palmera
cuisine,pancake,cuina	=	torteta
horreo,panera,El hórreo és un típic gran magatzem elevat d’Astúries i Galícia
camera:type,panning,càmera: tipus panoràmica
trees,papaya_trees,arbres	=	arbres_de_papaya
wholesale,paper,majorista	=	paper
craft,paperhanger,artesania	=	empaperador
navigationaid,papi,Ajuda a la navegació	=	papi
aeroway,papi,via aèria	=	papi
sport,parachuting,esport	=	paracaigudisme
sport,paragliding,esport	=	parapent
ngbe:subgrupo,Parajes,ngbe: subgrup	=	Paratges
parking:orientation,parallel,estacionament: orientació	=	paral·lela
parking:lane:right,parallel,estacionament:carril:dreta	=	paral·lela
parking:lane:left,parallel,estacionament:carril:esquerra	=	paral·lela
parking:lane:both,parallel,estacionament:carril:tots dos	=	paral·lela
orientation,parallel,orientació	parallel
parking:both:orientation,parallel,aparcament:ambdós:orientació	parallel
parking:left:orientation,parallel,aparcament:esquerra:orientació	parallel
parking:right:orientation,parallel,aparcament:dreta:orientació	parallel
boundary,parcel,Límit	=	parcel·la
amenity,parcel_locker,amenitat/servei	=	paquet_caseller
amenity,parcel_lockers,amenitat/servei	=	casellers per a paquets
vending,parcel_mail_in,venda	=	paquet de correu a
vending,parcel_pickup,venda	=	recollida_paquet
vending,parcel_pickup;parcel_mail_in,venda	=	paquet_recollida;parcel_mail_in
amenity,parcel_postbox,amenitat/servei	=	bústia de paquets
parking_space,parent,plaça d'aparcament	=	pare
church:type,parish,església: tipus	=	parròquia
office,parish,oficina	=	parròquia
amenity,park,amenitat/servei	=	parc
leisure,park,lleure	=	parc
denotation,park,denotació parc
site,parking,lloc	=	estacionament
service,parking,Servei	=	estacionament
building,parking,tipus d'edifici	=	estacionament
amenity,parking,"Una instal·lació d'aparcament proporciona espais designats perquè els vehicles s'aparcin, ja sigui per ús a curt o llarg termini | amenitat/servei	=	estacionament"
surveillance:zone,parking,vigilància: zona aparcament
service,parking_aisle,Servei	=	estacionament_passadís
amenity,parking_entrance,amenitat/servei	=	estacionament_entrada
fire_hydrant:position,parking_lot,hidrant_d'incendi:posició	=	estacionament
aeroway,parking_position,via aèria	=	estacionament_posició
amenity,parking_space,amenitat/servei	=	plaça d'aparcament
vending,parking_tickets,venda	=	multes d'estacionament
amenity,parkink,amenitat/servei	=	parc
leisure,parklet,temps lliure	=	parklet
sport,parkour,esport	=	parkour
government,parliament,govern	=	parlament
craft,parquet_layer,artesania	=	capa de parquet
seamark:light:visibility,part_obscured,marca:llum:visibilitat	=	part enfosquida
tactile_paving,partial,paviment tàctil	=	parcial
access_control,partial,control_d'accés parcial
service,parts,Servei	=	parts
shop,party,botiga	=	festa
tunnel,passage,túnel	=	pas
megalith_type,passage_grave,tipus de megàlit	=	tomba de pas
railway:traffic_mode,passenger,ferrocarril:traffic_mode	=	passatger
harbour:category,passenger,port:categoria	=	passatger
seamark:restricted_area:restriction,passing_or_overtaking_prohibited,seamark:àrea restringida:restricció	=	Prohibit passar o avançar
highway,passing_place,carretera	=	lloc_de_pas
shop,pasta,botiga	=	pasta
cuisine,pasta,cuina	=	pasta
religion,pastafarian,religió	=	pastafari
shop,pastry,botiga	=	Pastisseria
cuisine,pastry,cuina	=	Pastisseria
meadow,pasture,prat	=	pastura
farmland,pasture,terres de cultiu	=	pastura
landuse,pasture,ús del sòl	=	pastura
abandoned:highway,path,"abandonat: carretera= sender , corriol"
construction,path,construcció	=	camí
golf,path,golf	=	sender
footway,path,senda	=	camí
highway,path,"Un camí és un sender o passeig genèric per a vianants, sovint trobat en parcs, boscos o zones rurals | carretera	=	sender"
area:highway,path,zona:carretera	=	camí
disused:highway,path,desusat: camí d'autopista
highway,Path/Examples,autopista	=	Ruta/Exemples
healthcare:speciality,pathology,sanitat:especialitat	=
outdoor_seating,patio,seients a l'aire lliure	=
genus,Paulownia,gènere	=	Paulownia
surface,paved,"Una superfície pavimentada està coberta de materials artificials com pedra, maó, formigó o asfalt | superfície	=	pavimentat"
location,pavement,localització	=	paviment
craft,paver,artesania	=	llamborda
shelter_type,pavilion,refugi_tipus	=	pavelló
building,pavilion,tipus d'edifici	=	pavelló
cycleway:surface,paving_stones,ciclovia:superfície	=	llambordes
material,paving_stones,material	=	llambordes
surface,paving_stones,superfície	=	llambordes
sidewalk:right:surface,paving_stones,vorera:dreta:superfície	=	llambordes
footway:surface,paving_stones,vorera:superfície	=	llambordes
sidewalk:both:surface,paving_stones,vorera:tots dos:superfície	=	llambordes
sidewalk:left:surface,paving_stones,sidewalk:esquerra:surface paviments
surface,paving_stones:20,superfície	=	llambordes: 20
surface,paving_stones:30,superfície	=	llambordes:30
shop,pawnbroker,botiga	=	prestador
public_transport,pay_scale_area,transport públic	=	àrea d'escala salarial
amenity,payment_centre,amenitat/servei	=	centre_de_pagament
amenity,payment_terminal,amenitat/servei	=	terminal_de_pagament
survey:name,PDC PhilAWARE,enquesta:nom PDC PhilAWARE
survey:name,PDC␣PhilAWARE,enquesta:nom	=	PDC_PhilAWARE
natural,peak,natural	=	cim
landuse,peat_cutting,ús del sòl	=	tall de torba
tidal,pebbles,de marea	=	còdols
surface,pebblestone,superfície	=	còdols
sport,pedal_car_racing,esport	=	curses de cotxes de pedals
boat:type,pedalo,vaixell:tipus	=
marker,pedestal,marcador	=	pedestal
support,pedestal,suport	=	pedestal
highway,pedestrian,carretera	=	de vianants
construction,pedestrian,construcció	=	de vianants
area:highway,pedestrian,zona:carretera	=	de vianants
traffic_signals,pedestrian_crossing,senyals_de_trànsit pas_de_vianants
road_marking,pedestrian_crossing_rectangle,marcació_carretera pas_de_vianants_rectangle
hazard,pedestrians,perill	=	vianants
crossing_ref,pelican,cruce_ref	=	pelicà
sport,pelota,esport	=	pilota basca
generator:type,pelton_turbine,generador: tipus	=	turbina pelton
golf,penalty_area,golf	=	àrea de penal
place,peninsula,lloc	=	península
natural,peninsula,natural	=	península
source:hgv,PennDOT␣ftp://ftp.dot.state.pa.us/public/Bureaus/BOMO/MC/Publication411.pdf,font:hgv	=	PennDOT_ftp://ftp.dot.state.pa.us/public/Bureaus/BOMO/MC/Publication411.pdf
usage,penstock,ús	=	comporta
denomination,pentecostal,denominació pentecostal
shop,pépinière,botiga	=	pépiniere
seamark:beacon_lateral:shape,perch,marca:balisa lateral:forma	=	perca
stream,perennial,corrent	=	perenne
shop,perfumery,botiga	=	perfumeria
pump_mechanism,peristaltic,mecanisme de bomba	=	peristàltic
building:state_of_the_house,permanent,edifici:estat_de_la_casa	=	permanent
building:material,permanent,material de construcció	=	permanent
diplomatic,permanent_mission,diplomàtic	=	missió permanent
access,permissive,accés	=	permissiu
bicycle,permissive,bicicleta	=	permissiu
horse,permissive,cavall	=	permissiu
toilets:access,permissive,lavabos:accés	=	permissiu
hazmat:water,permissive,materials perillosos: aigua	=	permissiu
foot,permissive,peu	=	permissiu
motor_vehicle,permissive,Vehicle de motor	=	permissiu
access,permit,accés	=	permís
bicycle,permit,bicicleta	=	permís
foot,permit,peu	=	permís
vehicle,permit,vehicle	=	permís
motor_vehicle,permit,Vehicle de motor	=	permís
parking:orientation,perpendicular,estacionament: orientació	=	perpendicular
parking:lane:both,perpendicular,estacionament:carril:tots dos	=	perpendicular
orientation,perpendicular,orientació	perpendicular
protected,perpetuity,protegit	=	perpetuïtat
genus,Persea,gènere	=	persea
species,Persea␣americana␣Mill.,espècies	=	Persea_americana_Mill.
type,person,tipus	=	persona
swimming_pool,personal,piscina_personal
office,personal_service,oficina	=	servei personal
bunker_type,personnel_shelter,tipus búnquer	=	refugi de personal
cuisine,peruvian,cuina	=	peruà
sport,pesäpallo,esport	=	pesavall
shop,pest_control,botiga	=	control de plagues
shop,pet,botiga	=	mascota
vending,pet_food,venda	=	aliments per a mascotes
shop,pet_grooming,botiga	=	lavabo_de_mascotes
sport,petanque,esport	=	petanca
boules,petanque,petanca	=	petanca
archaeological_site,petroglyph,lloc arqueològic	=	petroglif
site_type,petroglyph,tipus de lloc	=	petroglif
abandoned:man_made,petroleum_well,abandonat:fet per lhome	=	pou_de_petroli
man_made,petroleum_well,artificial	=	pou_de_petroli
zoo,petting_zoo,zoo	=	zoològic d'animals acariciables
healthcare:speciality,pharmacology,sanitat:especialitat	=
shop,pharmacy,botiga	=	farmàcia
healthcare,pharmacy,cura de la salut	=	farmàcia
wholesale,pharmacy,majorista	=	farmàcia
amenity,pharmacy,Una farmàcia és una instal·lació sanitària on es dispenseu medicaments i s'ofereix assessorament farmacèutic | amenitat/servei	=	farmàcia
transformer,phase_angle_regulator,transformador	=	regulador d'angle de fase
theatre:genre,philharmonic,teatre:gènere	=	filharmònic
genus,Phoenix,gènere	=	Fènix
species,Phoenix␣canariensis,espècies	=	Phoenix_canariensis
species,Phoenix␣dactylifera,espècies	=	Phoenix_dactylifera
species,Phoenix␣dactylifera␣L.,espècies	=	Phoenix_dactylifera_L.
emergency,phone,emergència	=	telèfon
railway,phone,ferrocarril	=	telèfon
lines,phone,línies	=	telèfon
electronics_repair,phone,reparació electrònica	=	telèfon
shop,photo,botiga	=	foto
vending,photo,venda	=	foto
amenity,photo_booth,amenitat/servei	=	cabina de fotos
shop,photo_studio,botiga	=	estudi fotogràfic
craft,photographer,artesania	=	fotògraf
craft,photographic_laboratory,artesania	=	laboratori_fotografico
shop,photography,botiga	=	fotografia
vending,photos,venda	=	fotos
generator:method,photovoltaic,generador: mètode	=	fotovoltaica
plant:method,photovoltaic,planta:mètode	=	fotovoltaica
healthcare:speciality,physiatry,sanitat:especialitat	=
type,physical,tipus	=	físic
office,physician,oficina	=	metge
healthcare,physiotherapist,cura de la salut	=	fisioterapeuta
healthcare:speciality,physiotherapy,especialitat:de_salut	=	fisioteràpia
amenity,piano,amenitat/servei	=	piano
craft,piano_tuner,artesania	=	afinador de piano
genus,Picea,gènere	=	picea
species,Picea␣abies,espècies	=	Pica abies
species,Picea␣glauca,espècies	=	Picea_glauca
species,Picea␣pungens,espècies	=	Picea_pungens
sport,pickeball,esport	=	pickeball
sport,pickleball,esport	=	cogombret
leisure,picnic,temps lliure	=	pícnic
shelter_type,picnic_shelter,refugi_tipus	=	picnic_refugi
leisure,picnic_site,temps lliure	=	lloc de pícnic
tourism,picnic_site,turisme	=	lloc de pícnic
leisure,picnic_table,lleure	=	taula de pícnic
cycleway:both:lane,pictogram,via_ciclable:ambdues:pictograma de carril
cycleway:right:lane,pictogram,via_ciclable:dreta:pictograma de carril
cuisine,pie,cuina	=	pastís
man_made,pier,artificial	=	moll
bridge:support,pier,pont: suport	=	moll
sport,pilates,esport	=	pilates
seamark:type,pile,marca de mar: tipus	=	munt
seamark:mooring:category,pile,marca:amarre:categoria	=	pila
seamark:beacon_lateral:shape,pile,marca:balisa lateral:forma	=	pila
seamark:beacon_safe_water:shape,pile,seamark:balisa aigua segura:forma	=	pila
seamark:beacon_cardinal:shape,pile,seamark:balisa cardenal:forma	=	pila
seamark:beacon_special_purpose:shape,pile,seamark:beaamb propòsit especial:forma	=	pila
man_made,pillar,fet per l'home	=	pilar
fire_hydrant:type,pillar,hidrant_d'incendi: tipus	=	pilar
seamark:buoy_cardinal:shape,pillar,marca de mar: boia cardinal: forma	=	pilar
seamark:buoy_safe_water:shape,pillar,marca:boia aigua segura:forma	=	pilar
seamark:buoy_isolated_danger:shape,pillar,marca:boia aïllat perill:forma	=	pilar
seamark:buoy_lateral:shape,pillar,marca:boia lateral:forma	=	pilar
post_box:type,pillar,post_box: tipus	=	pilar
survey_point:structure,pillar,punt d'enquesta: estructura	=	pilar
landmark,pillar,punt de referència	=	pilar
seamark:buoy_special_purpose:shape,pillar,seamark:boia propòsit especial:forma	=	pilar
tomb,pillar,tomba	=	pilar
bunker_type,pillbox,tipus_búnquer	=	fortí
historic,pillory,històric	=	picota
seamark:type,pilot_boarding,marca de mar: tipus	=	abordatge pilot
golf,pin,golf	=	agulla
line_attachment,pin,línia_adjunt	=	agulla
survey_point:structure,pin,punt d'enquesta: estructura	=	agulla
trees,pineapple_plants,arbres	=	plantes_de_pina
genus,Pinus,gènere	=	pi
species,Pinus mugo,espècie Pinus mugo
species,Pinus pinea,espècie Pinus pinea
species,pinus_mugo,espècies	=	pinus_mugo
species,Pinus␣mugo,espècies	=	Pinus_muc
species,Pinus␣nigra,espècies	=	Pinus nigra
species,Pinus␣nigra␣nigra,espècies	=	Pinus_nigra_nigra
species,Pinus␣nigra␣var.␣Austriaca,espècies	=	Pinus_nigra_var._Àustriaca
species,Pinus␣pinea,espècies	=	Pinus_pinea
species,Pinus␣radiata,espècies	=	Pinus_radiata
species,PINUS␣SILVESTRIS,espècies	=	PINUS_SILVESTRIS
species,Pinus␣strobus,espècies	=	Pinus_strobus
species,Pinus␣sylvestris,espècies	=	Pinus_sylvestris
fire_hydrant:type,pipe,boca d'incendis: tipus	=	tub
abandoned:man_made,pipeline,abandonat: fet per lhome=oleducte
man_made,pipeline,artificial	=	canonada
route,pipeline,ruta	=	canonada
subject,pipeline,assumpte canonada
seamark:type,pipeline_area,marca de mar: tipus	=	àrea de canonada
seamark:type,pipeline_overhead,marca de mar: tipus	=	despeses generals de la canonada
seamark:type,pipeline_submarine,marca de mar:tipus	=	oleoducte_submarí
driveway,pipestem,entrada de cotxes	=	tija de canonada
service,pipestem,Servei	=	tija de canonada
wall,pise,paret	=	trepitjar
wall,pise:value,paret	=	pis: valor
highway,piste,autopista	=	pista
site,piste,lloc	=	pista
route,piste,ruta	=	pista
landuse,piste,ús del sòl	=	pista
piste:type,piste:halfpipe,pista:tipus	=	pista: mig tub
pump_mechanism,piston,mecanisme de bomba	=	pistó
sinkhole,pit,embornal	=	fossat
trees,pitaya_plants,arbres	=	pitaya_plantes
leisure,pitch,lleure	=	to
building:roof:shape,pitched,edifici:sostre:forma	=	inclinat
roof:shape,pitched,sostre: forma	=	inclinat
toilets:disposal,pitlatrine,vàters: eliminació	=	latrina de pou
irrigation,pivot,irrigació	=	pivot
bridge:support,pivot_pier,pont: suport	=	moll de pivot
cuisine,pizza,cuina	=	pizza
vending,pizza,venda	=	pizza
waste,pizza_box,desaprofitar	=	caixa de pizza
cuisine,pizza;italian,cuina	=	pizza;italiana
cuisine,pizza;kebab,cuina	=	pizza; kebab
operator:short,PKP PLK,operador:curt	PKP PLK
operator:wikipedia,pl:InPost,operador:wikipedia	pl:InPost
workrules,PL:Ir-1,workrules	PL:Ir-1
source:maxspeed,PL:living_street,font:velocitat màxima PL:living_carrer
maxspeed:type,PL:rural,velocitat màxima: tipus	=	PL:rural
source:maxspeed,PL:rural,font:velocitat màxima PL:rural
maxspeed:type,PL:urban,velocitat màxima: tipus	=	PL:urbà
source:maxspeed,PL:urban,font:velocitat màxima PL:urbà
source:maxspeed,PL:zone30,font:velocitat màxima PL:zone30
species,Pla,espècies	=	Pla
boundary,place,Límit	=	lloc
addr:street:type,Place,adreça:carrer:tipus Lloc
amenity,place_of_mourning,amenitat/servei	=	lloc de dol
amenity,place_of_worship,amenitat/servei	=	lloc d'adoració
amenity,planetarium,amenitat/servei	=	planetari
highway,planned,autopista	=	planificat
building,planned,tipus d'edifici	=	planificat
construction:power,plant,construcció: poder	=	planta
power,plant,energia	=	planta
natural,plant,natural	=	planta
shop,plant_hire,botiga	=	lloguer de plantes
landuse,plant_nursery,ús del sòl	=	viver de plantes
landuse,plantation,ús del sòl	=	plantació
man_made,planter,artificial	=	plantador
barrier,planter,barrera	=	plantador
board_type,plants,tipus_tauler plantes
flood_mark,plaque,marca d'inundació	=	placa
memorial:type,plaque,memorial: tipus	=	placa
memorial,plaque,monument	=	placa
survey_point:structure,plaque,punt d'enquesta: estructura	=	placa
building:material,plaster,material de construcció	=	guix
building:structure,plastered,Estructura de construcció	=	borratxo
building:material,plastered,material de construcció = enguixat
craft,plasterer,artesania	=	guixer
building:material,plastering_inner_wall_only,material de construcció	=	enguixat_paret_interior_solament
material,plastic,material	=	el plàstic
building:material,plastic,material de construcció	=	el plàstic
roof:material,plastic,sostre: material	=	el plàstic
surface,plastic,superfície	=	el plàstic
healthcare:speciality,plastic_surgery,sanitat:especialitat	=	cirugia plàstica
genus:de,Platane,gènere:de Platane
species,platanoides,espècies	=	platanoides
genus,Platanus,gènere	=	Platanus
species,Platanus × hispanica,espècie Platanus × hispanica
species,Platanus acerifolia,espècie Platanus acerifolia
species,Platanus x acerifolia,espècie Platanus x acerifolia
species,Platanus x hispanica,espècie Platanus x hispanica
species,Platanus␣×␣hispanica,espècies	=	Platanus_×_hispanica
species,Platanus␣acerifolia,espècies	=	Platanus_acerifolia
species,Platanus␣acerifolia␣x,espècies	=	Platanus_acerifolia_x
species,Platanus␣orientalis,espècies	=	Platanus_orientalis
species,Platanus␣x␣acerifolia,espècies	=	Platanus_x_acerifolia
species,PLATANUS␣X␣ACERIFOLIA␣(SIN␣P.␣HYBRIDA),espècies	=	PLATANUS_X_ACERIFÒLIA_(SENSE_P._HYBRIDA)
species,Platanus␣x␣hispanica,espècies	=	Platanus_x_hispanica
marker,plate,marcador	=	placa
memorial:type,plate,memorial: tipus	=	placa
natural,plateau,natural	=	altiplà
highway,platform,carretera	=	plataforma
railway,platform,ferrocarril	=	plataforma
location,platform,localització	=	plataforma
seamark:type,platform,marca de mar:tipus	=	plataforma
public_transport,platform,transport públic	=	plataforma
railway,platform_edge,ferrocarril	=	plataforma_vora
aerialway,platter,via aèria	=	plat
aerialway:drag_lift,platter,via aèria: elevador d'arrossegament	=	plat
species,platyphyllos,espècies	=	platyphyllos
leisure,playground,lleure	=	pati de jocs
playground:theme,playground,pati d'esbarjo: tema	=	pati de jocs
playground,playhouse,parc infantil	=	teatre
seamark:fixme,please_fix_position,marca de mar: arreglar-me	=	si us plau corregiu la posició
allotments,plot,assignacions	=	gràfic
place,plot,lloc	=	gràfic
building,plot,tipus d'edifici	=	trama
landuse,plot,ús del sòl	=	trama
valve,plug,vàlvula	=	endollar
craft,plumber,artesania	=	lampista
source:name,pmgsy,font:nom Ministeri de Municipi i Medi Ambient de Qatar (http://geoportal.gisqatar.org.qa)
source:population,pmgsy,font: població pmgsy
actuator,pneumatic_cylinder,solenoide	=	cilindre pneumàtic
amenity,po_box,amenitat/servei	=	apartat de correus
species,Poa,espècies	=	Poá
healthcare,podiatrist,cura de la salut	=	podòleg
healthcare:speciality,podiatry,sanitat:especialitat	=
TMC:cid_58:tabcd_1:Class,Point,TMC:cid_58:tabcd_1:Classe	=	Punt
man_made,polder,fet per l'home	=	pòlder
place,polder,lloc	=	pòlder
fence_type,pole,=	pol
man_made,pole,artificial	=	pol
camera:mount,pole,càmera: muntatge	=	pol
power,pole,energia	=	pol
location,pole,localització	=	pol
seamark:beacon_lateral:shape,pole,marca:balisa lateral:forma	=	pol
lamp_mount,pole,muntatge_de_lampada	=	pol
survey_point:structure,pole,punt d'enquesta: estructura	=	pol
seamark:beacon_special_purpose:shape,pole,seamark:beaamb propòsit especial:forma	=	pol
support,pole,suport	=	pol
telecom,pole,telecomunicacions	=	pol
public_transport,pole,transport públic	=	pol
sport,pole_dance,esport	=	ball de tub
athletics,pole_vault,atletisme	=	salt amb perxa
power,pole/Gallery,poder	=	pol/Galeria
trailblazed,poles,pioner	=	pals
support,poles,suport	=	pals
amenity,police,amenitat/servei	=	policia
cadet,police,cadet	=	policia
cuisine,polish,cuina	=	polonès
boundary,political,Límit	=	polític
office,political_party,oficina	=	partit polític
office,politician,oficina	=	polític
amenity,polling_station,amenitat/servei	=	centre electoral
sport,polo,esport	=	pol
created_by,polyshp2osm,creat_per polyshp2osm
species,Pon,espècies	=	posa
species,Pon1,espècies	=	pon1
water,pond,aigua	=	estany
landuse,pond,ús del sòl	=	estany
man_made,pond,estany_artificial
sinkhole,ponor,embornal	=	ponor
seamark:type,pontoon,marca de mar: tipus	=	pontó
building:condition,poor,edifici: condició = pobre (no d’economia sino d’estat de l’edifici)
lit:perceived,poor,encès: percebut	=	pobre
tower:type,popinjay,torre:tipus	=	petimetre
GNS:dsg_name,populated place,GNS:dsg_name lloc poblat
GNS:dsg_string,populated place,GNS:dsg_string lloc poblat
GNS:dsg_string,populated␣place,GNS:cadena_dsg	=	lloc_poblat
GNS:dsg_name,populated␣place,GNS:nom_dsg	=	lloc_poblat
genus,Populus,gènere	=	populus
species,Populus nigra,espècie Populus nigra
species,Populus␣alba,espècies	=	Populus_alba
species,"Populus␣alba␣""Bolleana""","espècies	=	Populus_alba_""Bolleana"""
species,Populus␣nigra,espècies	=	Populus_nigra
species,Populus␣pyramidalis,espècies	=	Populus_pyramidalis
species,Populus␣sp.,espècies	=	Populus sp.
species,Populus␣x␣canadensis,espècies	=	Populus_x_canadensis
notas,"por favor respete las licencias de información y de los créditos correspondientes a las fuentes originales, y a osm en sus trabajos. #LeyLleras","notas	por favor respete las licencias de información y de los créditos correspondientes a las fuentes originales, y a osm en sus trabajos. #LeyLleras"
building:part,porch,edifici: part	=	porxo
building,porch,tipus d'edifici	=	porxo
industrial,port,industrial	=	Port
seamark:beacon_lateral:category,port,marca:balisa lateral:categoria	=	Port
seamark:buoy_lateral:category,port,seamark:boya_lateral:categoria	=	Port
landuse,port,ús del sòl	=	Port
waterway,portage,camí aquàtic	=	porteig
canoe,portage,canoa	=	porteig
design,portal,disseny	=	portal
power,portal,energia	=	portal
crane:type,portal_crane,grua:tipus	=	grua portal
sett:style,portuguese,conjunt: estil	=	portuguès
cuisine,portuguese,cuina	=	portuguès
tiger:reviewed,position,tigre: revisat	=	posició
TMC:Direction,positive,TMC:Direcció	=	positiu
railway:bidirectional,possible,ferrocarril:bidireccional	=	possible
seamark:mooring:category,post,marca:amarre:categoria	=	correu
marker,post,marcador	=	correu
support,post,suport	=	publicar
building:age,post_2000,edifici:edat	=	post_2000
amenity,post_box,amenitat/servei	=	bústia
amenity,post_depot,amenitat/servei	=	post_depot
amenity,post_office,amenitat/servei	=	oficina de correus
post_office,post_partner,oficina de correus	=	company de publicació
boundary,postal_code,Límit	=	codi postal
street_cabinet,postal_service,gabinet del carrer	=	servei Postal
advertising,poster_box,publicitat	=	poster_box
addr:inclusion,potential,adreça: inclusió	=	potencial
created_by,Potlatch 0.10b,creat_per Potlatch 0.10b
created_by,Potlatch 0.10f,creat_per Potlatch 0.10f
created_by,Potlatch 0.9c,creat_per Potlatch 0.9c
created_by,Potlatch_0.10b,creat per	=	Potlatch 0.10b
created_by,Potlatch_0.9c,creat per	=	Potlatch 0.9c
craft,pottery,artesania	=	ceràmica
shop,pottery,botiga	=	ceràmica
building,poultry_house,tipus d'edifici	=	galliner
street_cabinet,power,carrer_gabinet	=	energia
route,power,ruta	=	energia
seamark:cable_submarine:category,power,seamark:cable submarí:categoria	=	poder
seamark:cable_overhead:category,power,seamark:sobrecàrrega de cable:categoria	=	poder
type,power,tipus	=	poder
utility,power,utilitat	=	energia
man_made,power_hydro,fet per l'home	=	energia hidroelèctrica
man_made,power_nuclear,fet per l'home	=	energia nuclear
support,power_pole,suport	=	pal d'energia
building,power_substation,tipus d'edifici	=	subestació_d'energia
railway,power_supply,ferrocarril	=	font d'alimentació
man_made,power_wind,fet per l'home	=	energia eòlica
pump,powered,bomba	=	motoritzat
GNS:dsg_code,PPL,GNS: codi_dsg	=	LPP
species,Pr1,espècies	=	Pr1
leisure,practice_pitch,temps lliure	=	camp de pràctica
building:age,pre_2000,edifici:edat	=	abans del 2000
seamark:type,precautionary_area,marca de mar: tipus	=	zona de precaució
seamark:beacon_lateral:category,preferred_channel_port,marca:balisa lateral:categoria	=	port de canal preferit
seamark:buoy_lateral:category,preferred_channel_port,marca:boia lateral:categoria	=	port de canal preferit
seamark:beacon_lateral:category,preferred_channel_starboard,marca:balisa lateral:categoria	=	canal preferit estribor
seamark:buoy_lateral:category,preferred_channel_starboard,marca:boia lateral:categoria	=	canal preferit estribor
historic:civilization,prehistoric,històric: civilització	=	prehistòric
amenity,prep_school,amenitat/servei	=	preparatòria
denomination,presbyterian,denominació presbiterià
building,presbytery,tipus d'edifici	=	presbiteri
amenity,preschool,amenitat/servei	=	preescolar
school:MG,prescolaire,escola:MG	=	prescolar
school:MG,préscolaire,escola:MG	=	precolaire
construction,preserved,construcció	=	Preservat
railway,preserved,ferrocarril	=	Preservat
waterway,pressurised,camí aquàtic	=	pressuritzat
school:FR,primaire,escola:FR	=	principal
school:MG,primaire,escola:MG	=	principal
construction,primary,construcció	=	primari
ferry,primary,transportar	=	primari
highway,primary,"Una carretera principal és una autopista important que connecta destinacions importants, formant la xarxa viària principal | carretera	=	primari"
area:highway,primary,zona:carretera	=	primari
school,primary,escola primària
description,Primary Health Centre,descripció Centre de Salut Primària
healthcare:speciality,primary_care,especialitat:de_salut	=	atenció primària
highway,primary_link,carretera	=	enllaç_principal
construction,primary_link,construcció	=	enllaç principal
sby:bldgtype,Primary␣Structure,sby: tipus d'edifici	=	Primària_Estructura
HFCS,Principal Arterial,Arterial principal HFCS
HFCS,Principal Arterial - Other,Arterial principal - Altres
HFCS,Principal␣Arterial,JMAF	=	Principal_Arterial
HFCS,Principal␣Arterial␣-␣Other,JMAF	=	Principal_Arterial_-_Un altre
craft,print_shop,artesania	=	botiga d'impressió
amenity,printer,amenitat/servei	=	impressora
craft,printer,artesania	=	impressora
shop,printer_ink,botiga	=	tinta d'impressora
shop,printing,botiga	=	impressió
craft,printmaker,artesania	=	gravador
highway,priority,autopista	=	prioritat
gritting,priority_1,sorra	=	Prioritat 1
abandoned:amenity,prison,abandonat: amenitat/servei	=	presó
amenity,prison,amenitat/servei	=	presó
building,prison,tipus d'edifici	=	presó
landuse,prison,ús del sòl	=	presó
abandoned:amenity,prison_camp,abandonat: amenitat/servei	=	camp de presoners
amenity,prison_camp,amenitat/servei	=	camp de presoners
access,private,accés	=	privat
aerodrome:type,private,aeròdrom: tipus	=	privat
mooring,private,amarrador	=	privat
motorcar,private,automòbil	=	privat
bicycle,private,bicicleta	=	privat
horse,private,cavall	=	privat
garden:type,private,jardí: tipus	=	privat
operator:type,private,operador: tipus	=	privat
foot,private,peu	=	privat
parking_space,private,plaça d'aparcament	=	privat
ownership,private,propietat	=	privat
land_property,private,propietat de la terra	=	privat
seamark:light:status,private,seamark:llum:estat	=	privat
vehicle,private,vehicle	=	privat
motor_vehicle,private,Vehicle de motor	=	privat
office,private_investigator,oficina	=	investigador privat
healthcare:speciality,proctology,sanitat:especialitat	=
seamark:type,production_area,marca de mar: tipus	=	àrea de producció
building:use:pl,"produkcyjne, usługowe i gospodarcze dla rolnictwa","building:use:pl produkcyjne, usługowe i gospodarcze dla rolnictwa"
building:use:pl,"produkcyjne,␣usługowe␣i␣gospodarcze␣dla␣rolnictwa","edifici:ús:pl	=	produkcyjne,_usługowe_i_gospodarcze_dla_rolnictwa"
building:use:pl,"Produkcyjny, usługowy lub gospodarczy dla rolnictwa","building:use:pl Produkcyjny, usługowy lub gospodarczy dla rolnictwa"
building:use:pl,"Produkcyjny,␣usługowy␣lub␣gospodarczy␣dla␣rolnictwa","edifici:ús:pl	=	Produkcyjny,_usługowy_lub_gospodarczy_dla_rolnictwa"
pump_mechanism,progressive_cavity,mecanisme de bomba	=	cavitat progressiva
seamark:notice:function,prohibition,seamark:avís:funció	=	prohibició
source:name:br,proper translation,font:ref_antiga:fap ODOT http://www.dot.state.oh.us/Divisions/Planning/TechServ/prod_services/Pages/RI06.aspx http://www.dot.state.oh.us/Divisions/ContractAdmin/Contracts/Pages/NHS-FAP
source:name:br,proper␣translation,font:nom:br	=	traducció_pròpia
barrier,property_boundary,barrera	=	propietat_límit
office,property_management,oficina	=	propietat administrativa
amenity,proposed,amenitat/servei	=	proposat
highway,proposed,carretera	=	proposat
cycleway,proposed,carril bici	=	proposat
railway,proposed,ferrocarril	=	proposat
lcn,proposed,lcn	=	proposat
building,proposed,tipus d'edifici	=	proposat
state,proposed,estat proposat
government,prosecutor,govern	=	fiscal
boundary,protected_area,Límit	=	àrea protegida
seamark:type,protected_area,marca de mar: tipus	=	àrea protegida
denomination,protestant,denominació protestant
type,provides_feature,tipus	=	proporciona_característica
place,province,lloc	=	província
ngbe:version,provisional,ngbe: versió	=	provisional
shop,provisions,botiga	=	provisions
old_railway_operator,PRR,antic_operador_ferroviari	=	RRP
railway,PRT,ferrocarril	=	PRT
genus,Prunus,gènere	=	prunus
species,Prunus avium,espècie Prunus avium
species,Prunus cerasifera,espècie Prunus cerasifera
species,Prunus serrulata,espècie Prunus serrulata
species,Prunus␣avium,espècies	=	Prunus_avium
species,Prunus␣cerasifera,espècies	=	Prunus_cerasifera
species,PRUNUS␣CERASIFERA␣'PISSARDII',espècies	=	PRUNUS_CERASIFERA_'PISSARDII'
species,"Prunus␣cerasifera␣""Pissardii""","espècies	=	Prunus_cerasifera_""Pissardii"""
species,Prunus␣domestica,espècies	=	Prunus_domèstica
species,Prunus␣padus,espècies	=	Prunus_padus
species,Prunus␣serrulata,espècies	=	Prunus_serrulata
species,Prunus␣sp,espècies	=
species,Prunus␣sp.,espècies	=
species,Prunus␣virginiana,espècies	=
building:type:pl,Przyziemie budynku nieognioodpornego,edifici:tipus:pl Przyziemie budynku nieognioodpornego
building:type:pl,Przyziemie budynku ognioodpornego,edifici:tipus:pl Przyziemie budynku ognioodpornego
ewmapa:warstwa,"Przyziemie budynku ognioodpornego, podpory, podcienia z pomiaru w terenie","ewmapa:warstwa Przyziemie budynku ognioodpornego, podpory, podcienia z pomiaru w terenie"
ewmapa:warstwa,"Przyziemie budynku ognioodpornego, podpory, podcienia z rastra","ewmapa:warstwa Przyziemie budynku ognioodpornego, podpory, podcienia z rastra"
ewmapa:warstwa,Przyziemie lub obrys budynku,ewmapa:warstwa Przyziemie lub obrys budynku
building:type:pl,Przyziemie␣budynku␣nieognioodpornego,edifici:tipus:pl	=	Przyziemie_budynku_nieognioodpornego
building:type:pl,Przyziemie␣budynku␣ognioodpornego,edifici:tipus:pl	=	Przyziemie_budynku_ognioodpornego
ewmapa:warstwa,Przyziemie␣lub␣obrys␣budynku,ewmapa:warstwa	=
species,pseudoplatanus,espècies	=	pseudoplatà
genus,Pseudotsuga,gènere	=	pseudotsuga
species,Pseudotsuga␣menziesii,espècies	=	Pseudotsuga_menziesii
source:geometry,PSMA_Admin_Boundaries,font: geometria	=	Límits d'administració de PSMA
healthcare:speciality,psychiatry,sanitat:especialitat	=	psiquiatra | especialitat:de_salut	=	psiquiatria
shop,psychic,botiga	=	psíquic
healthcare:speciality,psychology,especialitat:de_salut	=	Psicologia
healthcare,psychotherapist,cura de la salut	=	psicoterapeuta (psicòleg)
healthcare:speciality,psychotherapist,especialitat:de_salut	=	psicoterapeuta
amenity,pub,amenitat/servei	=	pub
building,pub,tipus d'edifici	=	pub
access,public,accés	=	públic
operator:type,public,operador: tipus	=	públic
land_property,public,propietat de la terra	=	públic
type,Public,tipus	=	Públic
building,public,tipus d'edifici	=	públic
surveillance,public,vigilància	=	públic
ownership,public,ownership	public
amenity,public_bath,amenitat/servei	=	Bany públic
amenity,public_bookcase,amenitat/servei	=	public_bookcase
designation,public_bridleway,designació	=	public_bridleway
amenity,public_building,amenitat/servei	=	edifici públic
seamark:radio_station:category,public_communication,seamark:emissora de ràdio:categoria	=	comunicació pública
designation,public_footpath,designació	=	public_footpath
shelter_type,public_transport,refugi_tipus	=	transport públic
type,public_transport,tipus	=	transport públic
board_type,public_transport,tipus_tauler transport públic
vending,public_transport_plans,venda	=	plans de transport públic
vending,public_transport_tickets,venda	=	bitllets_transport_publico
landuse,public_works,ús del sòl	=	treballs públics
office,publisher,oficina	=	editor
line_attachment,pulley,arxiu adjunt de línia	=	politja
healthcare:speciality,pulmonology,sanitat:especialitat	=
pump_mechanism,pulser,mecanisme de bomba	=	polsador
man_made,pump,fet per l'home	=	bomba
seamark:small_craft_facility:category,pump-out,seamark:instal·lació per a embarcacions petites:categoria	=	treure
man_made,pumping_rig,artificial	=	plataforma_de_bombeig
man_made,pumping_station,artificial	=	benzinera
whitewater,put_in,aigua Blanca	=	ficar a
whitewater,put_in;egress,aigua Blanca	=	posar a; egrés
name:en,Pyaterochka,nom: en Pyaterochka
seamark:type,pylon,marca de mar: tipus	=	piló
bridge:support,pylon,pont: suport	=	piló
aerialway,pylon,via aèria	=	piló
tomb,pyramid,tomba	=	piràmide
roof:shape,pyramidal,sostre: forma	=	piramidal
shop,pyrotechnics,botiga	=	pirotècnica
genus,Pyrus,gènere	=	Piro
species,Pyrus calleryana,espècie Pyrus calleryana
species,Pyrus␣calleryana,espècies	=	Pyrus_calleryana
species,Pyrus␣calleryana␣'Chanticclere,espècies	=	Pyrus_calleryana_'Chanticclere
species,Pyrus␣communis,espècies	=	Pyrus_communis
seamark:light:character,Q,marca:llum:personatge	=	q
seamark:light:character,Q+LFl,marca:llum:personatge	=	Q+LFl
brand:wikidata,Q1032001,wikidata de la marca
operator:wikidata,Q1032001,operador:wikidata	Q1032001
operator:wikidata,Q1060049,operador:wikidata	Q1060049
manufacturer:wikidata,Q108485435,fabricant:wikidata Q108485435
network:wikidata,Q111611112,xarxa:wikidata Q111611112
network:wikidata,Q117309,xarxa: wikidata	=	Q117309
genus:wikidata,Q127849,gènere:wikidata Q127849
name:etymology:wikidata,Q1394,nom:etimologia:wikidata Q1394
species:wikidata,Q156907,espècie: wikidata Q156907
operator:wikidata,Q157645,operador:wikidata	=	Q157645
subject:wikidata,Q30,assumpte: wikidata Q30
royal_cypher:wikidata,Q33102113,royal_cypher:wikidata Q33102113
genus:wikidata,Q42292,gènere:wikidata Q42292
flag:wikidata,Q42537,bandera:wikidata Q42537
name:etymology:wikidata,Q42976,nom:etimologia:wikidata Q42976
heritage:operator:wikidata,Q59161646,heritage:operador:wikidata Q59161646
network:wikidata,Q614819,xarxa: wikidata	=	Q614819
name:etymology:wikidata,Q8027,nom:etimologia:wikidata Q8027
canal,qanat,canal	=	qanat
man_made,qanat,fet per l'home	=	qanat
name:en,Qanat,nom: en Qanat
source:name,Qatar Ministry of Municipality and Environment (http://geoportal.gisqatar.org.qa),font:nom services.land.vic.gov.au
wires,quad,filferros	=
rental,quadracycle,lloguer	=
roof:shape,quadruple_saltbox,sostre: forma	=	quadruple_saltbox
office,quango,oficina	=	organisme estatal semiautònom
abandoned:landuse,quarry,abandonat: ús de la terra	=	pedrera
disused:landuse,quarry,en desús: ús de la terra	=	pedrera
historic,quarry,històric	=	pedrera
industrial,quarry,industrial	=	pedrera
landuse,quarry,ús del sòl	=	pedrera
place,quarter,lloc	=	quart
man_made,quay,artificial	=	moll
is_in,"Québec,Canada","és_a Quebec, Canadà"
genus,Quercus,gènere	=	quercus
species,Quercus ilex,espècie Quercus ilex
species,Quercus robur,espècie Quercus robur
species,Quercus rubra,espècie Quercus rubra
species,Quercus_suber,espècies	=	Quercus_suber
species,Quercus␣alba,espècies	=	Quercus_alba
species,Quercus␣bicolor,espècies	=	Quercus_bicolor
species,Quercus␣cerris,espècies	=	Quercus_cerris
species,Quercus␣ilex,espècies	=	Quercus_ilex
species,Quercus␣macrocarpa,espècies	=	Quercus_macrocarpa
species,Quercus␣palustris,espècies	=	Quercus_palustris
species,Quercus␣robur,espècies	=	Quercus_robur
species,Quercus␣rubra,espècies	=	Quercus_rubra
hazard,queues_likely,perill	=	cues probables
hazard,quicksand,perill	=	sorra movedissa
building,quonset_hut,tipus d'edifici	=	cabanya quonset
species,Qur,espècies	=	Alcorà
highway,raceway,carretera	=	pista de rodament
construction,raceway,construcció	=	pista de rodament
seamark:beacon_special_purpose:category,racing,seamark:beaamb propòsit especial:categoria	=	carreres
seamark:buoy_special_purpose:category,racing,seamark:boia propòsit especial:categoria	=	carreres
bicycle_parking,rack,Pàrquing de bicicletes	=	prestatge
seamark:radar_transponder:category,racon,seamark:transponedor de radar:categoria	=	racó
sport,racquet,esport	=	raqueta
tower:type,radar,torre:tipus	=	Radar
seamark:type,radar_line,marca de mar: tipus	=	línia de radar
seamark:type,radar_range,marca de mar: tipus	=	rang de radar
seamark:type,radar_reflector,marca de mar: tipus	=	reflector de radar
seamark:landmark:category,radar_scanner,marca:punt de referència:categoria	=	escàner de radar
landmark,radar_scanner,punt de referència	=	escàner de radar
seamark:type,radar_station,marca de mar: tipus	=	estació de radar
seamark:type,radar_transponder,marca de mar: tipus	=	transponedor de radar
studio,radio,estudi	=	ràdio
railway,radio,ferrocarril	=	ràdio
telescope:type,radio,telescopi: tipus	=	ràdio
landuse,radio,ús del sòl	=	ràdio
seamark:type,radio_station,marca de mar: tipus	=	estació de ràdio
healthcare:speciality,radiology,sanitat:especialitat	=	radiologia
shop,radiotechnics,botiga	=	radiotècnia
healthcare:speciality,radiotherapy,sanitat:especialitat	=
abandoned:railway,rail,abandonat: ferrocarril	=	carril
razed:railway,rail,arrasat: ferrocarril	=	carril
construction,rail,construcció	=	carril
construction:railway,rail,construcció:ferrocarril	=	carril
electrified,rail,electrificat	=	carril
disused:railway,rail,en desús: ferrocarril	=	carril
railway,rail,ferrocarril	=	carril
proposed,rail,proposat	rail
proposed:railway,rail,proposat:ferrocarril	rail
railway,rail_brake,ferrocarril	=	fre_de_carril
fence_type,railing,=	barana
road_marking,railroad_crossing,marcació_carretera pas_de_ferrocarril
historic,railway,històric	=	ferrocarril
logistics,railway,logística	=	ferrocarril
museum,railway,museu	=	ferrocarril
route,railway,ruta	=	ferrocarril
building,railway,tipus d'edifici	=	ferrocarril
landuse,railway,ús del sòl	=	ferrocarril
historic,railway_car,històric	=	vagó de ferrocarril
railway,railway_crossing,ferrocarril	=	encreuament ferroviari
substance,rainwater,substància	=	aigua de pluja
kerb,raised,frenar	=	va augmentar
hunting,raised_hide,caça	=	cuir aixecat
addr:division,Rajshahi,adreça:divisió Rajshahi
pump_mechanism,ram,mecanisme de bomba	=	RAM
damage:organization,ramani_huria,danys: organització	=	ramani_huria
seamark:radar_transponder:category,ramark,seamark:transponedor de radar:categoria	=	marca
radar_transponder,ramark,transponedor de radar	=	marca
cuisine,ramen,cuina	=	ramen
historic,rampart,històric	=	muralla
military,range,militar	=	abast
police,range,policia	=	abast
amenity,ranger_station,amenitat/servei	=	estació de guardaboscos
crop,rape,cultiu	=	violació
water,rapids,aigua	=	ràpids
waterway,rapids,camí aquàtic	=	ràpids
vending,raw_milk,venda	=	llet crua
highway,razed,autopista	=	arrasat
railway,razed,ferrocarril	=	arrasat
power,razed,poder	=	arrasat
sport,rc_car,esport	=	cotxe RC
roof:material,rcc,sostre: material	=	rcc
heritage:operator,rce,patrimoni:operador	=	rce
network:type,rcn,tipus de xarxa	=	rcn
tiger:name_type_2,Rd,tigre:nom_tipus_2	=	Carrer
office,real_estate_agent,oficina	=	agent de béns arrels
departures_board,realtime,sortides a bord	=	temps real
office,realtor,oficina	=	corredor de béns arrels
seamark:light:category,rear,seamark:llum:categoria	=	del darrere
camp_site,reception,càmping	=	recepció
office,reception,oficina	=	recepció
amenity,reception_desk,amenitat/servei	=	recepció
generator:type,reciprocating_engine,generador: tipus	=	motor alternatiu
mechanical_driver,reciprocating_solenoid,conductor mecànic	=	solenoide alternatiu
seamark:notice:function,recommendation,seamark:avís:funció	=	recomanació
4wd_only,recommended,4x4 =recomanat
seamark:type,recommended_route_centreline,marca de mar: tipus	=	línia central de la ruta recomanada
seamark:type,recommended_track,marca de mar: tipus	=	pista_recomanada
seamark:type,recommended_traffic_lane,marca de mar: tipus	=	carril de trànsit recomanat
protected_area,recreation,àrea protegida	=	recreació
leisure,recreation_centre,temps lliure	=	centre de recreació
leisure,recreation_ground,lleure	=	recreo_terra
landuse,recreation_ground,ús del sòl	=	recreo_terra
seamark:buoy_special_purpose:category,recreation_zone,seamark:boia propòsit especial:categoria	=	zona d'esbarjo
shop,recreational_vehicle,botiga	=	vehicle recreacional
seamark:topmark:shape,rectangle,marca de mar:marca de topall:forma	=	rectangle
shape,rectangular,shape rectangular
church:type,rectoral,església:tipus	=	rectoral
amenity,recycling,amenitat/servei	=	reciclatge
industrial,recycling,industrial	=	reciclatge
amenity,recycling/Quality_Assurance,amenitat/servei	=	reciclatge/Garantia de qualitat
colour,red,color	=	vermell
building:colour,red,edifici:color	=	vermell
seamark:topmark:colour,red,marca de mar:marca de topall:color	=	vermell
seamark:beacon_lateral:colour,red,marca:balisa lateral:color	=	vermell
seamark:light:colour,red,marca:llum:color	=	vermell
seamark:beacon_special_purpose:colour,red,seamark:beaamb propòsit especial:color	=	vermell
seamark:buoy_special_purpose:colour,red,seamark:boia propòsit especial:color	=	vermell
seamark:buoy_lateral:colour,red,seamark:boia_lateral:color	=	vermell
bonnet:colour,red,capó:color vermell
ref:colour,red,ref:color vermell
surface:colour,red,superfície: color vermell
species:en,Red Maple,espècie: en Auró vermell
leisure,Red_Light_District,temps lliure	=	Barri vermell
seamark:topmark:colour,red;green,marca de mar:marca de topall:color	=	vermell verd
seamark:beacon_lateral:colour,red;green;red,marca:balisa lateral:color	=	vermell;verd;vermell
seamark:buoy_lateral:colour,red;green;red,marca:boia lateral:color	=	vermell;verd;vermell
seamark:beacon_lateral:colour,red;green;red;green,marca:balisa lateral:color	=	vermell;verd;vermell;verd
seamark:buoy_lateral:colour,red;green;red;green,marca:boia lateral:color	=	vermell;verd;vermell;verd
seamark:buoy_safe_water:colour,red;white,marca:boia aigua segura:color	=	vermell blanc
seamark:beacon_safe_water:colour,red;white,seamark:balisa aigua segura:color	=	vermell blanc
seamark:beacon_lateral:colour,red;white;red;white,marca:balisa lateral:color	=	vermell;blanc;vermell;blanc
seamark:buoy_lateral:colour,red;white;red;white,marca:boia lateral:color	=	vermell;blanc;vermell;blanc
building:material,reed,material de construcció	=	Jonc
wetland,reedbed,aiguamoll	=	canyar
natural,reef,natural	=	escull
sub_sea,reef,submarí	=	escull
industrial,refinery,industrial	=	refineria
water,reflecting_pool,aigua	=	piscina reflectant
seamark:buoy_lateral:reflectivity,reflector,marca:boia lateral:reflectivitat	=	reflector
denomination,reformed,denominació	=	reformat
amenity,refugee_housing,amenitat/servei	=	habitatge per a refugiats
amenity,refugee_site,amenitat/servei	=	lloc_de_refugiats
map_size,region,Grandària de mapa	=	regió
place,region,lloc	=	regió
owner,Région wallonne,owner	Région wallonne
aerodrome:type,regional,aeròdrom: tipus	=	regional
flag:type,regional,bandera: tipus	=	regional
cuisine,regional,cuina	=	regional
importance,regional,importància	=	regional
passenger,regional,passatger	=	regional
priority,regional,prioritat	=	regional
service,regional,Servei	=	regional
traffic,regional,trànsit	=	regional
boundary,regional_park,Límit	=	parc regional
office,register,oficina	=	registre
amenity,register_office,amenitat/servei	=	oficina de Registre
government,register_office,govern	=	oficina de Registre
railway:bidirectional,regular,ferrocarril:bidireccional	=	regular
seamark:notice:function,regulation,seamark:avís:funció	=	regulació
healthcare,rehabilitation,cura de la salut	=	rehabilitació
amenity,rehearsal_studio,amenitat/servei	=	estudi d'assaig
material,reinforced_concrete,material	=	formigó reforçat
building:material,reinforced_concrete,material de construcció	=	formigó reforçat
building:structure,reinforced_masonry,Estructura de construcció	=	maçoneria_reforçada
man_made,reinforced_slope,artificial	=	pendent_reforçada
amenity,relay_box,amenitat/servei	=	caixa de relés
artwork_type,relief,tipus d'obra d'art	=	alleujament
ngbe:grupo,Relieve,ngbe:grup	=	Rellevar
shop,religion,botiga	=	religió
office,religion,oficina	=	religió
flag:type,religious,bandera: tipus	=	religiós
building,religious,tipus d'edifici	=	religiós
landuse,religious,ús del sòl	=	religiós
operator:type,religious,operador:tipus	religious
boundary,religious_administration,Límit	=	administració_religiosa
telecom,remote_digital_terminal,telecomunicacions	=	terminal digital remot
building,remote_digital_terminal,tipus d'edifici	=	terminal digital remot
telecom,remote_terminal,telecomunicacions	=	terminal remota
bollard,removable,noray	=	retirable
shop,rental,botiga	=	lloguer
office,rental,oficina	=	lloguer
boat,rental,pot	=	lloguer
shop,repair,botiga	=	reparar
service,repair,Servei	=	reparar
nysgissam:review,repeat address,nysgissam:review	repeat adreçaess
nysgissam:review,repeat␣address,nysgissam: revisió	=	repetir_direcció
liaison,representative_office,enllaç	=	Oficina representativa
zoo,reptile,zoo	=	rèptil
headlight,required,far	=	requerit
reservation,required,reserva necessària
amenity,rescue_box,amenitat/servei	=	caixa de rescat
emergency,rescue_box,emergència	=	caixa de rescat
amenity,rescue_station,amenitat/servei	=	estació de rescat
seamark:type,rescue_station,marca de mar: tipus	=	estació de rescat
office,research,oficina	=	investigar
landuse,research,ús del sòl	=	investigar
amenity,research_institute,amenitat/servei	=	Institut de Recerca
water,reservoir,aigua	=	reservori
man_made,reservoir,artificial	=	reservori
landuse,reservoir,ús del sòl	=	reservori
man_made,reservoir_covered,artificial	=	embassament_cobert
landuse,reservoir_watershed,ús del sòl	=	embassament_conca
embassy,residence,ambaixada	=	residència
bak:fac_type2,RESIDENCE,bak: fac_type2	=	RESIDÈNCIA
consulate,residence,consolat	=	residència
building,residences,tipus d'edifici	=	residències
bak:fac_type1,RESIDENTIAL,bak: fac_type1	=	RESIDENCIAL
abutters,residential,confina amb	=	Residencial
construction,residential,construcció	=	Residencial
building:part,residential,edifici:part	=	Residencial
building:use,residential,edifici:ús	=	Residencial
garden:type,residential,jardí: tipus	=	Residencial
landuse,residential,"L'ús residencial del sòl designa zones destinades principalment a l'habitatge, vida i desenvolupament residencial | ús del sòl	=	Residencial"
proposed,residential,proposat	=	Residencial
type,residential,tipus	=	Residencial
building,residential,Un edifici residencial és una estructura dissenyada específicament per allotjar persones i famílies | edifici	=	Residencial
highway,residential,"Una carretera residencial és un carrer o carretera situat dins d'una zona residencial, dissenyat per al trànsit local | carretera	=	Residencial"
area:highway,residential,zona:carretera	=	Residencial
house,residential,casa residencial
highway,residential_link,autopista	=	enllaç residencial
building:use,residential;industrial,edifici:ús	=	residencial; industrial
building,Residential␣building,edifici	=	Edifici_residencial
access,residents,accés	=	residents
leisure,resort,lleure	=	complex
tourism,resort,turisme	=	complex
service,resource␣extraction,Servei	=	extracció de recursos
highway,rest_area,carretera	=	zona de descans
service,rest_area,Servei	=	zona de descans
room,restaurant,habitació	=	restaurant
amenity,restaurant,Un restaurant és un establiment empresarial on les persones paguen per menjar àpats preparats i begudes en un ambient de menjador | amenitat/servei	=	restaurant
disused:amenity,restaurant,desusat: restaurant de serveis
craft,restoration,artesania	=	restauracio
access,restricted,accés	=	restringit
operational_status_quality,restricted,estat_operatiu_qualitat	=	restringit
seamark:type,restricted_area,marca de mar:tipus	=	àrea restringida
designation,restricted_byway,designació	=	camí restringit
seamark:restricted_area:restriction,restricted_fairway_depth,seamark:àrea restringida:restricció	=	profunditat de carrer restringit
seamark:restricted_area:restriction,restricted_speed,seamark:àrea restringida:restricció	=	velocitat restringida
seamark:notice:function,restriction,seamark:avís:funció	=	restricció
type,restriction,tipus	=	restricció
abutters,retail,confina amb	=	venda minorista
building,retail,Un edifici comercial és una estructura comercial utilitzada per vendre béns i serveis als clients | edifici	=	venda minorista
landuse,retail,ús del sòl	=	venda minorista
building:part,retail,edifici:part comerç minorista
barrier,retaining_wall,barrera	=	mur de contenció
basin,retention,conca	=	retenció
amenity,retirement_home,amenitat/servei	=	casa de retir
bridge:movable,retractable,pont: mòbil	=	retràctil
seamark:type,retro_reflector,marca de mar: tipus	=	reflector retro
oneway,reversible,d'una sola mà	=	reversible
source:lake,Review by So9q using LM Topographic Map,font:lac Revisió per So9q mitjançant el mapa topogràfic LM
healthcare:speciality,rheumatology,sanitat:especialitat	=
seamark:topmark:shape,rhombus,marca de mar:marca de topall:forma	=	rombe
species,RHUS␣TYPHINA,espècies	=	RHUS_TYPHINA
shop,rice,botiga	=	arròs
crop,rice,cultiu	=	arròs
product,rice,producte	=	arròs
produce,rice,produce	rice
industrial,rice_mill,industrial	=	molí d'arròs
natural,ridge,natural	=	cresta
building,riding_hall,tipus d'edifici	=	sala_d'equitació
craft,rigger,artesania	=	aparellador
road_marking,right,marcació_carretera dreta
cycleway,right,carril bici	=	dret
side,right,costat	=	Correcte
shoulder,right,espatlla	=	Correcte
railway:signal:position,right,ferrocarril:senyal:posició	=	Correcte
railway:turnout_side,right,ferrocarril:turnout_side	=	Correcte
turn:lanes,right,gir:carrils	=	Correcte
footway,right,senda	=	dret
sidewalk,right,vorera	=	Correcte
bus_bay,right,bus_bay dreta
turn,right,girar a la dreta
placement,right_of:1,col·locació	=	dret_de:1
placement,right_of:2,col·locació	=	dreta_de:2
road_marking,right;through,marcació_carretera dreta;a través de
busbar,rigid,barra col·lectora	=	rígid
mooring,ring,amarrador	=	anell
animal_hitch,ring,enganxi d'animals	=	anell
megalith_type,ring_cairn,tipus de megàlit	=	fita d'anells
fortification_type,ring_ditch,tipus de fortificació	=	rasa circular
fortification_type,ringfort,tipus de fortificació	=	fortificació
site_type,ringfort,tipus de lloc	=	fortificació
bollard,rising,noray	=	creixent
water,river,aigua	=	riu
waterway,river,camí aquàtic	=	riu
water_source,river,font d'aigua	=	riu
LINZ:layer,river_cl,LINZ: capa	=	riu_cl
natural,river_terrace,natural	=	terrassa del riu
waterway,riverbank,camí aquàtic	=	riba del riu
natural,riverbank,natural	=	riba del riu
waterway,riverbed,camí aquàtic	=	llera
natural,riverbed,natural	=	llera
network:short,RMV,xarxa: RMV curt
maxspeed,RO:rural,màxima velocitat	=	RO:rural
maxspeed,RO:trunk,màxima velocitat	=	RO: tronc
maxspeed,RO:urban,màxima velocitat	=	RO:urbà
maxspeed:type,RO:urban,velocitat màxima:tipus RO:urbà
road_marking,road,marcació_carretera carretera
highway,road,carretera	=	la carretera
construction,road,construcció	=	la carretera
historic,road,històric	=	la carretera
route,road,ruta	=	la carretera
hazard,road_narrows,perill	=	Carretera estreta
hazard,roadworks,perill	=	obres de carretera
genus,Robinia,gènere	=	robinia
species,Robinia pseudoacacia,espècie Robinia pseudoacacia
species,ROBINIA␣PSEUDACACIA,espècies	=	ROBÍNIA_PSEUDACÀCIA
species,Robinia␣pseudoacacia,espècies	=	Robinia_pseudoacàcia
species,"Robinia␣pseudoacacia␣""Bessoniana""","espècies	=	Robinia_pseudoacàcia_""Bessoniana"""
aerospace:product,robot,aeroespacial: producte	=	robot
shop,robot,botiga	=	robot
company,robot,empresa	=	robot
species,robur,espècies	=	Robar
seamark:type,rock,marca de mar: tipus	=	roca
material,rock,material	=	roca
natural,rock,natural	=	roca
surface,rock,superfície	=	roca
footway:surface,rock,vorera:superfície	=
sidewalk:both:surface,rock,vorera:tots dos:superfície	=
natural,rock_overhang,natural	=	voladís de roca
landmark,rock_pinnacle,punt de referència	=	pinacle de roca
shelter_type,rock_shelter,refugi_tipus	=	refugi_rocós
tomb,rock-cut,tomba	=	tall de roca
aerospace:product,rocket,aeroespacial: producte	=	coet
natural,rocks,natural	=	roques
surface,rocks,superfície	=	roques
surface,rocky,superfície	=	rocós
kerb,rolled,vorada enrotllada
attraction,roller_coaster,atracció	=	muntanya russa
sport,roller_hockey,esport	=	hoquei sobre patins
sport,roller_skating,esport	=	patinatge sobre rodes
denomination,roman_catholic,denominació catòlica_romana
archaeological_site,roman_circus,lloc arqueològic	=	circ romà
site_type,roman_circus,tipus de lloc	=	circ romà
surface,roman_paving,superfície	=	paviment romà
historic,roman_road,històric	=	camí_romà
archaeological_site,roman_villa,lloc arqueològic	=	vila romana
site_type,roman_villa,tipus de lloc	=	vila romana
fountain,roman_wolf,font	=	llop romà
is_in:country,România,és_a:país Romania
building:part,roof,edifici:part	=	sostre
generator:place,roof,generador:lloc	=	sostre
building,roof,tipus d'edifici	=	sostre
location,roof,ubicació	=	sostre
building:material,roof_tiles,material de construcció	=	teules
roof:material,roof_tiles,sostre: material	=	teules
craft,roofer,artesania	=	teulador
parking,rooftop,estacionament	=	sostre
location,rooftop,localització	=	sostre
indoor,room,interior	=	habitació
barrier,rope,barrera	=	corda
pump_mechanism,rope,mecanisme de bomba	=	corda
aerialway,rope_tow,via aèria	=	remolc de corda
aerialway,ropetow,via aèria	=	remolc de corda
port,roro,Port	=	va rorar
harbour:category,RoRo,port:categoria	=	transbordament rodat
species:de,Rosskastanie,espècies:de	=	Rosskastanie
genus:de,Rosskastanie,gènere:de	=	Rosskastanie
pump_mechanism,rotary_vane,mecanisme de bomba	=	paleta rotativa
radio_transponder:category,rotating_pattern,transponedor de ràdio:categoria	=	patró giratori
golf,rough,golf	=	brut
roof:shape,round,sostre:forma	=	rodó
tumulus,round_tomb,túmul	=	tomba_rodona
playground,roundabout,parc infantil	=	rotonda
hazard,roundabout,perill	=	rotonda
junction,roundabout,unió	=	rotonda
railway,roundhouse,ferrocarril	=	rotonda
building,roundhouse,tipus d'edifici	=	rotonda
climbing,route,escalada	=	ruta
type,route,tipus	=	ruta
climbing,route_bottom,ruta_d'escalada_inferior
information,route_marker,informació	=	ruta_marcador
type,route_master,tipus	=	ruta_mestra
building,row_houses,tipus d'edifici	=	cases en filera
sport,rowing,esport	=	rem
boat:type,rowing,vaixell:tipus	=
species,Roystonea␣regia,espècies	=	Roystonea_regia
source:maxaxleload,Rozporządzenie Ministra Infrastruktury i Budownictwa z dnia 21 kwietnia 2017 r,font:maxaxleload Assemblea de Ministres d'Infraestructures de la Ciutat el dia 21 de setembre de 2017 r
species,Rp,espècies	=	Rp
maxspeed,RS:urban,velocitat_màxima RS:urbà
source:ref,rsd_cr,font: referència	=	rsd_cr
maxspeed,RU:living_street,màxima velocitat	=	RU: carrer_habitatge
maxspeed,RU:motorway,màxima velocitat	=	RU: autopista
maxspeed,RU:rural,màxima velocitat	=	RU:rural
source:maxspeed,RU:urban,font:maxspeed	=	RU:urbà
maxspeed,RU:urban,màxima velocitat	=	RU:urbà
official_status,ru:деревня,estat_oficial	=	ru:вёска
official_status,ru:посёлок,official_status	ru:посёлок
official_status,ru:село,estat_oficial	=	ru: сел
surface,rubber,superfície	=	cautxú
trees,rubber_trees,arbres	=	Arbres de goma
waste,rubble,desaprofitar	=	runes
sport,rugby,esport	=	rugbi
sport,rugby_league,esport	=	Lliga de Rugby
sport,rugby_union,esport	=	sindicat de rugbi
building,ruin,tipus d'edifici	=	ruïna
historic,ruins,històric	=	restes
building,ruins,tipus d'edifici	=	restes
traffic_calming,rumble_strip,calmar el trànsit	=	rumble_strip
generator:method,run-of-the-river,generador: mètode	=	corrent del riu
plant:method,run-of-the-river,planta:mètode	=	corrent del riu
historic,rune_stone,històric	=	pedra rúnica
athletics,running,atletisme	=	corrent
sport,running,esport	=	córrer
route,running,ruta	=	corrent
holding_position,runway,posició d'espera	=	pista
holding_position:type,runway,posició d'espera: tipus	=	pista
aeroway,runway,via aèria	=	pista
residential,rural,Residencial	=	rural
cuisine,russian,cuina	=	rus
denomination,russian_orthodox,denominació ortodoxa_russa
amenity,rv_storage,amenitat/servei	=	emmagatzematge de vehicles recreatius
navigationaid,rwc,navegació rwc
navigationaid,rwe,ajuda a la navegació rwe
crop,rye,cultiu	=	sègol
direction,S,direcció	=	S
ngbe:tipotexto,S,ngbe:tipotext	=	S
radar_transponder:band,S,transponedor de radar: banda	=	S
highway:class:pl,S,autopista:classe:pl S
naptan:Bearing,S,naptan: Tenint S
tiger:mtfcc,S1400,tigre:mtfcc	=	S1400
natural,saddle,natural	=	selló
craft,saddler,artesania	=	talabarter
zoo,safari_park,zoo	=	parc Safari
boundary,safety_region,Límit	=	regió de seguretat
sport,safety_training,esport	=	entrenament de seguretat
club,sailing,club	=	navegació
sport,sailing,esport	=	navegació
boat:type,sailing,vaixell:tipus	=
leisure,sailing_club,temps lliure	=	Club Nàutic
amenity,sailing_school,amenitat/servei	=	escola de vela
craft,sailmaker,artesania	=	veler
note:post_town,Saint Louis,note:post_town	Saint Louis
note:post_town,Saint␣Louis,nota:post_town	=	San_Louis
old_railway_operator,SAL,antic operador ferroviari	=	SAL
genus,Salix,gènere	=	Salix
species,Salix␣alba,espècies	=	Salix_alba
species,SALIX␣BABYLONICA,espècies	=	SALIX_BABILÒNICA
barrier,sally_port,barrera	=	sally_port
shop,salon,botiga	=	saló
content,salt,contingut	=	sal
industrial,salt_pond,industrial	=	estany de sal
landuse,salt_pond,ús del sòl	=	estany_sal
water,salt_pool,aigua	=	sal_piscina
roof:shape,saltbox,sostre:forma	=	caixa de sal
wetland,saltern,aiguamoll	=	salina
maintenance,salting,manteniment	=	salaó
wetland,saltmarsh,aiguamoll	=	salina
opening_hours:covid19,same,horari_d'obertura:covid19	=	mateix
healthcare,sample_collection,cura de la salut	=	col·lecció de mostra
amenity,sanatorium,amenitat/servei	=	sanatori
cycleway:surface,sand,ciclovia:superfície	=	sorra
landcover,sand,coberta terrestre	=	sorra
material,sand,material	=	sorra
natural,sand,natural	=	sorra
resource,sand,recurs	=	sorra
surface,sand,superfície	=	sorra
seamark:type,sand_waves,marca de mar: tipus	=	onades de sorra
playground,sandpit,parc infantil	=	mina de sorra
material,sandstone,material	=	gres
building:material,sandstone,material de construcció	=	gres
seamark:type,sandwaves,marca de mar: tipus	=	onades de sorra
cuisine,sandwich,cuina	=	emparedat
cuisine,sandwich;bakery,cuina	=	sandvitx; fleca
wholesale,sanitary,majorista	=	sanitaris
amenity,sanitary_dump_station,amenitat/servei	=	estació_de_descàrrega_sanitària
waterway,sanitary_dump_station,camí aquàtic	=	abocador sanitari
is_in:city,Santa Rosa de Cabal,és_a:ciutat Santa Rosa de Cabal
is_in,"Santa Rosa de Cabal, Risaralda, Colombia","és_a Santa Rosa de Cabal, Risaralda, Colòmbia"
tomb,sarcophagus,tomba	=	sarcòfag
man_made,satellite_dish,artificial	=	antena parabòlica
amenity,sauna,amenitat/servei	=	sauna
leisure,sauna,lleure	=	sauna
craft,sawmill,artesania	=	serradora
industrial,sawmill,industrial	=	serradora
mooring,sbm,amarrador	=	sbm
craft,scaffolder,artesania	=	bastida
source:tracer,scanaerial,font: rastrejador	=	scanaerial
LINZ:layer,scattered_scrub_poly,LINZ: capa	=	dispersos_scrub_poly
operator:short,SCE,operador:curt	SCE
amenity,sceptic_tank,amenitat/servei	=	tanc escèptic
aminety,sceptic_tank,amina	=	tanc escèptic
source:highway,schema_br2013,font:carretera	=	esquema_br2013
map_type,scheme,tipus de mapa	=	esquema
genus,Schinus,gènere	=	Esquinus
species,Schinus␣molle,espècies	=	Schinus_molle
protection_title,Schongebiet,títol de protecció	=	Schöngebiet
animal,school,animal	=	escola
bus,school,autobús	=	escola
education,school,educació	=	escola
military,school,militar	=	escola
building,school,Un edifici escolar és una instal·lació educativa on els estudiants aprenen i estudien diverses matèries | edifici	=	escola
amenity,school,Una escola és una institució educativa on estudiants de diverses edats aprenen assignatures acadèmiques i pràctiques | amenitat/servei	=	escola
landuse,school,ús del sòl	=	escola
man_made,school_sentry,fet per l'home	=	sentinella de l'escola
hazard,school_zone,perill	=	zona escolar
leisure,schoolyard,temps lliure	=	pati
religion,scientologist,religió	=	cienciòleg
fortification_type,sconce,tipus de fortificació	=	canelobre de paret
shop,scooter,botiga	=	scooter
motorcycle:type,scooter,motocicleta: tipus	=	scooter
amenity,scooter_rental,amenitat/servei	=	lloguer de scooters
denomination,scottish_episcopal_church,denominació	=	església episcopal escocesa
club,scout,club	=	explorar
industrial,scrap_yard,industrial	=	Dipòsit de ferralla
natural,scree,natural	=	pedra
inlet,screen,entrada	=	pantalla
outlet,screen,presa de corrent	=	pantalla
advertising,screen,publicitat	=	pantalla
pump_mechanism,screw,mecanisme de bomba	=	cargol
landcover,scrub,coberta terrestre	=	mala herba
natural,scrub,natural	=	mala herba
landuse,scrub,ús del sòl	=	mala herba
LINZ:layer,scrub_poly,LINZ: capa	=	Scrub_poly
shop,scuba_diving,botiga	=	submarinisme
club,scuba_diving,club	=	submarinisme
sport,scuba_diving,esport	=	submarinisme
craft,sculptor,artesania	=	escultor
memorial,sculpture,monument	=	escultura
advertising,sculpture,publicitat	=	escultura
artwork_type,sculpture,tipus_d'obra	=	escultura
school:type_idn,sd,escola: type_idn	=	Dakota del Sud
direction,SE,direcció	=	SE
naptan:Bearing,SE,naptan:Coixinet SE
place,sea,lloc	=	mar
seamark:type,sea_area,marca de mar: tipus	=	zona del mar
seamark:type,seabed_area,marca de mar: tipus	=	àrea del llit marí
shop,seafood,botiga	=	marisc
cuisine,seafood,cuina	=	marisc
wholesale,Seafood,majorista	=	Marisc
wholesale,seafood,majorista	=	marisc
seamark:type,seaplane_landing_area,marca de mar: tipus	=	zona d'aterratge d'hidroavions
harbour:category,seaport,port:categoria	=	port marítim
water_source,seasonal,font d'aigua	=	estacional
amenity,seat,amenitat/servei	=	seient
wall,seawall,paret	=	escullera
waterway,seaway,camí aquàtic	=	via marítima
shop,second_hand,botiga	=	segona mà
construction,secondary,construcció	=	secundari
entrance,secondary,entrada	=	secundari
ferry,secondary,transportar	=	secundari
highway,secondary,"Una carretera secundària connecta pobles més petits, vil·les i destinacions regionals, donant suport al transport local | carretera	=	secundari"
area:highway,secondary,zona:carretera	=	secundari
highway,secondary_link,carretera	=	enllaç_secundari
construction,secondary_link,construcció	=	enllaç secundari
cutline,section,línia de tall	=	secció
cemetery,sector,cementiri	=	sector
shop,security,botiga	=	seguretat
office,security,oficina	=	seguretat
amenity,security_booth,amenitat/servei	=	cabina de seguretat
building,security_booth,edifici	=	cabina de seguretat
waterway,security_lock,camí aquàtic	=	Cadenat de seguretat
CLC:explanation,See http://wiki.openstreetmap.org/wiki/Romania_CLC_Import.,CLC:explicació Vegeu http://wiki.opencarrermap.org/wiki/Romania_CLC_Import.
CLC:explanation,See␣http://wiki.openstreetmap.org/wiki/Romania_CLC_Import.,CLC:explicació	=	Consulteu_http://wiki.openstreetmap.org/wiki/Romania_CLC_Import.
playground,seesaw,parc infantil	=	balancí
cycleway,segregated,carril bici	=	aïllat
religion,Self-Realization_Fellowship,religió	=	Beca d'autorealització
building,semi,tipus d'edifici	=	semi
leaf_cycle,semi_deciduous,cicle_full	=	semi_deciduo
leaf_cycle,semi_evergreen,cicle_full	=	semi_sempreverde
house,semi-detached,casa	=	Semi separat
age,semi-mature,anys	=	semi-madur
building:material,semi-permanent,material de construcció	=	semi-permanent
building,semidetached_house,tipus d'edifici	=	casa_adossada
social_facility:for,senior,social_facility:per	=	sènior
source:position,Sentinel-2,font: posició Sentinel-2
road_marking,separate,marcació_carretera separada
cycleway,separate,carril bici	=	separat
cycleway:right,separate,carril bici: dreta	=	separat
cycleway:left,separate,ciclovia:esquerra	=	separat
parking:lane:both,separate,estacionament:carril:tots dos	=	separat
ramp,separate,rampa	=	separat
junction,separate,unió	=	separat
sidewalk,separate,vorera	=	separat
sidewalk:right,separate,vorera: dreta	=	separat
sidewalk:left,separate,vorera: esquerra	=	separat
sidewalk:both,separate,vorera: tots dos	=	separat
cycleway:both,separate,via_ciclable:ambdues separades
parking:both,separate,aparcament:ambdós	separate
ramp:wheelchair,separate,rampa:cadira de rodes separada
seamark:type,separation_boundary,marca de mar: tipus	=	límit de separació
seamark:type,separation_crossing,marca de mar: tipus	=	encreuament de separació
seamark:type,separation_lane,marca de mar: tipus	=	carril de separació
seamark:type,separation_line,marca de mar: tipus	=	línia de separació
seamark:type,separation_roundabout,marca de mar: tipus	=	rotonda de separació
seamark:type,separation_zone,marca de mar: tipus	=	zona de separació
amenity,septic_tank,amenitat/servei	=	tanc sèptic
man_made,septic_tank,fet per l'home	=	tanc sèptic
compensator,series_capacitor,compensador	=	condensador en sèrie
compensator,series_reactor,compensador	=	reactor en sèrie
curves,serpentine,corbes	=	serpentina
drink:viez,served,beguda: vez	=	servit
construction,service,construcció	=	Servei
entrance,service,entrada	=	Servei
building,service,tipus d'edifici	=	Servei
highway,service,"Un camí de servei proporciona accés a edificis, instal·lacions i propietats, sovint per a lliurament o manteniment | carretera	=	servir"
area:highway,service,zona:carretera	=	Servei
telecom,service_device,telecomunicacions	=	dispositiu de servei
railway,service_station,ferrocarril	=	estació de servei
camp_site,serviced,càmping	=	atès
highway,services,carretera	=	serveis
source:name,services.land.vic.gov.au,"font:nom Estat de Queensland (Departament de Recursos Naturals, Mines i Energia) 2019"
emergency,ses_station,emergència	=	estacio ses
surface,sett,superfície	=	assentar
archaeological_site,settlement,lloc arqueològic	=	assentament
site_type,settlement,tipus_lloc	=	assentament
basin,settling,conca	=	assentament
seveso,seuil_bas,sever	=	seuil bas
seveso,seuil_haut,sever	=	seuil alt
official_name:en,Seven-Eleven,nom_oficial:ca	=	Set onze
content,sewage,contingut	=	aigües residuals
man_made,sewage,fet per l'home	=	aigües residuals
substance,sewage,substància	=	aigües residuals
reservoir_type,sewage,tipus_dipòsit	=	aigües residuals
manhole,sewer,forat dhome	=	clavegueram
utility,sewerage,utilitat	=	clavegueram
craft,sewing,artesania	=	de cosir
shop,sewing,botiga	=	merceria
vending,sex_toys,venda	=	joguines sexuals
water,shallow,aigua	=	poc profund
cycleway,share_busway,carril bici	=	compartir_busway
cycleway:right,share_busway,carril bici: dreta	=	compartir via d'autobús
cycleway:left,share_busway,ciclovia:esquerra	=	compartir via d'autobús
route,share_taxi,ruta	=	compartir_taxi
cycleway,shared,carril bici	=	compartit
cycleway,shared_busway,carril bici	=	via d'autobús compartida
cycleway,shared_lane,carril bici	=	carril_compartit
cycleway:right,shared_lane,carril bici: dreta	=	carril_compartit
cycleway:both,shared_lane,carril bici:tots dos	=	carril compartit
cycleway:left,shared_lane,ciclovia:esquerra	=	carril compartit
cycleway,shared_line,carril bici	=	línia compartida
waste,sharps,desaprofitar	=	objectes punxants
road_marking,sharrow,marcació_carretera sharrow
construction,shed,construcció	=	cobert
bicycle_parking,shed,Pàrquing de bicicletes	=	cobert
roof:shape,shed,sostre: forma	=	cobert
building,shed,tipus d'edifici	=	cobert
parking,sheds,estacionament	=	coberts
artwork_subject,sheela-na-gig,tema de l'obra d'art	=	sheela-na-concert
amenity,shelter,amenitat/servei	=	refugi
emergency:social_facility,shelter,emergència:instal·lació social	=	abric
social_facility,shelter,instal·lacions_socials	=	abric
building,shelter,tipus d'edifici	=	abric
building,shepherd_shelter,tipus d'edifici	=	refugi de pastors
historic,shieling,històric	=	blindatge
place,shieling,lloc	=	blindatge
natural,shingle,natural	=	còdols
denomination,shingon_shu,denominació	=	Shingon shu
religion,shinto,religió	=	sintoisme
seamark:landmark:function,shinto_shrine,marca:punt de referència:funció	=	Santuari sintoista
historic,ship,històric	=	Embarcació
building,ship,tipus d'edifici	=	Embarcació
shop,ship_chandler,botiga	=	proveïdor de vaixells
delivery,shipment,entrega	=	enviament
industrial,shipyard,industrial	=	drassana
harbour:category,shipyard,port:categoria	=	drassana
castle_type,shiro,tipus castell	=	Shiro
seamark:sea_area:category,shoal,marca:àrea del mar:categoria	=	banc
natural,shoal,natural	=	banc
shop,shoe_repair,botiga	=	reparació de sabates
craft,shoemaker,artesania	=	sabater
shop,shoes,botiga	=	Sabates
sport,shooting,esport	=	tiroteig
leisure,shooting_ground,temps lliure	=	camp de tir
sport,shooting_range,esport	=	rang de tret
hazard,shooting_range,perill	=	rang de tret
sport,shooting/Archived_proposal,esport	=	rodatge/proposta arxivada
amenity,shop,amenitat/servei	=	botiga
entrance,shop,entrada	=	botiga
room,shop,habitació	=	botiga
building,shop,tipus d'edifici	=	botiga
shop,shopping_centre,botiga	=	centre comercial
seamark:mooring:category,shore_rope,marca:amarre:categoria	=	corda de riba
seamark:type,shoreline_construction,marca de mar:tipus	=	costa_construccion
crop,short_rotation_forestry,cultiu	=	silvicultura de cicle curt
athletics,shot_put,atletisme	=	llançament de pes
sport,shot-put,esport	=	llançament de pes
cycleway,shoulder,carril bici	=	espatlla
cycleway:both,shoulder,via_ciclable:ambdues vores
cycleway:right,shoulder,via_ciclable:vora dreta
amenity,shower,amenitat/servei	=	dutxa
emergency,shower,emergència	=	dutxa
seamark:small_craft_facility:category,showers,seamark:instal·lació per a embarcacions petites:categoria	=	dutxes
recreation_ground,showground,terreny d'esbarjo	=	recinte firal
created_by,shp2osm,creat_per shp2osm
created_by,shpupload,creat_per shpupload
aquaculture,shrimp,aqüicultura	=	gambeta
building,shrine,tipus d'edifici	=	santuari
landcover,shrub,coberta terrestre	=	arbust
natural,shrub,natural	=	arbust
natural,shrubbery,natural	=	arbustos
landcover,shrubland,coberta terrestre	=	matoll
landcover,shrubs,coberta terrestre	=	arbustos
landuse,shrubs,ús del sòl	=	arbustos
sport,shuffleboard,esport	=	joc de teix
compensator,shunt_capacitor,compensador	=	condensador de derivació
compensator,shunt_reactor,compensador	=	reactor de derivació
emergency,siamese,emergència	=	siamès
roof:shape,side_hipped,sostre:forma	=	de costat
hazard,side_winds,perill	=	vents laterals
cycleway,sidepath,carril bici	=	camí lateral
sidewalk,sidepath,vorera	=
path,sidewalk,camí	=	vorera
cycleway,sidewalk,carril bici	=	vorera
fire_hydrant:position,sidewalk,hidrant_d'incendi:posició	=	vorera
footway,sidewalk,senda	=	vorera
service,siding,Servei	=	via morta
manufacturer,Siemens,fabricant Siemens
railway:signal:speed_limit:form,sign,ferrocarril:senyal:speed_limit:formulari	=	senyal
source:maxspeed:forward,sign,font:maxspeed:avanç	=	senyal
source:maxspeed:backward,sign,font:maxspeed:cap enrere	=	senyal
information,sign,informació	=	signe
advertising,sign,publicitat	=	signe
maxspeed:type,sign,velocitat màxima: tipus	=	senyal
railway:signal:electricity:form,sign,ferrocarril:signal:electricity:form	sign
railway:signal:minor:form,sign,ferrocarril:senyal:menor:senyal de forma
railway:signal:speed_limit_distant:form,sign,ferrocarril:senyal:límit_de_velocitat_distant:senyal de forma
railway:signal:stop:form,sign,ferrocarril:senyal:aturada:senyal de forma
source:maxspeed,sign,font:velocitat màxima rètol
railway,signal,ferrocarril	=	senyal
traffic_signals,signal,Senyals de trànsit	=	senyal
railway,signal_box,ferrocarril	=	caixa de senyal
seamark:type,signal_station_traffic,marca de mar:tipus	=	senyal_estació_tràfic
seamark:type,signal_station_warning,marca de mar:tipus	=	senyal_estació_advertència
maxspeed,signals,màxima velocitat	=	senyals
craft,signmaker,artesania	=	fabricant de la mostra
religion,sikh,religió	=	sikh
content,silage,contingut	=	ensilatge
building:material,silicate␣brick,material de construcció	=	silicat_maó
man_made,silo,artificial	=	sitja
building,silo,tipus d'edifici	=	sitja
colour,silver,color plata
vending,SIM_cards,venda	=	targetes SIM
vending,SIM-cards,venda	=	targetes SIM
guidepost,simple,pal indicador	=	simple
bridge,simple_brunnel,pont	=	Brunel simple
bridge:structure,simple-suspension,pont:estructura	=	suspensió simple
wires,single,filferros	=	únic
denotation,single,denotació individual
lift_gate:type,single,porta_elevadora:tipus individual
swing_gate:type,single,porta_batible:tipus individual
generator:solar:tracking,single_axis,generador:solar:seguiment eix_únic
residential,single_family,Residencial	=	unifamiliar
building:category_of_the_house,single_house,edifici:categoria_de_la_casa	=	casa sola
lbcs:function:name,Single␣family␣residence␣(detached),lbcs:funció:nom	=	Residència_unifamiliar_(independent)
natural,sinkhole,natural	=	embornal
emergency,siren,emergència	=	sirena
seamark:fog_signal:category,siren,seamark: senyal de boira: categoria	=	sirena
tower:type,siren,torre:tipus	=	sirena
fitness_station,sit-up,estació de fitness	=	abdominals
key,site,clau	=	lloc
railway,site,ferrocarril	=	lloc
map_size,site,Grandària de mapa	=	lloc
type,site,tipus	=	lloc
protection_title,Site_of_Special_Scientific_Interest,títol de protecció	=	Lloc d'Especial Interès Científic
wires,sixfold,filferros	=
source:maxspeed,SK:urban,font:velocitat màxima SK:urbà
shop,skate,botiga	=	patinar
sport,skateboard,esport	=	skate
sport,skating,esport	=	Patinatge
shop,ski,botiga	=	esquí
rental,ski,lloguer	=
route,ski,ruta	=	esquí
man_made,ski_jump,fet per l'home	=	salt amb esquís
piste:type,ski_jump,pista: tipus	=	salt amb esquís
piste:type,ski_jump_landing,pista:tipus	=	aterratge de salt d´esquí
sport,ski_jumping,esport	=	salt amb ski
leisure,ski_playground,temps lliure	=	parc d'esquí
amenity,ski_rental,amenitat/servei	=	lloguer d'esquí
amenity,ski_school,amenitat/servei	=	escola d'Esqui
sport,skiing,esport	=	esquiar
roof:shape,skillion,sostre:forma	=	habilitat
beauty,skin_care,bellesa	=	cura de la pell
piste:type,skitour,pista:tipus	=	esquí
highway,skyway,autopista	=	ruta aèria
roof:material,slate,sostre: material	=	pissarra
industrial,slaughterhouse,industrial	=	escorxador
playground,sledding,parc infantil	=	trineu
playground,slide,parc infantil	=	diapositiva
turn:lanes,slide_left,gir:carrils	=	lliscar cap a l'esquerra
turn:lanes,slide_right,gir:carrils	=	llisca cap a la dreta
door,sliding,porta	=	corredís
barrier,sliding_beam,barrera	=	fes lliscant
barrier,sliding_gate,barrera	=	porta corredissa
hazard,slippery,perill	=	relliscós
emergency,slipway,emergència	=	grada
leisure,slipway,lleure	=	grada
seamark:small_craft_facility:category,slipway,seamark:instal·lació per a embarcacions petites:categoria	=	grada
service,slipway,Servei	=	grada
natural,slope,natural	=	Pendent
roof:shape,sloped,sostre: forma	=	inclinat
waterway,sluice_gate,camí aquàtic	=	comporta
content,slurry,contingut	=	fems líquid
man_made,slurry_basin,fet per l'home	=	conca de llots
building,slurry_tank,tipus d'edifici	=	tanc_de_purina
seamark:type,small_craft_facility,marca de mar:tipus	=	instal·lacions_de_petites_artesanias
generator:output:electricity,small_installation,generador:sortida:electricitat	=	petita_instal·lació
building,smithy,tipus d'edifici	=	ferreria
amenity,smoking_area,amenitat/servei	=	Àrea de fumadors
shop,snack,botiga	=	berenar
sport,snooker,esport	=	snooker
surface,snow,superfície	=	neu
avalanche_protection,snow_bridge,protecció contra allaus	=	pont de neu
man_made,snow_cannon,artificial	=	canó_de_neu
man_made,snow_fence,artificial	=	tanca per a neus
man_made,snow_net,fet per l'home	=	xarxa de neu
amenity,snow_removal_station,amenitat/servei	=	estació de remoció de neu
shop,snowmobile,botiga	=	motoneu
route,snowmobile,ruta	=	motoneu
waterway,soakhole,camí aquàtic	=	embornal
sport,soccer,esport	=	futbol
leisure,soccer_golf,temps lliure	=	golf de futbol
sport,soccer;basketball,"esport	=	futbol, bàsquet"
club,social,club	=	social
amenity,social_centre,amenitat/servei	=	centre_social
amenity,social_club,amenitat/servei	=	Club Social
leisure,social_club,temps lliure	=	Club Social
amenity,social_facility,amenitat/servei	=	instal·lacions_socials
outlet,sock,presa de corrent	=	mitjó
light:method,sodium,llum:mètode	=	sodi
lamp_type,sodium,tipus_lampada	=	sodi
lamp_type,sodium_vapor,tipus_lampada	=	vapor_de_sodi
baseball,softball,beisbol	=	sofbol
sport,softball,esport	=	sofbol
company,software_development,empresa	=	desenvolupament de programari
material,soil,material	=	terra
surface,soil,superfície	=	terra
species,Soj,espècies	=	Soj
generator:source,solar,generador:font	=	solar
plant:source,solar,planta:font	=	solar
lamp_type,solar_lamp,tipus_lampada	=	llum_solar
generator:type,solar_photovoltaic_panel,generador: tipus	=	panell_fotovoltaic_solar
plant:type,solar_photovoltaic_panel,planta: tipus	=	panell solar fotovoltaic
generator:type,solar_thermal_collector,generador: tipus	=
shop,solarium,botiga	=	solàrium
structure,solid,estructura	=	sòlid
road_marking,solid_crossing_edge,marcació_carretera vora_d'encreuament_sòlid
road_marking,solid_lane_divider,marcació_carretera divisor_de_carril_sòlid
road_marking,solid_line,marcació_carretera línia_sòlida
road_marking,solid_parking_space_divider,marcació_carretera divisor_d'espai_d'aparcament_sòlid
road_marking,solid_road_edge,senyalització_carretera vora_carretera_sòlida
road_marking,solid_stop_line,= | senyalització vial	=	solid_stop_line
road_marking,solid_stop_line;stop,senyalització_carretera línia_d'aturada_sòlida;aturada
lamp_type,SON,tipus_lampada	=	FILL
genus,Sophora,gènere	=	Sòfora
species,Sophora␣japonica,espècies	=	Sophora_japonica
genus,Sorbus,gènere	=	glop
species,Sorbus␣aria,espècies	=	Sorbus_ària
species,Sorbus␣aucuparia,espècies	=	Sorbus_aucupària
species,Sorbus␣domestica,espècies	=	Sorbus_domèstica
species,Sorbus␣intermedia,espècies	=	Sorbus_intermèdia
denomination,soto,denominació	=	Soto
seamark:type,sounding,marca de mar: tipus	=	sondeig
cuisine,soup,cuina	=	sopa
social_facility,soup_kitchen,instal·lació social	=	menjador de beneficència
seamark:buoy_cardinal:category,south,marca:boia cardenal:categoria	=	sud
addr:street:prefix,South,adreça:carrer:prefix Sud
name:prefix,South,nom:prefix Sud
old_railway_operator,Southern,antic operador ferroviari	=	Del Sud
shop,souvenir,botiga	=	record
lamp_type,SOX,tipus_lampada	=	mitges
crop,soy,cultiu	=	soja
old_railway_operator,SP,antic operador ferroviari	=	SP
old_railway_operator,SP&S,antic operador ferroviari	=	SP&S
amenity,spa,amenitat/servei	=	spa
beauty,spa,bellesa	=	spa
tourism,spa_resort,turisme	=	complex de spa
aerospace:product,spacecraft_propulsion,aeroespacial: producte	=	propulsió de naus espacials
logistics,spaceflight,logística	=	vol espacial
aeroway,spaceport,via aèria	=	port espacial
cuisine,spanish,cuina	=	Espanyol
seamark:buoy_cardinal:shape,spar,marca de mar: boia cardinal: forma	=	espat
seamark:buoy_safe_water:shape,spar,marca:boia aigua segura:forma	=	espat
seamark:buoy_isolated_danger:shape,spar,marca:boia aïllat perill:forma	=	espat
seamark:buoy_lateral:shape,spar,marca:boia_lateral:forma	=	espat
seamark:buoy_special_purpose:shape,spar,seamark:boia propòsit especial:forma	=	espat
shop,spare_parts,botiga	=	peces de recanvi
wood:density,sparse,fusta:densitat	=	escàs
boundary,special_economic_zone,Límit	=	zona economica especial
school,special_education_needs,escola	=	necessitats educatives especials
healthcare,speech_therapist,cura de la salut	=	logopeda
highway,speed_camera,carretera	=	Càmera ràpida
highway,speed_display,autopista	=	pantalla_velocitat
seamark:notice:category,speed_limit,marca:avís:categoria	=	Límit de velocitat
traffic_sign,speedometer_test,senyal de trànsit	=	prova de velocímetre
sport,speedway,esport	=	pista de carreres
seamark:topmark:shape,sphere,marca de mar:marca de topall:forma	=	esfera
seamark:buoy_cardinal:shape,spherical,marca de mar: boia cardinal: forma	=	esfèric
seamark:buoy_safe_water:shape,spherical,marca:boia aigua segura:forma	=	esfèric
seamark:buoy_isolated_danger:shape,spherical,marca:boia aïllat perill:forma	=	esfèric
seamark:buoy_lateral:shape,spherical,marca:boia lateral:forma	=	esfèric
seamark:buoy_special_purpose:shape,spherical,seamark:boia propòsit especial:forma	=	esfèric
shop,spices,botiga	=	espècies
barrier,spikes,barrera	=	Pics
waterway,spillway,camí aquàtic	=	sobreeixidor
usage,spillway,ús	=	sobreeixidor
seamark:landmark:category,spire,marca:punt de referència:categoria	=	agulla
landmark,spire,punt de referència	=	agulla
religion,spiritualist,religió	=	espiritista
species:de,Spitz-Ahorn,espècie: de Spitz-Ahorn
species:de,Spitzahorn,espècies:de	=	Spitzacuerno
playground,splash_pad,parc infantil	=	splash_pad
line_management,split,maneig de línia	=	separar
fence_type,split_rail,=	split_rail
mooring,spm,amarrador	=	spm
man_made,spoil_heap,artificial	=	spoil_heap
valve,spool,vàlvula	=	rodet
training,sport,capacitació	=	esport
club,sport,club	=	esport
building,sport,tipus d'edifici	=	esport
amenity,sport_school,amenitat/servei	=	escola d'esports
motorcycle:type,sportbike,motocicleta: tipus	=	Bicicleta esportiva
shop,sports,botiga	=	Esports
clothes,sports,roba	=	Esports
leisure,sports_centre,lleure	=	centre esportiu
building,sports_centre,tipus d'edifici	=	centre esportiu
leisure,sports_hall,lleure	=	pavelló d'esports
building,sports_hall,tipus d'edifici	=	pavelló d'esports
seamark:type,spring,marca de mar: tipus	=	primavera
natural,spring,natural	=	primavera
man_made,spring_box,fet per l'home	=	caixa de ressort
seasonal,spring;summer;autumn,estacional	=	primavera estiu Tardor
playground,springy,parc infantil	=	elàstic
emergency,sprinkler,emergència	=	aspersor
emergency,sprinkler_connection,emergència	=	connexió de ruixadors
athletics,sprint,atletisme	=	piqui
genus:en,Spruce,gènere: ca	=	Avet
junction,spui,unió	=	spui
service,spur,Servei	=	estimular
railway,spur_junction,ferrocarril	=	spur_junction
place,square,lloc	=	quadrat
seamark:topmark:shape,square,marca de mar:marca de topall:forma	=	quadrat
paving_stones:shape,square,paving_stones:shape	square
format,squared_stone,format pedra_quadrada
sport,squash,esport	=	carbassa
toilets:position,squat,lavabos:posició squat
ref,SS676,àrbitre	=	SS676
direction,SSE,direcció	=	SSE
direction,SSW,direcció SSO
building:use,stable,edifici: ús	=	estable
building,stable,tipus d'edifici	=	estable
amenity,stables,amenitat/servei	=	estables
leisure,stadium,lleure	=	estadi
building,stadium,tipus d'edifici	=	estadi
lamp_operator,Stadtwerke Düsseldorf,lamp_operador Stadtwerke Düsseldorf
lamp_operator,Stadtwerke␣Düsseldorf,operador_de_lampares	=	Stadtwerke_Düsseldorf
parking_space,staff,plaça d'aparcament	=	personal
amenity,stage,amenitat/servei	=	etapa
entrance,staircase,entrada	=	escala
shop,stairs,botiga	=	escales
room,stairs,habitació	=	escales
seamark:beacon_isolated_danger:shape,stake,seamark:balisa_aïllada_perill:forma	=	apostar
seamark:beacon_lateral:shape,stake,seamark:balisa_lateral:forma	=	apostar
vending,stamps,venda	=	segells
craft,stand_builder,artesania	=	constructor de llocs
camp_site,standard,càmping	=
emergency,standpipe,emergència	=	tub vertical
bicycle_parking,stands,Pàrquing de bicicletes	=	suports
seamark:beacon_lateral:category,starboard,marca:balisa lateral:categoria	=	estribor
seamark:buoy_lateral:category,starboard,seamark:boya_lateral:categoria	=	estribor
official_name,Starbucks Coffee,official_name	Starbucks Coffee
official_name,Starbucks␣Coffee,nom oficial	=	Starbucks_Cafè
compensator,statcom,compensador	=	estatcom
place,state,lloc	=	Expressar
ownership,state,propietat	=	estat
operator:en,State Grid Corporation of China,operador:en	State Grid Corporation of China
source:name,"State of Queensland (Department of Natural Resources, Mines and Energy) 2019",font:nom Vicmap.Transport:services.land.vic.gov.au
castle_type,stately,tipus castell	=	majestuós
building,static_caravan,tipus d'edifici	=	estàtica_caravana
landuse,static_caravan,ús del sòl	=	estàtica_caravana
compensator,static_var,compensador	=	variable estàtica
abandoned:railway,station,abandonat: ferrocarril	=	estació
disused:railway,station,en desús: ferrocarril	=	estació
railway,station,ferrocarril	=	estació
historic:railway,station,històric: ferrocarril	=	estació
roller_coaster,station,muntanya russa	=	oficina de Registre
power,station,poder	=	estació
public_transport,station,transport públic	=	estació
aerialway,station,via aèria	=	estació
railway,station/Proposal,ferrocarril	=	estació/Proposta
shop,stationery,botiga	=	papereria
wholesale,stationery,majorista	=	papereria
worship,stations_of_the_cross,Adoració	=	estacions de la Creu
government,statistics,govern	=	Estadístiques
source:maxspeed,Stats19,font:velocitat màxima Stats19
seamark:landmark:category,statue,marca:punt de referència:categoria	=	estàtua
memorial:type,statue,memorial: tipus	=	estàtua
memorial,statue,monument	=	estàtua
landmark,statue,punt de referència	=	estàtua
artwork_type,statue,tipus_d'obra	=	estàtua
cuisine,steak_house,cuina	=	rostidor
generator:type,steam_generator,generador: tipus	=	generador de vapor
generator:type,steam_turbine,generador: tipus	=	turbina de vapor
plant:type,steam_turbine,planta: tipus	=	turbina de vapor
wholesale,steel,majorista	=	acer
material,steel,material	=	acer
building:material,steel,material de construcció	=	acer
product,steel,producte	=	acer
industrial,steelmaking,industrial	=	fabricació d'acer
athletics,steeplechase,atletisme	=	carrera d'obstacles
barrier,steeplechase_jump,barrera	=	salt de carrera d'obstacles
man_made,stele,artificial	=	estela
information,stele,informació	=	estela
memorial:type,stele,memorial: tipus	=	estela
memorial,stele,monument	=	estela
barrier,step,barrera	=	pas
stile,stepover,escala per passar una tanca	=	pas a pas
ford,stepping_stones,gual	=	esglaons
surface,stepping_stones,superfície	=	esglaons
highway,steps,carretera	=	passos
construction,steps,construcció	=	passos
area:highway,steps,zona:carretera	=	passos
species:de,Stiel-Eiche,espècie: de Stiel-Eiche
source:wheelchair,STIF 2019-01,font:cadira de rodes STIF 2019-01
source:wheelchair,STIF␣2019-01,font: cadira de rodes	=	STIF_2019-01
barrier,stile,barrera	=	escala per passar una tanca
building,stilt_house,tipus d'edifici	=	casa sobre pilons
farmyard,stockyard,pati	=	corral de bestiar
memorial:type,stolperstein,memorial: tipus	=	stolperstein
memorial,stolperstein,monument	=	stolperstein
healthcare:speciality,stomatology,sanitat:especialitat	=
historic,stone,històric	=	pedra
marker,stone,marcador	=	pedra
material,stone,material	=	pedra
building:material,stone,material de construcció	=	pedra
memorial,stone,monument	=	pedra
natural,stone,natural	=	pedra
wall,stone,paret	=	pedra
roof:material,stone,sostre: material	=	pedra
surface,stone,superfície	=	pedra
artwork_type,stone,tipus d'obra d'art	=	pedra
fountain,stone_block,font	=	bloc de pedra
megalith_type,stone_circle,tipus de megàlit	=	cercle de pedra
megalith_type,stone_ship,tipus de megàlit	=	vaixell de pedra
wall,stone_wall,paret	=	Paret de pedra
craft,stonemason,artesania	=	paleta
amenity,stool,amenitat/servei	=	excrements
road_marking,stop,senyalització_carretera aturada
highway,stop,carretera	=	atureu-vos
railway,stop,ferrocarril	=	atureu-vos
traffic_sign,stop,senyal de trànsit	=	parada
type,stop,tipus	=	parada
site,stop_area,lloc	=	parada_àrea
public_transport,stop_area,transport públic	=	parada_àrea
public_transport,stop_area_group,transport públic	=	parada_area_grup
road_marking,stop_line,senyalització_carretera línia_d'aturada
public_transport,stop_position,transport públic	=	parada_posició
aeroway,stopway,via aèria	=	parada
room,storage,habitació	=	emmagatzematge
police,storage,policia	=	emmagatzematge
building,storage,tipus d'edifici	=	emmagatzematge
shop,storage_rental,botiga	=	lloguer_de_emmagatzematge
man_made,storage_tank,artificial	=	tanc d'emmagatzematge
building,storage_tank,tipus d'edifici	=	tanc d'emmagatzematge
building,store,tipus d'edifici	=	Botiga
birds_nest,stork,niu de Ocell	=	cigonya
memorial,storm_surge_post,monument	=	lloc de maror ciclònic
couplings:type,Storz,acoblaments: tipus	=	Storz
craft,stove_fitter,artesania	=	muntador d'estufes
NHS,STRAHNET,Servei Nacional de Salut	=	STRAHNET
line_management,straight,maneig de línia	=	directe
lamp_mount,straight_mast,muntatge_de_lampada	=	pal_recte
natural,strait,natural	=	estret
rental,strandkorb,lloguer	=
constituency,Strategic Routes,rutes estratègiques de circumscripció electoral
constituency,Strategic␣Routes,districte electoral	=	Rutes Estratègiques
crop,strawberry,cultiu	=	maduixa
water,stream,aigua	=	corrent
waterway,stream,camí aquàtic	=	corrent
generator:method,stream,generador: mètode	=	corrent
waterway,stream_end,camí aquàtic	=	stream_end
water,stream_pool,aigua	=	stream_pool
waterway,stream/Archive,camí aquàtic	=	transmissió/arxiu
NHD:FType,StreamRiver,NHD: Tipus F	=	RierolRiu
gnis:ftype,StreamRiver,gnis:ftipus StreamRiver
NHD:FTYPE,StreamRiver,NHD:Ftipus	StreamRiver
nhd:ftype,StreamRiver,nhd:ftipus	StreamRiver
highway,street,autopista	=	carrer
parking_space,street,plaça d'aparcament	=	carrer
type,street,tipus	=	carrer
map_type,street,tipus de mapa	=	carrer
landuse,street,ús del sòl	=	carrer
visibility,street,visibilitat	=	carrer
addr:street:type,Street,adreça:carrer:tipus Carrer
denotation,street,denotació carrer
addr:street:en,Street 1,adreça:carrer:en carrer 1
addr:street:en,Street 2,adreça:carrer:en Carrer 2
addr:street:en,Street 3,adreça:carrer:en Carrer 3
man_made,street_cabinet,artificial	=	carrer_gabinet
telecom,street_cabinet,telecomunicacions	=	gabinet del carrer
support,street_furniture:transit_shelter,suport	=	street_furniture:transit_shelter
amenity,street_lamp,amenitat/servei	=	fanal
highway,street_lamp,carretera	=	fanal
camera:mount,street_lamp,càmera:muntar fanal
amenity,street_light,amenitat/servei	=	llum del carrer
utility,street_lighting,utilitat	=	enllumenat públic
parking,street_side,estacionament	=	costat del carrer
parking:right,street_side,estacionament: dret	=	costat del carrer
parking:left,street_side,estacionament: esquerra	=	costat del carrer
parking:both,street_side,estacionament:tots dos	=	costat del carrer
shop,street_vendor,botiga	=	venedor ambulant
wetland,string_bog,aiguamoll	=	cadena_bog
seamark:light:category,strip_light,seamark:llum:categoria	=	llum de tira
amenity,stripclub,amenitat/servei	=	club de striptease
seamark:light:category,striplight,seamark:llum:categoria	=	llum de tira
amenity,stroller_parking,amenitat/servei	=	cotxet d'estacionament
playground,structure,parc infantil	=	estructura
cuisine,strudel,cuina	=	strudel
amenity,student_accommodation,amenitat/servei	=	allotjament per a estudiants
access,students,accés	=	estudiants
private,students,privat	=	estudiants
amenity,studio,amenitat/servei	=	estudi
man_made,stupa,fet per l'home	=	estupa
building,sty,tipus d'edifici	=	mussol
genus,Styphnolobium,gènere	=	Styphnolobium
power,sub_station,poder	=	sub_estació
description,SubCentre,descripció Subcentre
place,subcounty,lloc	=	subcomtat
man_made,submarine_cable,fet per l'home	=	cable submarí
seamark:type,submarine_transit_lane,marca de mar: tipus	=	carril de trànsit submarí
seamark:rock:water_level,submerged,seamark:rock:water_level	=	submergit
bridge:movable,submersible,pont: mòbil	=	submergible
liaison,subnational,enllaç	=	subnacional
seamark:light:category,subsidiary,seamark:llum:categoria	=	subsidiari
pipeline,substation,canonada	=	subestació
power,substation,energia	=	subestació
line,substation,línia	=	subestació
locality,subtownland,localitat	=	suburbi
place,suburb,lloc	=	suburbi
passenger,suburban,passatger	=	suburbà
traffic,suburban,trànsit	=	suburbà
construction,subway,construcció	=	subterrani
station,subway,estació	=	subterrani
railway,subway,ferrocarril	=	subterrani
route,subway,ruta	=	subterrani
railway,subway_entrance,ferrocarril	=	entrada_metro
emergency,suction_point,emergència	=	punt_de_succió
crop,sugar,cultiu	=	sucre
product,sugar,producte	=	sucre
species:en,Sugar Maple,espècie: en Auró sucrer
species:en,Sugar␣Maple,espècies:	=	Sucre_Arce
crop,sugarcane,cultiu	=	Canya de sucre
seasonal,summer,estacional	=	estiu
leisure,summer_camp,temps lliure	=	campament d'estiu
building,summer_cottage,tipus d'edifici	=	casa d'estiu
building,summer_house,tipus d'edifici	=	Casa d'estiu
attraction,summer_toboggan,atracció	=	trineu_d'estiu
man_made,summit_cross,fet per l'home	=	creu del cim
sport,sumo,esport	=	summe
barrier,sump_buster,barrera	=	destructor d'embornal
craft,sun_protection,artesania	=	protecció solar
shelter_type,sun_shelter,refugi_tipus	=	sol_refugi
leisure,sunbathing,temps lliure	=	bronzejar-se
crop,sunflower,cultiu	=	girasol
denomination,sunni,denominació sunnita
opening_hours,sunrise-sunset,horari d'obertura	=	la sortida del sol posta de sol
lit,"sunset-00:00,05:00-sunrise␣UTC","il·luminat	=	capvespre-00:00,05:00-amanir_UTC"
lit,sunset-sunrise,il·luminat	=	Capvespre Clarejar
light:lit,sunset-sunrise,Llum encesa	=	Capvespre Clarejar
seamark:buoy_special_purpose:shape,super-buoy,seamark:boia propòsit especial:forma	=	superboia
shop,supermarket,botiga	=	supermercat
wholesale,supermarket,majorista	=	supermercat
building,supermarket,tipus d'edifici	=	supermercat
type,superroute,tipus	=	superruta
office,supervised_injection_site,oficina	=	lloc d'injecció supervisat
seamark:pipeline_submarine:category,supply,seamark:pipeline_submarine:category supply
roller_coaster,support,muntanya russa	=	suport
shop,surf,botiga	=	navegar
amenity,surf_school,amenitat/servei	=	escola de surf
parking,surface,estacionament	=	superfície
location,surface,ubicació	=	superfície
crossing:markings,surface,creuament:marques superfície
sport,surfing,esport	=	surf
pipeline,surge_tank,canonada	=	tanc de compensació
healthcare:speciality,surgery,sanitat:especialitat	=
healthcare:speciality,surgical_oncology,sanitat:especialitat	=
man_made,surveillance,artificial	=	vigilància
addr.source:housenumber,survey,addr.source:nombre de casa	=	enquesta
addr.source:street,survey,direcció.font:carrer	=	enquesta
source:damage,survey,font: mal	=	enquesta
source:name,survey,nom de la font	=	enquesta
source:addr:housenumber,survey,font: adreça: estudi del número de casa
source:addr:street,survey,font: adreça: estudi de carrers
source:maxspeed,survey,font:velocitat màxima survey
man_made,survey_point,artificial	=	punt_enquesta
source:maxspeed,survey;image,font:maxspeed	=	enquesta;imatge
office,surveyor,oficina	=	topògraf
cuisine,sushi,cuina	=	Sushi
lamp_mount,suspended,muntatge_de_lampada	=	suspès
line_attachment,suspension,línia_adjunt	=	suspensió
bridge:structure,suspension,pont:estructura	=	suspensió
tower:type,suspension,torre:tipus	=	suspensió
network:wikipedia,sv:Västtrafik,xarxa:wikipedia sv:Västtrafik
direction,SW,direcció	=	sud-oest
naptan:Bearing,SW,naptan: Tenint SW
water,swale,aigua	=	sopar
wetland,swamp,aiguamoll	=	pantà
LINZ:layer,swamp_poly,LINZ: capa	=	pantà_poly
NHD:FTYPE,SwampMarsh,NHD:FTYPE	=	PantàMarsh
craft,sweep,artesania	=	escombrar
vending,sweets,venda	=	dolços
waterway,swept_area,camí aquàtic	=	àrea escombrada
sport,swimming,esport	=	natació
leisure,swimming_area,temps lliure	=	zona de bany
amenity,swimming_pool,amenitat/servei	=	safareig
shop,swimming_pool,botiga	=	safareig
leisure,swimming_pool,lleure	=	piscina
amenity,swimming_school,amenitat/servei	=	escola de natació
clothes,swimwear,roba	=	vestits de bany
playground,swing,parc infantil	=	ritme
bridge:movable,swing,pont: mòbil	=	ritme
barrier,swing_gate,barrera	=	porta abatible
amenity,swingerclub,amenitat/servei	=	club swinger
power,switch,energia	=	canviar
railway,switch,ferrocarril	=	canviar
pole,switch,pole	switch
power,switchgear,poder	=	Subestació de control
seamark:radio_station:category,syledis,seamark:emissora de ràdio:categoria	=	syledis
species,sylvatica,espècies	=	silvàtica
wiki:symbol,Symbol_SWV_Örtlicher_Weg.svg,wiki:symbol	Symbol_SWV_Örtlicher_Weg.svg
trailblazed,symbols,pioner	=	símbols
building,synagogue,tipus d'edifici	=	sinagoga
compensator,synchronous_condenser,compensador	=	condensador síncron
genus,Syringa,gènere	=	Xeringa
species,Syringa␣reticulata,espècies	=	Xeringa_reticulada
vending,syringes,venda	=	xeringues
shop,systembolaget,botiga	=	sistemabolaget
healthcare:speciality,systemic,sanitat:especialitat	=
cai_scale,T,escala cai	=	T
aerialway,t-bar,via aèria	=	barra a T
aerialway:drag_lift,t-bar,via aèria: elevador d'arrossegament	=	barra a T
amenity,table,amenitat/servei	=	taula
traffic_calming,table,calmar el trànsit	=	taula
tomb,table,tomba	=	taula
sport,table_soccer,esport	=	Futbolí
sport,table_tennis,esport	=	Tennis de taula
leisure,table_tennis_table,temps lliure	=	taula de tenis
beacon:type,TACAN,balisa: tipus	=	TAQUEN
information,tactile_map,informació	=	mapa tàctil
information,tactile_model,informació	=	model tàctil
sport,taekwondo,esport	=	taekwondo
man_made,tailings_pond,fet per l'home	=	estany de relaves
craft,tailor,artesania	=	Sastre
shop,tailor,botiga	=	Sastre
usage,tailrace,ús	=	carrera de cua
drink:viez,takeaway,beguda: vez	=	treure
man_made,tank,artificial	=	tanc
historic,tank,històric	=	tanc
seamark:type,tank,marca de mar: tipus	=	tanc
building,tank,tipus d'edifici	=	tanc
barrier,tank_trap,barrera	=	tanc_trampa
harbour:category,tanker,port:categoria	=	petrolier
beauty,tanning,bellesa	=	broncejat
leisure,tanning_salon,temps lliure	=	Saló de bronzejat
religion,taoist,religió	=	taoista
cuisine,tapas,cuina	=	tapes
man_made,tar_kiln,artificial	=	tar_kiln
roof:material,tar_paper,sostre: material	=	paper de quitrà
surface,tarmac,superfície	=	pista
surface,tarmacadam,superfície	=	tarmacadam
advertising,tarp,publicitat	=	lona
surface,tartan,superfície	=	tartan
shop,tattoo,botiga	=	tatuatge
government,tax,govern	=	impost
office,tax,oficina	=	impost
office,tax_advisor,oficina	=	assessor fiscal
amenity,taxi,amenitat/servei	=	taxi
amenity,taxi_point,amenitat/servei	=	punt de taxi
aeroway,taxilane,via aèria	=	Carril de Taxi
aeroway,taxiway,via aèria	=	carrer de rodatge
light:aviation,taxiway_centre,llum:centre_de_tallada_d'aviació
genus,Taxus,gènere	=	Taxus
species,Taxus␣baccata,espècies	=	Taxus_baccata
damage:Chido:event,TC-2024-000225-COM,danys:Chido:esdeveniment TC-2024-000225-COM
navigationaid,tdz,ajuda a la navegació tdz
shop,tea,botiga	=	te
crop,tea,cultiu	=	te
cuisine,tea_house,cuina	=	casa de te
trees,tea_plants,arbres	=	plantes_de_te
cuisine,tea_shop,cuina	=	botiga de te
cuisine,teahouse,cuina	=	casa de te
sport,team_handball,esport	=	equipo_handbol
building,tech_cab,tipus d'edifici	=	cabina de tecnologia
room,technical,habitació	=	tècnic
emergency_service,technical,servei d'emergència	=	tècnic
bunker_type,technical,tipus búnquer	=	tècnic
historic,technical_monument,històric	=	monument_tècnic
railway,technical_station,ferrocarril	=	estació_tècnica
museum,technology,museu	=	tecnologia
disc_golf,tee,disc de golf	=	tee
golf,tee,golf	=	tee
playground,teenshelter,parc infantil	=	refugi per a adolescents
landcover,tees,coberta terrestre	=	samarretes
street_cabinet,telecom,carrer_gabinet	=	telecomunicacions
manhole,telecom,forat dhome	=
type,telecom,tipus	=	telecomunicacions
utility,telecom,utilitat	=	telecomunicacions
utility,telecom;power,telecomunicacions de serveis públics;energia
shop,telecommunication,botiga	=	telecomunicació
office,telecommunication,oficina	=	telecomunicació
signal_station,telegraph,estació de senyals	=	telègraf
amenity,telephone,amenitat/servei	=	telèfon
seamark:cable_overhead:category,telephone,seamark:sobrecàrrega de cable:categoria	=	telèfon
man_made,telephone_box,artificial	=	cabina telefònica
man_made,telephone_exchange,fet per l'home	=	central telefònica
man_made,telephone_office,artificial	=	telèfon_oficina
vending,telephone_vouchers,venda	=	vals telefònics
man_made,telescope,artificial	=	telescopi
amenity,television,amenitat/servei	=	televisió
studio,television,estudi	=	televisió
utility,television,utilitat	=	televisió
man_made,tell,fet per l'home	=	comptar
seamark:landmark:function,tempel,marca:punt de referència:funció	=	temple
seamark:landmark:function,temple,marca:punt de referència:funció	=	temple
building,temple,tipus d'edifici	=	temple
seamark:light:status,temporary,seamark:llum:estat	=	temporali
sport,tennis,esport	=	tennis
building,tent,tipus d'edifici	=	carpa
trees,tequila_agave,arbres	=	tequila_agave
internet_access,terminal,accés a Internet	=	Terminal
power,terminal,energia	=	Terminal
information,terminal,informació	=	Terminal
aeroway,terminal,via aèria	=	Terminal
hgv:national_network,terminal_access,hgv:xarxa_nacional	=	accés_terminal
line_management,termination,maneig de línia	=	terminació
tower:type,termination,torre:tipus	=	terminació
natural,termite_mound,natural	=	monticle de tèrmits
house,terrace,casa	=	terrassa
residential,terrace,Residencial	=	terrassa
outdoor_seating,terrace,seients a l'aire lliure	=
building,terrace,tipus d'edifici	=	terrassa
building,terrace_house,tipus d'edifici	=	terrassa de la casa
house,terraced,casa	=	adossat
building,terraced_house,tipus d'edifici	=	Casa adossada
border_type,territorial,tipus frontera	=	territorial
construction,tertiary,construcció	=	terciari
ferry,tertiary,transportar	=	terciari
highway,tertiary,"Una carretera terciària serveix destinacions i comunitats locals, proporcionant accés a zones residencials i comercials | carretera	=	terciari"
area:highway,tertiary,zona:carretera	=	terciari
highway,tertiary_link,carretera	=	enllaç_terciari
construction,tertiary_link,construcció	=	enllaç terciari
teryt:updated_by,teryt2osm combine.py v. 43,teryt:actualitzat_per teryt2osm combine.py v. 43
teryt:updated_by,teryt2osm␣combine.py␣v.␣43,teryt:actualitzat_per	=	teryt2osm_combine.py_v._43
usage,test,ús	=	prova
sport,tetherball,esport	=	tetherball
playground,tetherball,parc infantil	=	tetherball
cuisine,tex-mex,cuina	=	de Texas i Mexico
books,textbook,llibres	=	llibre de text
species,Tg1,espècies	=	Tg1
species,Tgc,espècies	=	Tgc
cuisine,thai,cuina	=	tailandès
massage,thai,massatge	=	tailandès
roof:material,thatch,sostre: material	=	palla
amenity,theatre,amenitat/servei	=	teatre
tourism,theme_park,turisme	=	parc temàtic
office,therapist,oficina	=	terapeuta
denomination,theravada,denominació theravada
bath:type,thermal,bany:tipus	=	tèrmic
generator:method,thermal,generador: mètode	=	tèrmic
plant:method,thermal,planta:mètode	=	tèrmic
description,"these 'kanal' are oil palm drainage trenches/etc and does not fit into the tag waterway=canal; inaccessible by boats, hence the tag waterway=ditch is more appropriate","descripció aquests 'kanals' són trinxeres/etc. de drenatge de palma d'oli i no encaixen a l'etiqueta waterway=canal; inaccessible per vaixells, per tant l'etiqueta waterway=ditch és més adequada"
megalith_type,tholos,tipus de megàlit	=	tholos
healthcare:speciality,thoracic_surgery,sanitat:especialitat	=
design,three-level,disseny	=	tres nivells
man_made,threshing_floor,artificial	=	trilla
historic,threshing_floor,històric	=	trilla
road_marking,through,senyalització_carretera a través de
turn:lanes,through,gir:carrils	=	mitjançant
turn:lanes:forward,through,girar:carrils: endavant	=	mitjançant
turn:lanes:backward,through,girar:carrils:darrere	=	mitjançant
road_marking,through;right,senyalització_carretera a través de;dreta
turn:lanes:forward,through;right,gir:carrils:avançar passant;dreta
turn:lanes,through|right,gir:carrils	=	a través|a la dreta
turn:lanes:forward,through|right,girar:carrils: endavant	=	a través|a la dreta
turn:lanes:backward,through|right,girar:carrils:darrere	=	a través|a la dreta
turn:lanes,through|through,gir:carrils	=	a través|a través
turn:lanes,through|through;right,gir:carrils	=	a través|a través;a la dreta
turn:lanes,through|through|right,gir:carrils	=	a través|a través|dreta
turn:lanes,through|through|slight_right,gir:carrils	=	a través|a través|slight_right
genus,Thuja,gènere	=	teva
species,Thuja␣occidentalis,espècies	=	Thuja_occidentalis
species,THUJA␣ORIENTALIS,espècies	=	THUIXA_ORIENTALIS
object:city,Tiana,object:city	Tiana
denomination,tiantai,denominació	=	tiantai
shop,ticket,botiga	=	butlleta
amenity,ticket_booth,amenitat/servei	=	taquilla
amenity,ticket_validator,amenitat/servei	=	validador_de_tickets
shop,tickets,botiga	=	Entrades
water,tidal,aigua	=	de marea
generator:source,tidal,generador:font	=	de marea
dock,tidal,moll	=	de marea
natural,tidal,natural	=	de marea
waterway,tidal_channel,camí aquàtic	=	canal_de_marea
wetland,tidalflat,aiguamoll	=	plànol de marea
signal_station,tide_gauge,estació de senyals	=	mareògraf
signal_station,tide_scale,estació de senyals	=	escala de marees
tiger:source,tiger_import_dch_v0.6_20070808,tigre:font	=	tiger_import_dch_v0.6_20070808
tiger:source,tiger_import_dch_v0.6_20070809,tiger:font tiger_import_dch_v0.6_20070809
building:roof,tile,edifici: sostre	=	teula
roof:material,tile,sostre: material	=	teula
craft,tiler,artesania	=	solador
shop,tiles,botiga	=	lloses
building:roof,tiles,edifici: sostre	=	lloses
roof:material,tiles,sostre: material	=	lloses
species,Tilia,espècies	=	tília
genus,Tilia,gènere	=	tília
species,Tilia cordata,espècie Tilia cordata
species,Tilia platyphyllos,espècie Tilia platyphyllos
species,Tilia tomentosa,espècie Tilia tomentosa
species,Tilia x europaea,espècie Tilia x europaea
species,Tilia␣americana,espècies	=	Tilia_americana
species,Tilia␣cordata,espècies	=	Tilia_cordata
species,Tilia␣euchlora␣x,espècies	=	Tilia_euchlora_x
species,Tilia␣Europaea,espècies	=	Tilia_Europaea
species,"Tilia␣europaea␣""Pallida""","espècies	=	Tilia_europaea_""Collada"""
species,Tilia␣platyphyllos,espècies	=	Tilia_platyphyllos
species,Tilia␣sp,espècies	=	Tilia_sp
species,Tilia␣sp.,espècies	=	Tilia_sp.
species,Tilia␣tomentosa,espècies	=	Tília_tomentosa
species,TILIA␣TOMENTOSA␣(SIN.␣T.␣ARGENTEA),espècies	=	TILIA_TOMENTOSA_(SENSE._T._ARGENTEA)
species,Tilia␣x␣euchlora,espècies	=	Tilia_x_euchlora
species,Tilia␣x␣europaea,espècies	=	Tilia_x_europaea
species,Tilia␣x␣europea,espècies	=	Tilia_x_europea
species,Tilp,espècies	=	inclinació
bridge:movable,tilt,pont: mòbil	=	inclinació
trade,timber,comerç	=	fusta
produce,timber,produir	=	fusta
building:material,timber_framing,material de construcció	=	estructura_de_fusta
cafe,time_cafe,cafeteria	=	cafè del temps
seamark:radio_station:category,time_signal,seamark:emissora de ràdio:categoria	=	senyal de temps
cafe,time-cafe,cafeteria	=	temps-cafe
departures_board,timetable,sortides a bord	=	calendari
boundary,timezone,Límit	=	zona horària
building:roof,tin,edifici: sostre	=	estany
building:material,tin,material de construcció	=	estany
roof:material,tin,sostre: material	=	estany
craft,tinsmith,artesania	=	llauner
wall,tire_barrier,paret	=	barrera de pneumàtics
source:hgv:national_network,Title 23: Highways Part 658 http://ecfr.gpoaccess.gov/cgi/t/text/text-idx?c=ecfr&rgn=div5&view=text&node=23:1.0.1.7.33&idno=23,font: camions: xarxa_nacional Títol 23: Carreteres Part 658 http://ecfr.gpoaccess.gov/cgi/t/text/text-idx?c=ecfr&rgn=div5&view=text&node=23:1.0.1.7.33&idno=23
type,TMC,tipus	=	TMC
type,tmc:point,tipus	=	tmc:punt
shop,tobacco,botiga	=	tabac
sport,toboggan,esport	=	tobogan
amenity,toilet,amenitat/servei	=	vàter
room,toilet,habitació	=	vàter
amenity,toilets,amenitat/servei	=	banys
room,toilets,habitació	=	banys
seamark:small_craft_facility:category,toilets,seamark:instal·lació per a embarcacions petites:categoria	=	banys
building,toilets,tipus d'edifici	=	banys
vending,toll,venda	=	peatge
highway,toll_booth,autopista	=	cabina de peatge
barrier,toll_booth,barrera	=	cabina de peatge
highway,toll_gantry,autopista	=	peatge_gantry
man_made,tomb,fet per l'home	=	tomba
historic,tomb,històric	=	tomba
building,tomb,tipus d'edifici	=	tomba
man_made,tombstone,fet per l'home	=	làpida sepulcral
species,tomentosa,espècies	=	tomentosa
shop,tool_hire,botiga	=	lloguer d'eines
craft,toolmaker,artesania	=	fabricant d'eines
shop,tools,botiga	=	eines
wholesale,tools,majorista	=	eines
seamark:type,topmark,marca de mar: tipus	=	marca de topall
map_type,topo,tipus de mapa	=	talp
ngbe:tema,Toponimia,ngbe:tema	=	toponímia
seamark:radio_station:category,toran,seamark:emissora de ràdio:categoria	=	toren
fountain,toret,font	=	toret
man_made,torii,artificial	=	Torii
ceremonial_gate,torii,porta_cerimonial torii
advertising,totem,publicitat	=	tòtem
crossing_ref,toucan,cruce_ref	=	tucà
sport,touch_football,esport	=	tocar futbol
club,tourism,club	=	turisme
harbour:category,tourism,port:categoria	=	turisme
usage,tourism,ús	=	turisme
tourism,tourism-attraction,turisme	=	atracció turística
office,tourist_accommodation,oficina	=	allotjament turistic
amenity,tourist_bus_parking,amenitat/servei	=	aparcament d'autobusos turístics
highway,tourist_bus_stop,autopista	=	parada d'autobús turístic
man_made,tower,artificial	=	torre
power,tower,energia	=	torre
historic,tower,històric	=	torre
seamark:beacon_lateral:shape,tower,marca:balisa lateral:forma	=	torre
seamark:landmark:category,tower,marca:punt de referència:categoria	=	torre
landmark,tower,punt de referència	=	torre
lifeguard,tower,Salvavides	=	torre
seamark:beacon_safe_water:shape,tower,seamark:balisa aigua segura:forma	=	torre
seamark:beacon_cardinal:shape,tower,seamark:balisa cardenal:forma	=	torre
seamark:beacon_special_purpose:shape,tower,seamark:beaamb propòsit especial:forma	=	torre
seamark:beacon_isolated_danger:shape,tower,seamark:far perill aïllat:forma	=	torre
building,tower,tipus d'edifici	=	torre
aeroway,tower,via aèria	=	torre
crane:type,tower_crane,grua:tipus	=	grua torre
power,tower/Gallery,poder	=	torre/Galeria
place,town,lloc	=	poble
place:CN,town,lloc:CN	=	poble
border_type,town,tipus frontera	=	poble
surveillance:zone,town,vigilància: zona	=	poble
building:place,town,edifici:plaça ciutat
amenity,townhall,amenitat/servei	=	Ajuntament
building,townhall,tipus d'edifici	=	Ajuntament
building,townhouse,tipus d'edifici	=	casa adossada
locality,townland,localitat	=	ciutat
shop,toy,botiga	=	joguina
amenity,toy_library,amenitat/servei	=	ludoteca
shop,toys,botiga	=	joguines
vending,toys,venda	=	joguines
genus,Trachycarpus,gènere	=	traquicarp
species,Trachycarpus␣fortunei,espècies	=	Trachycarpus_fortunei
abandoned:highway,track,"abandonat: carretera = pista , camí"
cycleway,track,carril bici	=	pista
cycleway:right,track,carril bici: dreta	=	pista
cycleway:left,track,ciclovia:esquerra	=	pista
construction,track,construcció	=	pista
detail,track,detall	=	pista
leisure,track,lleure	=	pista
roller_coaster,track,muntanya russa	=	pista
highway,track,"Una pista és una carretera o camí, sovint sense pavimentar, utilitzat per a l'accés vehicular o de vianants en zones rurals o fora de carretera | carretera	=	pista"
cycleway:both,track,via_ciclable:ambdues vies
disused:highway,track,desusat: via d'autopista
LINZ:layer,track_cl,LINZ: capa	=	pista_cl
railway,track_scale,ferrocarril	=	escala de pista
converted_by,Track2osm,convertit_per	=	seguiment2osm
route,tracks,ruta	=	pistes
substation,traction,subestació	=	tracció
transformer,traction,transformador	=	tracció
shop,tractor,botiga	=	tractor
shop,trade,botiga	=	comerç
amenity,trade_school,amenitat/servei	=	escola de comerç
building:roof,traditional,edifici: sostre	=	tradicional
building:material,traditional,material de construcció	=	tradicional
healthcare:speciality,traditional_chinese_medicine,especialitat:de_salut	=	medicina_tradicional_xinesa
signal_station,traffic,estació de senyals	=	trànsit
surveillance:zone,traffic,vigilància: zona	=	trànsit
surveillance,traffic,vigilància trànsit
highway,traffic_calming,autopista	=	calmar el trànsit
barrier,traffic_island,barrera	=	Illa de trànsit
footway,traffic_island,senda	=	Illa de trànsit
landuse,traffic_island,ús del sòl	=	Illa de trànsit
area:highway,traffic_island,zona:carretera	=	Illa de trànsit
traffic_signals,traffic_lights,Senyals de trànsit	=	semàfors
highway,traffic_mirror,carretera	=	trànsit_mirall
amenity,traffic_park,amenitat/servei	=	parc de trànsit
road_marking,traffic_sign,senyalització_carretera senyal_de_trànsit
highway,traffic_signals,carretera	=	Senyals de trànsit
crossing,traffic_signals,encreuament	=	Senyals de trànsit
level_crossing,traffic_signals,pas a nivell	=	Senyals de trànsit
hazard,traffic_signals,perill	=	Senyals de trànsit
type,traffic_signals_set,tipus	=	conjunt de senyals de trànsit
highway,trail,autopista	=	sender
surface,trail,superfície	=	sender
information,trail_blaze,informació	=	rastre de foc
tourism,trail_riding_rest,turisme	=	descans per muntar a cavall
tourism,trail_riding_station,turisme	=	trail_riding_station
shop,trailer,botiga	=	remolc
rental,trailer,lloguer	=
amenity,trailer_park,amenitat/servei	=	parc de remolcs
residential,trailer_park,Residencial	=	parc de remolcs
highway,trailhead,autopista	=	començament del sender
attraction,train,atracció	=	tren
route,train,ruta	=	tren
building,train_station,tipus d'edifici	=	estació de tren
railway,train_station_entrance,ferrocarril	=	entrada_estació_de_tren
amenity,training,amenitat/servei	=	capacitació
military,training_area,militar	=	àrea d'entrenament
police,training_area,policia	=	àrea d'entrenament
wall,training_wall,paret	=	mur d'entrenament
seamark:shoreline_construction:category,training_wall,seamark:litoral construcció:categoria	=	mur d'entrenament
construction,tram,construcció	=	tramvia
railway,tram,ferrocarril	=	tramvia
route,tram,ruta	=	tramvia
embedded_rails,tram,tramvia embedded_rails
railway,tram_crossing,ferrocarril	=	tram_crossing
railway,tram_level_crossing,ferrocarril	=	tram_level_crossing
traffic_signals,tram_priority,Senyals de trànsit	=	prioritat de tramvia
railway,tram_stop,ferrocarril	=	parada de tramvia
sport,trampoline,esport	=	trampolí
playground,trampoline,parc infantil	=	trampolí
leisure,trampoline_park,temps lliure	=	parc de trampolins
power,transformer,energia	=	transformador
building,transformer_tower,tipus d'edifici	=	transformador_torre
route,transhumance,ruta	=	transhumància
type,transit,tipus	=	trànsit
placement,transition,col·locació	=	transició
line_management,transition,maneig de línia	=	transició
pole,transition,pol	=	transició
substation,transition,subestació	=	transició
tower:type,transition,torre:tipus	=	transició
meadow,transitional,prat	=	transicional
office,translator,oficina	=	traductor
seamark:cable_overhead:category,transmission,seamark:sobrecàrrega de cable:categoria	=	transmissió
substation,transmission,subestació	=	transmissió
usage,transmission,ús	=	transmissió
healthcare:speciality,transplant,sanitat:especialitat	=
company,transport,empresa	=	transport
museum,transport,museu	=	transport
office,transport,oficina	=	transport
building,transportation,tipus d'edifici	=	transportació
usage,transportation,ús	=	transportació
bridge:movable,transporter,pont: mòbil	=	transportador
building:usage:pl,transportu i łączności,edifici:ús:pl transport i łączności
building:use:pl,Transportu i łączności,building:use:pl Transportu i łączności
building:usage:pl,Transportu lub łączności,edifici:ús:pl Transportu lub łączności
building:usage:pl,transportu␣i␣łączności,edifici: ús: pl	=	transportu_i_łączności
building:use:pl,Transportu␣i␣łączności,edifici:ús:pl	=	Transportu_i_łączności
line_management,transpose,maneig de línia	=	transposar
tower:type,transposing,torre:tipus	=	transposar
waste,trash,desaprofitament	=	escombraries
healthcare:speciality,trauma,sanitat:especialitat	=	traumatologia
shop,travel_agency,botiga	=	agència de viatges
office,travel_agent,oficina	=	agent de viatges
crane:type,travel_lift,grua:tipus	=	ascensor de viatge
railway,traverser,ferrocarril	=	travessador
boundary,treaty,Límit	=	tractat
barrier,tree,barrera	=	arbre
plant,tree,planta	=	arbre
support,tree,suport	=	arbre
natural,tree,"Un arbre és una planta llenyosa perenne amb tronc, branques i fulles que creix naturalment en el medi ambient | natural	=	arbre"
natural,tree_group,natural	=	arbre_grup
building,tree_house,tipus d'edifici	=	casa de l'arbre
LINZ:layer,tree_pnt,LINZ: capa	=	arbre_pnt
natural,tree_row,natural	=	filera_d'arbres
historic,tree_shrine,històric	=	santuari de l'arbre
natural,tree_stump,natural	=	tocó d'arbre
natural,tree/Archived_proposal,natural	=	arbre/proposta arxivada
natural,"tree/List_of_Genus,_Leaf_cycle,_Leaf_type","natural	=	arbre/Llista de Gènere, Cicle de la fulla, Tipus de fulla"
landcover,trees,coberta terrestre	=	arbres
landuse,trees,ús del sòl	=	arbres
military,trench,militar	=	rasa
bridge,trestle,pont	=	cavallet
design,triangle,disseny	=	triangle
type,triangulation,tipus	=	triangulació
wires,triple,filferros	=
athletics,triple_jump,atletisme	=	salt triple
animated,trivision_blades,animat	=	fulles de trivisió
amenity,trolley_bay,amenitat/servei	=	carrito_bay
route,trolleybus,ruta	=	trolebús
shop,trophy,botiga	=	trofeu
healthcare:speciality,tropical,sanitat:especialitat	=
shop,truck,botiga	=	camió
shop,truck_repair,botiga	=	reparació de camions
source:hgv,Truck␣Route␣Ordinance␣https://www.phoenix.gov/streetssite/Documents/truckmap.pdf,font:camions Truck␣Route␣Ordinance␣https://www.phoenix.gov/carrerssite/Documents/truckmap.pdf
oneway,TRUE,d'una sola mà	=	CERT
building,TRUE,tipus d'edifici = CERT (valor booleà)
sport,trugo,esport	=	truc
building,trullo,tipus d'edifici	=	trullo
highway,trunk,carretera	=	tronc
construction,trunk,construcció	=	maleter
support,trunk,suport	=	maleter
ferry,trunk,transportar	=	maleter
area:highway,trunk,zona:carretera	=	maleter
highway,trunk_link,carretera	=	enlace_tronc
construction,trunk_link,construcció	=	enllaç troncal
area:highway,trunk_link,zona:carretera	=	enllaç troncal
bridge:structure,truss,pont:estructura	=	braguer
loading_gauge,TSI_GA,indicador_de_càrrega TSI_GA
loading_gauge,TSI_GB,indicador_de_càrrega TSI_GB
loading_gauge,TSI_GB1,indicador_de_càrrega TSI_GB1
loading_gauge,TSI_GC,indicador_de_càrrega TSI_GC
structure,tubular,estructura	=	tubular
amenity,tuition,amenitat/servei	=	matrícula
building,tulou,tipus d'edifici	=	tulou
archaeological_site,tumulus,lloc arqueològic	=	túmul
site_type,tumulus,tipus_lloc	=	túmul
tomb,tumulus,tomba	=	túmul
natural,tundra,natural	=	tundra
landform,tundra_polygon,relleu tundra_polygon
car:repair,tuning,reparació de cotxes	=	Afinació
man_made,tunnel,artificial	=	túnel
location,tunnel,localització	=	túnel
seamark:type,tunnel,marca de mar: tipus	=	túnel
type,tunnel,tipus	=	túnel
playground,tunnel_tube,parc infantil	=	tub de tunel
landuse,turbary,ús del sòl	=	turbant
cuisine,turkish,cuina	=	turc
leisure,turkish_bath,temps lliure	=	bany turc
hazard,turn,perill	=	gir
road_marking,turn_dashes,senyalització_carretera girs
craft,turner,artesania	=	torner
seamark:type,turning_basin,marca de mar: tipus	=	lavabo giratori
highway,turning_circle,carretera	=	ràdio de gir
area:highway,turning_circle,zona:carretera	=	ràdio de gir
highway,turning_loop,carretera	=	giro_bucle
waterway,turning_point,camí aquàtic	=	punt de tornada
seamark:restricted_area:restriction,turning_prohibited,seamark:àrea restringida:restricció	=	gir prohibit
type,turnlanes:lengths,tipus	=	carrils de gir: longituds
type,turnlanes:turns,tipus	=	carrils de gir: girs
seamark:buoy_lateral:category,turnoff_left,marca:boia lateral:categoria	=	desviament a l'esquerra
seamark:buoy_lateral:category,turnoff_right,marca:boia lateral:categoria	=	desviament a la dreta
hazard,turns,perill	=	voltes
barrier,turnstile,barrera	=	torniquet
railway,turntable,ferrocarril	=	placa giratòria
office,tutoring,oficina	=	tutoria
addr:county,Tuttlingen,adreça: comtat	=	Tuttlingen
design,two-level,disseny	=	dos nivells
seamark:type,two-way_route,marca de mar: tipus	=	ruta de dos sentits
navigationaid,txc,ajuda a la navegació txc
source:hgv,"TxDOT’s Sign Guidelines and Applications Manual, Chapter 5, Section 6 Truck Routes https://onlinemanuals.txdot.gov/TxDOTOnlineManuals/TxDOTManuals/smk/truck_routes.htm","font:camions Manual de directrius i aplicacions de senyalització de TxDOT, capítol 5, secció 6 Rutes de camions https://onlinemanuals.txdot.gov/TxDOTOnlineManuals/TxDOTManuals/smk/truck_routes.htm"
navigationaid,txe,ajuda a la navegació txe
barrier,tyres,barrera	=	pneumàtics
shop,tyres,botiga	=	pneumàtics
service,tyres,Servei	=	pneumàtics
railway:track_ref,U,ferrocarril:ref_via U
maxspeed,UA:rural,màxima velocitat	=	UA:rural
maxspeed,UA:urban,màxima velocitat	=	AU:urbà
genus,Ulmus,gènere	=	Ulmus
species,Ulmus␣americana,espècies	=	Ulmus_americana
species,Ulmus␣carpinifolia,espècies	=
species,Ulmus␣glabra,espècies	=
species,Ulmus␣minor,espècies	=
species,Ulmus␣parvifolia,espècies	=
species,Ulmus␣pumila,espècies	=
sport,ultimate,esport	=	últim
vending,umbrellas,venda	=	para-sols
construction,unclassified,construcció	=	desclassificat
building,unclassified,tipus d'edifici	=	desclassificat
ferry,unclassified,transportar	=	desclassificat
highway,unclassified,Una carretera sense classificar és una carretera menor que no ha rebut una classificació funcional específica | carretera	=	desclassificat
crossing,uncontrolled,encreuament	=	sense control
level_crossing,uncontrolled,pas a nivell	=	sense control
junction,uncontrolled,unió	=	sense control
building,undefined,tipus d'edifici	=	indefinit
parking,underground,estacionament	=	sota terra
fire_hydrant:type,underground,hidrant_d'incendi: tipus	=	sota terra
location,underground,ubicació	=	sota terra
power,underground_cable,poder	=	cable subterrani
location,underwater,localització	=	submarí
shop,underwear,botiga	=	roba interior
clothes,underwear,roba	=	roba interior
hazard,unexploded_ordnance,perill	=	munició sense explotar
surface,unhewn_cobblestone,superfície	=	llambordes sense tallar
building,unidentified,tipus d'edifici	=	no identificat
clothes,uniforms,roba	=	uniformes
seamark:light:visibility,unintensified,marca:llum:visibilitat	=	no intensificat
office,union,oficina	=	Unió
clothes,unisex,roba	=	unisexe
religion,unitarian_universalist,religió	=	unitari universalista
flag:name,United States,bandera:nom Estats Units
subject,United States,assumpte Estats Units
amenity,university,amenitat/servei	=	Universitat
office,university,oficina	=	Universitat
residential,university,Residencial	=	Universitat
building,university,tipus d'edifici	=	Universitat
operator:type,university,operador:tipus	university
access,unknown,accés	=	desconegut
bicycle,unknown,bicicleta	=	desconegut
crossing,unknown,encreuament	=	desconegut
genus,unknown,gènere	=	desconegut
foot,unknown,peu	=	desconegut
building,unknown,tipus d'edifici	=	desconegut
horse,unknown,cavall desconegut
wheelchair,unknown,"cadira de rodes = falta informació , desconegut"
dog,unleashed,gos	=	deixat anar
source:maxspeed,Unless otherwise posted speed limit 25 MPH in Oklahoma City; OKC code § 32-166.,"font:velocitat màxima Si no s'indica el contrari, el límit de velocitat és de 25 MPH a Oklahoma City; codi OKC § 32-166. font:maxweight https://hub.arcgis.com/datasets/KYTC::kytc-truck-weight-classification/explore"
maxstay,unlimited,estada màxima il·limitada
crossing,unmarked,encreuament	=	no notificat
cycleway,unmarked_lane,carril bici	=	carril_sense_marcar
bus,unofficial,autobús	=	no oficial
surface,unpaved,"Una superfície sense pavimentar està feta de materials naturals com grava, terra o herba, sense paviment artificial | superfície	=	sense pavimentar"
footway:surface,unpaved,vorera:superfície	=
surface,unpaved_minor,superfície	=	sense pavimentar_menor
seamark:light:status,unreliable,seamark:llum:estat	=	no fidedigne
operational_status_quality,unspecified,estat_operatiu_qualitat	=	no especificat
highway,unsurfaced,autopista	=	sense superfície
construction,unsurfaced,construcció	=	sense superfície
heritage:operator,UntereDenkmalbehörde,patrimoni:operador	=	UntereDenkmalbehörde
old_railway_operator,UP,antic operador ferroviari	=	FINS
direction,up,direcció	=	fins
incline,up,inclinació	=	amunt
incline,up/down,inclinació	=	a dalt a baix
craft,upholsterer,artesania	=	tapisser
seamark:light:1:category,upper,seamark:llum:1:categoria	=	Superior
seamark:light:category,upper,seamark:llum:categoria	=	Superior
seamark:topmark:shape,upright_cross,marca de mar:marca de topall:forma	=	creu vertical
seamark:topmark:shape,upright-cross,marca de mar:marca de topall:forma	=	creu vertical
seamark:light:character,UQ,marca:llum:personatge	=	UQ
bus,urban,autobús	=	urbà
denotation,urban,denotació	=	urbà
boundary,urban,Límit	=	urbà
passenger,urban,passatger	=	urbà
residential,urban,Residencial	=	urbà
traffic,urban,trànsit	=	urbà
HFCS,Urban Collector,Col·lector urbà HFCS
HFCS,Urban Minor Arterial,Arterial menor HFCS
HFCS,Urban Principal Arterial,Arterial principal urbana HFCS
HFCS,Urban Principal Arterial - Other,Arterial principal urbana - Altres
HFCS,Urban␣Collector,JMAF	=	Urban_Col·leccionista
HFCS,Urban␣Minor␣Arterial,JMAF	=	Urbà_Menor_Arterial
HFCS,Urban␣Principal␣Arterial,JMAF	=	Urbà_Principal_Arterial
HFCS,Urban␣Principal␣Arterial␣-␣Other,JMAF	=	Urbà_Principal_Arterial_-_Un altre
healthcare:speciality,urology,sanitat:especialitat	=
cycle_network,US,xarxa de bicicletes	=	NOSALTRES
country,US,país EUA
ref,US 1,referència US 1
source:population,US Census,font: població Cens dels EUA
cycle_network,US:CA:SF,xarxa de bicicletes	=	EUA: CA: SF
cycle_network,US:GA,xarxa de bicicletes	=	EUA: Geòrgia
cycle_network,US:LA:NO,xarxa de bicicletes	=	EUA: LA: NO
traffic_sign,US:MD:M1-5,senyal de trànsit	=	EUA: Doctor en Medicina: M1-5
cycle_network,US:NC,xarxa de bicicletes	=	EUA: Carolina del Nord
cycle_network,US:NM,xarxa de bicicletes	=	EUA: NM
cycle_network,US:NY,xarxa de bicicletes	=	EUA: Nova York
cycle_network,US:OH,xarxa de bicicletes	=	EUA: OH
cycle_network,US:PA,xarxa de bicicletes	=	EUA: Pennsilvània
traffic_sign,US:R1-1,senyal de trànsit EUA:R1-1
cycle_network,US:US,xarxa de bicicletes	=	EUA: EUA.
cycle_network,US:USA,xarxa de bicicletes	=	EUA: EUA.
access,use_sidepath,accés	=	utilitzar camí lateral
bicycle,use_sidepath,bicicleta	=	use_sidepath
bicycle:backward,use_sidepath,bicicleta: al revés	=	utilitzar camí lateral
bicycle:forward,use_sidepath,bicicleta: endavant	=	utilitzar camí lateral
moped,use_sidepath,ciclomotor	=	use_sidepath
mofa,use_sidepath,mofa	=	use_sidepath
foot,use_sidepath,peu	=	use_sidepath
operator:short,USGS,operador:curt	USGS
short_name,USPS,nom curt	=	USPS
operator:short,USPS,operador:curt	USPS
service,utility,Servei	=	utilitat
building,utility,tipus d'edifici	=	utilitat
man_made,utility_pole,artificial	=	pal d'electricitat
LINZ:source_version,V16,LINZ:versió_font	=	V16
railway,vacancy_detection,ferrocarril	=	vacancy_detection
shop,vacant,botiga	=	vacant
healthcare:speciality,vaccination,sanitat:especialitat	=	vacunació
healthcare,vaccination_centre,cura de la salut	=	centre de vacunació
genus,Vaccinium,gènere	=	vaccini
genus,Vachellia,gènere	=	Vachelia
amenity,vacuum_cleaner,amenitat/servei	=	aspiradora
shop,vacuum_cleaner,botiga	=	aspiradora
object:city,Valdivia,objecte:ciutat	=	Valdivia
natural,valley,natural	=	Vall
pipeline,valve,canonada	=	vàlvula
inlet,valve,entrada	=	vàlvula
outlet,valve,presa de corrent	=	vàlvula
access,variable,accés	=	variable
traffic_sign,variable_message,senyal de trànsit	=	missatge variable
shop,variety_store,botiga	=	Botiga de varietats
healthcare:speciality,vascular_surgery,sanitat:especialitat	=
navigationaid,vasi,Ajuda a la navegació	=	Vasi
tomb,vault,tomba	=	volta
network:short,VBB,xarxa: VBB curt
geobase:acquisitionTechnique,Vector Data,geobase: adquisició tècnica de dades vectorials
crop,vegetable,cultiu	=	vegetal
crop,vegetables,cultiu	=	vegetals
wholesale,vegetables,majorista	=	verdures
seamark:type,vegetation,marca de mar: tipus	=	vegetació
historic,vehicle,històric	=	vehicle
memorial,vehicle,monument	=	vehicle
amenity,vehicle_inspection,amenitat/servei	=	Inspeccio de vehicle
amenity,vehicle_ramp,amenitat/servei	=	rampa per a vehicles
seamark:type,vehicle_transfer,marca de mar: tipus	=	transferència de vehicle
shop,vehicles,botiga	=	vehicles
amenity,vending_machine,amenitat/servei	=	màquina expenedora
healthcare:speciality,venereology,sanitat:especialitat	=
historic,venta,històric	=	venda
man_made,ventilation_shaft,artificial	=	ducte de ventilació
railway,ventilation_shaft,ferrocarril	=	ducte de ventilació
site,venue,lloc	=	esdeveniment
building,veranda,tipus d'edifici	=	veranda
seamark:buoy_safe_water:colour_pattern,vertical,marca de mar: boia d'aigua segura: patró de color	=	vertical
seamark:buoy_special_purpose:colour_pattern,vertical,marca de mar: boia propòsit especial: patró de color	=	vertical
seamark:topmark:colour_pattern,vertical,marca de mar: marca de topall: patró de color	=	vertical
survey_point:purpose,vertical,punt d'enquesta: propòsit	=	vertical
seamark:beacon_safe_water:colour_pattern,vertical,seamark:beaamb aigua segura:patró de color	=	vertical
generator:type,vertical_axis,generador: tipus	=	eix vertical
smoothness,very_bad,suavitat	=	molt malament
smoothness,very_horrible,suavitat	=	molt horrible
standing,very_low,de peu	=	molt baix
manufacturer,Vestas,fabricant	=	Vesta
club,veterans,club	=	veterans
amenity,veterinary,amenitat/servei	=	veterinari
amenity,veterinary_pharmacy,amenitat/servei	=	farmàcia veterinària
highway,via_ferrata,autopista	=	via_ferrata
railway,viaduct,ferrocarril	=	viaducte
bridge,viaduct,pont	=	viaducte
source:ref,Vialidad,font: referència	=	Vialitat
boundary,vice_county,Límit	=	vice comtat
source:name,Vicmap.Transport:services.land.vic.gov.au,font:nom ZBGIS
shop,video,botiga	=	vídeo
studio,video,estudi	=	vídeo
leisure,video_arcade,temps lliure	=	sala de videojocs
shop,video_games,botiga	=	videojocs
man_made,video_wall,fet per l'home	=	paret de vídeo
cuisine,vietnamese,cuina	=	vietnamita
tourism,viewpoint,turisme	=	punt de vista
product,viez,producte	=	mira
fountain,viktorija_zdenac,font	=	viktorija zdenac
building:place,village,edifici:lloc	=	llogaret
place,village,lloc	=	llogaret
place:CN,village,lloc:CN	=	llogaret
type,Village,tipus	=	Poble
landuse,village_green,ús del sòl	=	llogaret_verd
community_centre,village_hall,centre_comunitari ajuntament_del_poble
leisure,village_swing,temps lliure	=	gronxador del poble
landuse,vineyard,ús del sòl	=	vinya
clothes,vintage,roba	=	antic
seamark:light:colour,violet,marca:llum:color	=	Violeta
woodland,virgin,bosc	=	verge
statue,virgin,estàtua	=	verge
seamark:type,virtual_aton,marca de mar: tipus	=	atò virtual
office,visa,oficina	=	visa
mooring,visitor,amarrador	=	visitant
seamark:small_craft_facility:category,visitor_berth,seamark:instal·lació per a embarcacions petites:categoria	=	amarratge per a visitants
information,visitor_centre,informació	=	centre de Visitants
amenity,vivarium,amenitat/servei	=	viver
geological,volcanic_caldera,geològic	=	caldera volcànica
geological,volcanic_caldera_rim,geològic	=	vora de la caldera volcànica
geological,volcanic_geyser,geològic	=	guèiser volcànic
geological,volcanic_lava_channel,geològic	=	canal de lava volcànica
geological,volcanic_lava_field,geològic	=	camp de lava volcànica
geological,volcanic_lava_tube,geològic	=	tub de lava volcànica
geological,volcanic_vent,geològic	=	respirador volcànic
natural,volcano,natural	=	volcà
sport,volleyball,esport	=	vòleibol
compensator,voltage_regulator,compensador	=	regulador de voltatge
religion,voodoo,religió	=	vudú
beacon:type,VOR,balisa: tipus	=	VOR
addr:municipality,Vordingborg,adreça: municipi	=	Vordingborg
seamark:light:character,VQ,marca:llum:personatge	=	VQ
seamark:light:character,VQ+LFl,marca:llum:personatge	=	VQ+LFl
network:short,VRN,xarxa: VRN curt
naptan:Bearing,W,naptà: Tenint	=	W
direction,W,direcció O
GNS:dsg_code,WAD,GNS: codi_dsg	=	TACO
waterway,wadi,camí aquàtic	=	llera
GNS:dsg_name,wadi,GNS:nom_dsg	=	llera
cuisine,waffle,cuina	=	gofre
sport,wakeboarding,esport	=	wakeboard
maxspeed,walk,màxima velocitat	=	caminar
barrier,wall,barrera	=	paret
fire_hydrant:type,wall,boca d'incendis: tipus	=	paret
camera:mount,wall,càmera: muntatge	=	paret
historic,wall,històric	=	paret
indoor,wall,interior	=	paret
seamark:type,wall,marca de mar: tipus	=	paret
seamark:mooring:category,wall,marca:amarre:categoria	=	paret
lamp_mount,wall,muntatge_de_lampada	=	paret
post_box:type,wall,post_box: tipus	=	paret
support,wall,suport	=	paret
building,wall,tipus d'edifici	=	paret
bicycle_parking,wall_loops,Pàrquing de bicicletes	=	bucles_de_pared
support,wall_mounted,=	muntat a la paret
advertising,wall_painting,publicitat	=	pintura mural
fountain,wallace,font	=	Wallace
natural,wallow,natural	=	rebolcar-se per
damage:event,war,dany:esdeveniment	=	guerra
damage:type,war,tipus de dany	=	guerra
cemetery,war_cemetery,cementiri	=	cementiri de guerra
tomb,war_grave,tomba	=	tomba de guerra
memorial,war_memorial,monument	=	memorial_de_la_guerra
industrial,warehouse,industrial	=	dipòsit
building,warehouse,tipus d'edifici	=	dipòsit
seamark:beacon_special_purpose:category,warning,seamark:beaamb propòsit especial:categoria	=	advertiment
seamark:buoy_special_purpose:category,warning,seamark:boia propòsit especial:categoria	=	advertiment
railway,wash,ferrocarril	=	rentar
amenity,washing_machine,amenitat/servei	=	rentadora
genus,Washingtonia,gènere	=	Washingtonia
species,Washingtonia␣filifera,espècies	=	Washingtonia_filifera
species,Washingtonia␣robusta,espècies	=	Washingtonia_robusta
hazard,washout,perill	=	rentat
power_source,waste,font d'alimentació	=	desaprofitar
generator:source,waste,generador:font	=	desaprofitar
plant:source,waste,planta:font	=	desaprofitar
utility,waste,utilitat	=	desaprofitar
amenity,waste_basket,amenitat/servei	=	paperera
boundary,waste_collection,Límit	=	col·lecció d'escombraries
amenity,waste_disposal,amenitat/servei	=	dipòsit d'escombraries
amenity,waste_dump_site,amenitat/servei	=	lloc_de_abocador_de_residus
amenity,waste_transfer_station,amenitat/servei	=	estació_de_transferència_de_residus
landuse,wasteland,ús del sòl	=	erm
water,wastewater,aigua	=	aigües residuals
content,wastewater,contingut	=	aigües residuals
substance,wastewater,substància	=	aigües residuals
man_made,wastewater_basin,fet per l'home	=	conca d'aigües residuals
man_made,wastewater_plant,artificial	=	planta_d'aigües_residuals
shop,watches,botiga	=	rellotges
craft,watchmaker,artesania	=	rellotger
tower:type,watchtower,torre:tipus	=	torre de vigilància
addr:type,water,adreça: tipus	=	aigua
amenity,water,amenitat/servei	=	aigua
shop,water,botiga	=	aigua
landcover,water,coberta terrestre	=	aigua
content,water,contingut	=	aigua
seamark:small_craft_facility:category,water,seamark:instal·lació per a embarcacions petites:categoria	=	aigua
substance,water,substància	=	aigua
type,water,tipus	=	aigua
natural,water,"Un cos d'aigua és qualsevol acumulació significativa d'aigua, com un llac, riu, rierol o oceà | natural	=	aigua"
utility,water,utilitat	=	aigua
vending,water,venda	=	aigua
man_made,water_canal,artificial	=	canal_d'aigua
railway,water_crane,ferrocarril	=	grua d'aigua
golf,water_hazard,golf	=	obstacle d'aigua
leisure,water_park,lleure	=	parc aquàtic
amenity,water_point,amenitat/servei	=	punt_d'aigua
waterway,water_point,camí aquàtic	=	punt d'aigua
sport,water_polo,esport	=	Pol aquàtic
boundary,water_protection_area,Límit	=	àrea de protecció de l'aigua
basin,water_regeneration,conca	=	regeneració d'aigua
emergency,water_rescue_station,emergència	=	estació de rescat d'aigua
sport,water_ski,esport	=	esquí aquàtic
attraction,water_slide,atracció	=	tobogan
shop,water_sports,botiga	=	Esports aquàtics
sport,water_sports,esport	=	Esports aquàtics
reservoir_type,water_storage,tipus_dipòsit	=	emmagatzematge d'aigua
man_made,water_tank,artificial	=	dipòsit d'aigua
emergency,water_tank,emergència	=	dipòsit d'aigua
man_made,water_tap,artificial	=	aixeta d'aigua
seamark:small_craft_facility:category,water_tap,seamark:instal·lació per a embarcacions petites:categoria	=	aixeta d'aigua
man_made,water_tower,artificial	=	Torre d'aigua
railway,water_tower,ferrocarril	=	Torre d'aigua
building,water_tower,tipus d'edifici	=	Torre d'aigua
seamark:type,water_turbulence,marca de mar: tipus	=	turbulència de l'aigua
office,water_utility,oficina	=	servei d'aigua
man_made,water_well,artificial	=	Pou
craft,water_well_drilling,artesania	=	perforació de pous daigua
man_made,water_works,artificial	=	proveïment
generator:method,water-pumped-storage,generador: mètode	=	emmagatzematge per bombament d'aigua
plant:method,water-pumped-storage,planta:mètode	=	emmagatzematge per bombament d'aigua
generator:method,water-storage,generador: mètode	=	emmagatzematge d'aigua
plant:method,water-storage,planta:mètode	=	emmagatzematge d'aigua
waterway,waterfall,camí aquàtic	=	cascada
amenity,watering_place,amenitat/servei	=	Lloc de reg
man_made,watermill,artificial	=	molí d'aigua
type,watershed,tipus	=	conca
substance,waterwaste,substància	=	malbaratament d'aigua
man_made,waterway,artificial	=	camí aquàtic
route,waterway,ruta	=	camí aquàtic
type,waterway,tipus	=	camí aquàtic
seamark:type,waterway_gauge,marca de mar: tipus	=	calibre de la via fluvial
seamark:beacon_lateral:category,waterway_left,marca:balisa lateral:categoria	=	canal esquerre
seamark:buoy_lateral:category,waterway_left,marca:boia lateral:categoria	=	canal esquerre
seamark:beacon_lateral:category,waterway_right,marca:balisa lateral:categoria	=	canal dret
seamark:buoy_lateral:category,waterway_right,marca:boia lateral:categoria	=	canal dret
seamark:buoy_lateral:category,waterway_separation,marca:boia lateral:categoria	=	separació de vies fluvials
building:material,wattle_and_daub,material de construcció	=	acàcies i fang
generator:source,wave,generador:font	=	onada
beauty,waxing,bellesa	=	cera
osm_type,way,tipus_osm	=	camí
historic,wayside_chapel,històric	=	capella_del_camí
historic,wayside_cross,històric	=	wayside_cross
historic,wayside_shrine,històric	=	santuari_del_camí
building,wayside_shrine,tipus d'edifici	=	santuari_del_camí
LINZ2OSM:layer,wcc_buildings,LINZ2OSM: capa	=	wcc_edificis
shop,weapons,botiga	=	armes
signal_station,weather,estació de senyals	=	clima
shelter_type,weather_shelter,refugi_tipus	=	refugi_del_temps
craft,weaver,artesania	=	teixidor
nhd:fdate,Wed␣Sep␣26␣00:00:00␣PDT␣2007,nhd:data	=	dimecres✣setembre_26_00:00:00_PDT_2007
clothes,wedding,roba	=	casament
office,wedding_planner,oficina	=	planificador del casament
barrier,wedge,barrera	=	falca
seamark:type,weed,marca de mar: tipus	=	herba
amenity,weighbridge,amenitat/servei	=	bàscula de pont
healthcare:speciality,weight_loss,especialitat:de_salut	=	pèrdua de pes
sport,weightlifting,esport	=	aixecament de peses
waterway,weir,camí aquàtic	=	presa
board_type,welcome_sign,tipus_tauler senyal de benvinguda
craft,welder,artesania	=	soldador
man_made,well,fet per l'home	=	bé
megalith_type,well,tipus de megàlit	=	bé
landuse,well,ús del sòl	=	bé
industrial,well_cluster,industrial	=	grup de pous
shop,wellness,botiga	=	benestar
leisure,wellness,temps lliure	=	benestar
industrial,wellsite,industrial	=	pou
landuse,wellsite,ús del sòl	=	pou
seamark:buoy_cardinal:category,west,marca:boia cardenal:categoria	=	Oest
addr:street:prefix,West,adreça:carrer:prefix Oest
name:prefix,West,nom:prefix Oest
operator:en,West Japan Railway Company,operador:en	West Japan ferrocarril Company
operator:en,West␣Japan␣Railway␣Company,operador:ca	=	West_Japan_Railway_Company
operator:old,Western Power Distribution,operador:old	Western Power Distribution
addr:district:en,Western␣Al␣Omraneya,adreça:districte:ca	=	Occidental_Al_Omraneia
operator:old,Western␣Power␣Distribution,operador:vell	=	Distribució_de_Energia_Occidental
pillar:type,wet_barrel,pilar: tipus	=	barril_mull
wetland,wet_meadow,aiguamoll	=	prat_mull
emergency,wet_riser,emergència	=	elevador humit
seasonal,wet_season,estacional	=	temporada humida
natural,wetland,natural	=	aiguamoll
shelter_type,Wetterpilz,tipus de refugi	=	Wetterpilz
crop,wheat,cultiu	=	blat
handle,wheel,manejar	=	roda
amenity,whirlpool,amenitat/servei	=	remolí
distillery,whisky,destil·leria	=	whisky
seamark:fog_signal:category,whistle,seamark: senyal de boira: categoria	=	xiular
colour,white,color	=	blanc
light:colour,white,color clar	=	blanc
colour:back,white,color:esquena	=	blanc
colour:arrow,white,color:fletxa	=	blanc
colour:text,white,color:text	=	blanc
building:colour,white,edifici:color	=	blanc
seamark:topmark:colour,white,marca de mar:marca de topall:color	=	blanc
seamark:light:colour,white,marca:llum:color	=	blanc
ref:colour_tx,white,ref:color_tx	=	blanc
seamark:beacon_special_purpose:colour,white,seamark:beaamb propòsit especial:color	=	blanc
seamark:buoy_special_purpose:colour,white,seamark:boia propòsit especial:color	=	blanc
seamark:topmark:colour,white;black;white,marca de mar:marca de topall:color	=	blanc;negre;blanc
seamark:topmark:colour,white;green,marca de mar:marca de topall:color	=	blanc verd
shop,wholesale,botiga	=	venda a l'engròs (majorista)
landuse,wholesale,ús del sòl	=	venda a l'engròs
barrier,wicket_gate,barrera	=	Portell
shop,wigs,botiga	=	perruques
source:population,wikipedia,font: població wikipedia
tourism,wilderness_hut,turisme	=	refugi no atés amb foc
board_type,wildlife,tipus_tauler fauna
man_made,wildlife_crossing,artificial	=	vida silvestre_creuant
leisure,wildlife_hide,temps lliure	=	amagatall de vida silvestre
shelter_type,wildlife_hide,tipus de refugi	=	amagatall de vida silvestre
man_made,wildlife_opening,fet per l'home	=	obertura de vida silvestre
zoo,wildlife_park,zoo	=	parc de vida silvestre
power_source,wind,font d'alimentació	=	vent
generator:source,wind,generador:font	=	vent
plant:source,wind,planta:font	=	vent
site,wind_farm,lloc	=	Granja eòlica
generator:method,wind_turbine,generador: mètode	=	turbina eòlica
animated,winding_posters,animat	=	debanat pòsters
man_made,windmill,artificial	=	molí
seamark:landmark:category,windmill,marca:punt de referència:categoria	=	molí
landmark,windmill,punt de referència	=	molí
building,windmill,tipus d'edifici	=	molí
seamark:landmark:category,windmotor,marca:punt de referència:categoria	=	motor de vent
landmark,windmotor,punt de referència	=	motor de vent
shop,window,botiga	=	finestra
building,window,tipus d'edifici	=	finestra
shop,window_blind,botiga	=	persiana de la finestra
craft,window_construction,artesania	=	finestra_construccion
shop,window_tinting,botiga	=	tintat de finestres
shop,windows,botiga	=	finestres
man_made,windpump,artificial	=	aerobomba
seamark:landmark:category,windsock,marca:punt de referència:categoria	=	màniga de vent
landmark,windsock,punt de referència	=	màniga de vent
aeroway,windsock,via aèria	=	màniga de vent
sport,windsurfing,esport	=	windsurf
shop,wine,botiga	=	vi
content,wine,contingut	=	vi
tourism,wine_cellar,turisme	=	celler
crop,WINE␣GRAPES,cultiu	=	VI_RAÏMS
amenity,winery,amenitat/servei	=	lagar
craft,winery,artesania	=	lagar
shop,winery,botiga	=	lagar
industrial,winery,industrial	=	lagar
cuisine,wings,cuina	=	ales
seasonal,winter,estacional	=	hivern
landuse,winter_sport,ús del sòl	=	esport d'hivern
landuse,winter_sports,ús del sòl	=	Esports d´hivern
species:de,Winter-Linde,espècie: de Linde hivernal
fence_type,wire,=	cable
support,wire,suport	=	cable
barrier,wire_fence,barrera	=	a prop de filferro
internet_access,wired,accés a Internet	=	cablejat
NHD:FLOWDIR,With Digitized,NHD:FLOWDIR	With Digitized
NHD:FLOWDIR,With␣Digitized,NHD:FLUIX DIR	=	Amb_Digitalitzat
seamark:beacon_lateral:shape,withy,marca:balisa lateral:forma	=	amb
internet_access,wlan,accés a Internet	=	wifi
clothes,women,roba	=	dones
clothes,women;men,roba	=	dones Homes
clothes,women;men;children,roba	=	dones;homes;nens
fence_type,wood,=	fusta
trade,wood,comerç	=	fusta
wholesale,wood,majorista	=	fusta
material,wood,material	=	fusta
building:material,wood,material de construcció	=	fusta
floor:material,wood,pis: material	=	fusta
roof:material,wood,sostre: material	=	fusta
surface,wood,superfície	=	fusta
natural,wood,"Un bosc és una zona forestal coberta d'arbres i vegetació llenyosa, típicament més gran qu'una arbreda | natural	=	fusta"
landuse,wood,ús del sòl	=	fusta
landuse,wood_(Don't_use),ús del sòl	=	fusta (no fer servir)
barrier,wood_fence,barrera	=	tanca de fusta
material,wood;metal,material	=	fusta;metall
surface,woodchips,superfície	=	estelles de fusta
massgis:IT_VALDESC,WOODED SWAMP DECIDUOUS,massgis:IT_VALDESC PANTÀ BROSSAT CADUQUIL
shop,wool,botiga	=	llana
man_made,works,artificial	=	obres
amenity,workshop,amenitat/servei	=	taller
railway,workshop,ferrocarril	=	taller
social_facility,workshop,instal·lacions_socials	=	taller
route,worship,ruta	=	Adoració
historic,wreck,històric	=	naufragi
seamark:type,wreck,marca de mar:tipus	=	naufragi
sport,wrestling,esport	=	lluita
railway:signal:traversable:type,written_default_speed;dictated_default_speed,ferrocarril:senyal:transversable:tipus velocitat_per_default_escrita; velocitat_per_default_dictada
source:building,WroclawGIS,font:edifici	=	WroclawGIS
massgis:IT_VALC,WS1,massgis:IT_VALC WS1
network:short,WT,xarxa: WT curt
source:ref,www.ssc.sk,font: referència	=	www.ssc.sk
radar_transponder:band,X,transponedor de radar: banda	=	X
seamark:topmark:shape,x-shape,marca de mar:marca de topall:forma	=	en forma de x
species,x␣carnea,espècies	=	x_carnea
species,x␣europaea,espècies	=	x_europaea
species,x␣hispanica,espècies	=	x_hispana
start_date,xxxx,data d'inici	=	xxxx
building,Y,tipus d'edifici	=	I
junction,y_junction,unió	=	unió_i
harbour:category,yacht,port:categoria	=	iot
amenity,yacht_club,amenitat/servei	=	Club de iot
railway,yard,ferrocarril	=	iarda
service,yard,Servei	=	iarda
religion,yazidi,religió	=	yazidi
colour,yellow,color	=	groc
colour:back,yellow,color:esquena	=	groc
building:colour,yellow,edifici:color	=	groc
seamark:topmark:colour,yellow,marca de mar:marca de topall:color	=	groc
seamark:light:colour,yellow,marca:llum:color	=	groc
seamark:beacon_special_purpose:colour,yellow,seamark:beaamb propòsit especial:color	=	groc
seamark:buoy_special_purpose:colour,yellow,seamark:boia propòsit especial:color	=	groc
crossing:markings:colour,yellow,encreuament:marques:color groc
ref:colour,yellow,ref:color groc
road_marking,yellow_divider,senyalització_carretera divisor_groc
seamark:buoy_cardinal:colour,yellow;black,marca:boia cardenal:color	=	groc; negre
seamark:beacon_cardinal:colour,yellow;black,seamark:balisa cardenal:color	=	groc; negre
seamark:buoy_cardinal:colour,yellow;black;yellow,marca:boia cardenal:color	=	groc;negre;groc
seamark:beacon_cardinal:colour,yellow;black;yellow,seamark:balisa cardenal:color	=	groc;negre;groc
osmc:symbol,yellow::yellow_diamond,osmc:símbol	=	groc::diamant_groc
osmc:symbol,yellow:white:yellow_diamond,osmc:symbol	yellow:white:yellow_diamond
wheelchair,,cadira de rodes =  Activar sí/no
highway,yield,autopista	=	produir
sport,yoga,esport	=	ioga
age,young,anys	=	jove
wood:age,young,fusta: edat	=	jove
club,youth,club	=	joventut
playground,youth_bench,parc infantil	=	banc juvenil
amenity,youth_centre,amenitat/servei	=	Centre juvenil
community_centre,youth_centre,centre Comunitari	=	Centre juvenil
club,youth_movement,club	=	Moviment juvenil
government,youth_welfare_department,govern	=	departament de benestar juvenil
source:name,ZBGIS,font:nom:br oficines públiques de Queensland
road_marking,zebra,senyalització_carretera zebra
crossing_ref,zebra,cruce_ref	=	zebra
crossing,zebra,encreuament	=	zebra
crossing:markings,zebra,encreuament:marques	=	zebra
crossing:markings,zebra:bicolour,creuament:marques zebra:bicolor
crossing:markings,zebra:paired,encreuament:marques zebra:parellat
genus,Zelkova,gènere	=	Zelkova
species,Zelkova␣serrata,espècies	=	Zelkova_serrata
content,zement,contingut	=	zement
roof:material,zink,sostre: material	=	zinc
aerialway,zip_line,via aèria	=	tirolesa
playground,zipwire,parc infantil	=	tirolina
tourism,zoo,turisme	=	zoo
religion,zoroastrian,religió	=	zoroastrià
generator:type,zuppinger_water_wheel,generador: tipus	=	roda d'aigua zuppinger
sport,zurkhaneh_sport,esport	=	esport zurkhaneh
source:population,Белстат,font: població Белстат
name:prefix,вёска,nom:prefix вёска
name:prefix:be,вёска,nom:prefix:be вёска
access:citizenship,двухбуквенный_код_страны_по_ISO-3166-1,accés:ciutadania	=	двухбуквенный код страны ISO-3166-1
name:prefix:ru,деревня,nom:prefix:ru деревня
source:addr,ЕГРН,font: direcció	=
fire_hydrant:diameter,К-150,hidrant d'incendi: diàmetre К-150
name:ru,Пятёрочка,nom: ru Пятёрочка
status,река,estat река
name:prefix,село,nom:prefix село
source:position,Спутниковые снимки Esri,font: posició Imatges de correu electrònic d'Esri
name:prefix:ru,урочище,nom:prefix:ru урочище
name:prefix,урочышча,nom:prefix урочышча
name:prefix:be,урочышча,nom:prefix:be урочышча
description,Цей ліхтар нанесено згідно даних Рівненської топокарти в листопаді 2021 року,descripció Цей ліхтар нанесено згідно даних Рівненської топокарти в листопаді 2021 року
name:uk,Центральна вулиця,nom:uk Центральна вулиця
name:ru,Центральная улица,nom:ru Центральная улица
addr:place,المجاورة 1,adreça:place المجاورة 1
addr:city:ar,الــوادي,adreça:ciutat:ar الــوادي
network:ko,경기도 시내버스,xarxa:ko 경기도 시내버스
ncat,광역시도로,ncat 광역시도로
ncat,국도,ncat 국도
ncat,지방도,ncat 지방도
brand:ja,セブン-イレブン,marca:ja (en japonès)= *
name:ja,セブン-イレブン,nom: ja セブン-イレブン
yh:TYPE,その他一般道,yh:tipus	その他一般道
network:ja,ハローサイクリング,xarxa: ja ハローサイクリング
name:ja,ファミリーマート,nom: ja ファミリーマート
yh:TYPE,一般都道府県道,yh:tipus	一般都道府県道
addr:hamlet,三和里,adreça:poble 三和里
fire_hydrant:description,五角型開關,fire_hydrant:descripció 五角型開關
yh:TOTYUMONO,供用中,yh:TOTYUMONO	供用中
KSJ2:PRC_label,北海道,KSJ2:PRC_label 北海道
note:ja,国土数値情報（公共施設データ）平成19年　国土交通省,note:ja	国土数値情報（公共施設データ）平成19年　国土交通省
source:ja,国土数値情報（森林地域データ）平成18年　国土交通省,font:ja 国土数値情報（森林地域データ）平成18年　国土交通省
note:ja,国土数値情報(河川データ)平成18年国土交通省,note:ja	国土数値情報(河川データ)平成18年国土交通省
note:ja,国土数値情報(河川データ)平成21年度 国土交通省,note:ja	国土数値情報(河川データ)平成21年度 国土交通省
note:ja,国土数値情報（湖沼データ）平成17年　国土交通省,note:ja	国土数値情報（湖沼データ）平成17年　国土交通省
note:ja,国土数値情報（鉄道データ）平成19年　国土交通省,note:ja	国土数値情報（鉄道データ）平成19年　国土交通省
operator:zh,国家电网,operador:zh	国家电网
yh:STRUCTURE,地上,yh:STRUCTURE	地上
fire_hydrant:type:zh,地下式消防栓,fire_hydrant:tipus:zh 地下式消防栓
KSJ2:PubFacAdmin,市区町村,KSJ2:PubFacAdmin 市区町村
KSJ2:ODC,数値地図25000空間データ基盤,KSJ2:ODC 数値地図25000空間データ基盤
KSJ2:ODC,数値地図25000空間データ基盤;管内図（縮尺＜＝50000）,KSJ2:ODC 数値地図25000空間データ基盤;管内図（縮尺＜＝50000）
operator:ja,日本郵便,operador:ja	日本郵便
operator:ja,東日本旅客鉄道,operador:ja	東日本旅客鉄道
operator:ja,東海旅客鉄道,operador:ja	東海旅客鉄道
KSJ2:DFC_label,森林地域,KSJ2:DFC_label 森林地域
yh:TYPE,構内道路,yh:tipus	構内道路
yh:STRUCTURE,橋,yh:STRUCTURE	橋
addr:street,民生路,adreça:carrer 民生路
KSJ2:PubFacAdmin,民間,KSJ2:PubFacAdmin 民間
yh:TYPE,海岸線,yh:tipus	海岸線
KSJ2:ODC,管内図（縮尺＜＝50000）,KSJ2: ODC 管内図（縮尺＜＝50000）
operator:ja,西日本旅客鉄道,operador:ja	西日本旅客鉄道
yh:STRUCTURE,通常水涯線,yh:STRUCTURE	通常水涯線
operator:short,郵便局,operador:curt	郵便局
operator:short:ja,郵便局,operador:curt:ja	郵便局
addr:district,龜山區,adreça:districte 龜山區
recycling:clothes,,reciclatge:roba (Roba amiga)  = Activar sí/no
